Date,Time,Location,City,State,Weather (2&3),Road Surface (6),Traffic Control Device (4),Intersection Type (7),Traffic Way Desc (8),Collision Manner (11),# of Involved Vehicles,Vehicle1 Configuration (21),Driver1 Contrib Code1 (25),Driver1 Contrib Code2 (25),Vehicle2 Configuration (21),Driver2 Contrib Code1 (25),Driver2 Contrib Code2 (25),Vehicle3 Configuration (21),Driver3 Contrib Code1 (25),Driver3 Contrib Code2 (25),Vehicle4 Configuration (21),Driver4 Contrib Code1 (25),Driver4 Contrib Code2 (25),Vehicle5 Configuration (21),Driver5 Contrib Code1 (25),Driver5 Contrib Code2 (25),Vehicle6 Configuration (21),Driver6 Contrib Code1 (25),Driver6 Contrib Code2 (25),Vehicle7 Configuration (21),Driver7 Contrib Code1 (25),Driver7 Contrib Code2 (25),Bicycle,Pedestrian,Non-MV,Non-Motorist Location (16),Non-Motorist Action (15),Non-Motorist Type,Manner of Non-Motorist (Person) Collision,Injury,Multiple,Gender1,Age1,Severity1,Hospital1,Gender2,Age2,Severity2,Hospital2,Gender3,Age3,Severity3,Hospital3,Gender4,Age4,Severity4,Hospital4,Gender5,Age5,Severity5,Hospital5,City Vehicle?,Notes
11/1/2017,9:25,Broadway & Burnham St,Somerville,MA,2,1,2,3,1,3,2,1,1,,1,4,,,,,,,,,,,,,,,,,0,0,0,,,,,0,,,,,,,,,,,,,,,,,,,,,,0,
10/31/2017,21:53,Broadway & Hinckley St,Somerville,MA,1,1,1,3,3,2,2,2,99,,1,2,,,,,,,,,,,,,,,,,0,0,0,,,,,1,2,1,21,3,0,0,20,3,0,,,,,,,,,,,,,0,
10/31/2017,15:07,290 Somerville Ave,Somerville,MA,1,1,3,1,1,3,2,8,99,,2,99,,,,,,,,,,,,,,,,,0,0,0,,,,,0,,,,,,,,,,,,,,,,,,,,,,0,V1 pulled into traffic from parking spot in front of 290 Somerville Ave and V2 struck trailer of V1
10/30/2017,6:50,Highland Ave & Grove St,Somerville,MA,"3,2",2,1,2,4,3,2,2,99,,1,99,,,,,,,,,,,,,,,,,0,0,0,,,,,0,,,,,,,,,,,,,,,,,,,,,,0,
10/30/2017,2:54,Union Sq & Stone Ave,Somerville,MA,"2,3",2,1,3,2,1,1,2,18,11,,,,,,,,,,,,,,,,,,,0,0,1,,,cement pillar,,0,,,,,,,,,,,,,,,,,,,,,,0,V1 (Union Sq WB) struck cement pillar at corner of Stone Ave and Union Sq
10/28/2017,8:29,202 Powder House Blvd,Somerville,MA,1,1,1,1,1,4,2,13,6,,1,1,,,,,,,,,,,,,,,,,0,0,0,,,,,0,,,,,,,,,,,,,,,,,,,,,,0,
10/28/2017,7:40,Pearl St & Walnut St,Somerville,MA,"1,97",97,3,3,99,6,2,1,1,,1,4,,,,,,,,,,,,,,,,,0,0,0,,,,,0,,,,,,,,,,,,,,,,,,,,,,0,
10/27/2017,9:20,452 Broadway,Somerville,MA,1,1,1,1,1,1,1,1,13,,,,,,,,,,,,,,,,,,,,1,0,0,4,2,,3,1,,1,36,3,0,,,,,,,,,,,,,,,,,0,
10/26/2017,20:21,702 Grand Union Blvd,Somerville,MA,"3,2",2,2,3,2,3,2,1,99,,1,99,,,,,,,,,,,,,,,,,0,0,0,,,,,0,,,,,,,,,,,,,,,,,,,,,,0,
10/25/2017,19:49,Endicott Ave & Broadway,Somerville,MA,3,2,1,3,1,6,2,2,1,,1,1,,,,,,,,,,,,,,,,,0,0,0,,,,,0,2,1,26,4,0,1,26,4,0,,,,,,,,,,,,,0,
10/24/2017,16:30,Broadway & Clarendon Ave,Somerville,MA,"2,3",2,1,3,1,3,2,2,1,,15,19,,,,,,,,,,,,,,,,,0,0,0,,,,,0,,,,,,,,,,,,,,,,,,,,,,0,
10/19/2017,13:53,School St & Summer St,Somerville,MA,2,1,3,3,2,2,2,1,1,,8,1,,,,,,,,,,,,,,,,,0,0,0,,,,,1,2,1,51,4,0,1,48,4,0,,,,,,,,,,,,,1,
10/19/2017,8:35,252 Beacon St,Somerville,MA,1,1,1,1,1,1,1,1,97,,,,,,,,,,,,,,,,,,,,1,0,0,4,2,,3,1,,0,39,4,0,,,,,,,,,,,,,,,,,0,Vehicle 1 was an RMV M5 that doored a SB bicyclist
10/18/2017,20:08,Cherry St & Summer St,Somerville,MA,1,1,2,2,1,3,2,2,4,,1,1,,,,,,,,,,,,,,,,,0,0,0,,,,,0,,,,,,,,,,,,,,,,,,,,,,0,
10/17/2017,7:18,135 Central St,Somerville,MA,1,1,99,1,1,9,2,1,1,,1,1,,,,,,,,,,,,,,,,,0,0,0,,,,,0,,,,,,,,,,,,,,,,,,,,,,0,
10/17/2017,10:10,Holland St & Paulina St,Somerville,MA,1,1,1,3,1,10,2,1,19,,1,1,,,,,,,,,,,,,,,,,0,0,0,,,,,0,,,,,,,,,,,,,,,,,,,,,,0,
10/13/2017,18:01,Washington St & Columbus Ave,Somerville,MA,1,1,1,3,2,1,1,2,3,,,,,,,,,,,,,,,,,,,,1,0,0,4,2,,1,0,,,,,,,,,,,,,,,,,,,,,,0,MV right hooks WB bicyclist
10/10/2017,19:00,1242 Broadway,Somerville,MA,1,1,1,1,2,2,2,2,1,,1,1,,,,,,,,,,,,,,,,,0,0,0,,,,,0,,,,,,,,,,,,,,,,,,,,,,0,
10/8/2017,7:30,223 Washington St,Somerville,MA,2,1,1,1,1,4,1,2,4,,,,,,,,,,,,,,,,,,,,1,0,0,4,2,,1,1,,0,41,4,0,,,,,,,,,,,,,,,,,0,MV right hooks WB bicyclist while turning in parking lot at 223 Washington
10/7/2017,12:15,Broadway & Holland St,Somerville,MA,1,1,3,3,1,2,2,2,1,,2,1,,,,,,,,,,,,,,,,,0,0,0,,,,,0,,,,,,,,,,,,,,,,,,,,,,0,
10/6/2017,22:07,17 Hudson St,Somerville,MA,1,1,1,1,4,4,2,2,1,,1,10,,,,,,,,,,,,,,,,,0,0,0,,,,,0,,,,,,,,,,,,,,,,,,,,,,0,
10/3/2017,8:55,Central St & Somerville Ave,Somerville,MA,1,1,1,1,1,4,1,2,4,,,,,,,,,,,,,,,,,,,,1,0,0,4,2,,1,1,,1,24,4,1,,,,,,,,,,,,,,,,,0,"Report says Elm St, but narrative suggests that the crash took place on Central St"
10/2/2017,12:15,Walnut St & Columbus Ave,Somerville,MA,1,1,2,3,4,3,2,1,99,,1,99,,,,,,,,,,,,,,,,,0,0,0,,,,,0,,,,,,,,,,,,,,,,,,,,,,0,
9/30/2017,18:52,643 Broadway,Somerville,MA,3,2,1,1,1,2,3,2,99,,2,1,,1,1,,,,,,,,,,,,,,0,0,0,,,,,1,2,0,22,3,0,0,24,3,0,,,,,,,,,,,,,0,
9/29/2017,9:01,College Ave & Chapel St,Somerville,MA,1,1,1,3,1,1,1,1,1,,,,,,,,,,,,,,,,,,,,1,0,0,4,2,,2,1,,1,46,4,0,,,,,,,,,,,,,,,,,0,
9/28/2017,11:29,Washington St & Washington Terrace,Somerville,MA,1,1,1,1,1,1,1,1,1,,,,,,,,,,,,,,,,,,,,1,0,0,10,2,,1,0,,,,,,,,,,,,,,,,,,,,,,0,MV right hooks bicyclist traveling WB on Washington St
9/28/2017,21:39,Medford St & Highland Ave,Somerville,MA,1,1,3,4,2,1,1,2,14,,,,,,,,,,,,,,,,,,,,0,0,1,,,concrete island and street sign,,0,,,,,,,,,,,,,,,,,,,,,,0,
9/28/2017,17:05,40 Bow St,Somerville,MA,1,1,1,1,1,3,2,1,1,,1,99,,,,,,,,,,,,,,,,,0,0,0,,,,,0,,,,,,,,,,,,,,,,,,,,,,0,
9/27/2017,8:02,25 Webster Ave,Somerville,MA,1,1,1,1,1,1,1,2,4,,,,,,,,,,,,,,,,,,,,1,0,0,4,2,,5,1,,0,41,4,0,,,,,,,,,,,,,,,,,0,
9/26/2017,10:45,Broadway & Wisconsin Ave,Somerville,MA,1,1,1,3,2,3,2,1,1,,1,3,,,,,,,,,,,,,,,,,0,0,0,,,,,0,,,,,,,,,,,,,,,,,,,,,,1,Bicyclist (Webster NB) strikes MV as MV pulls out of driveway at 25 Webster Ave
9/26/2017,7:35,238 Washington St,Somerville,MA,2,1,1,1,1,4,2,7,4,,2,1,,,,,,,,,,,,,,,,,0,0,0,,,,,0,,,,,,,,,,,,,,,,,,,,,,0,V2 (Washington St EB) strikes V1 as it merges into traffic from a parked space
9/23/2017,18:51,460 Medford St,Somerville,MA,1,1,1,1,1,5,2,1,1,,1,1,,,,,,,,,,,,,,,,,0,0,0,,,,,0,,,,,,,,,,,,,,,,,,,,,,0,
9/23/2017,15:45,Highland Ave & Day St,Somerville,MA,1,1,3,3,1,6,2,1,1,,1,20,,,,,,,,,,,,,,,,,0,0,0,,,,,0,,,,,,,,,,,,,,,,,,,,,,0,
9/22/2017,12:07,Powder House Blvd & North St,Somerville,MA,"2,3",2,3,2,2,sideswipe (opp dir),2,2,1,,97,1,,,,,,,,,,,,,,,,,0,0,0,,,,,0,,,,,,,,,,,,,,,,,,,,,,1,Vehicle 2 was a fire truck
9/21/2017,16:36,17 Oliver St,Somerville,MA,1,1,1,9,1,1,1,1,1,,,,,,,,,,,,,,,,,,,,0,0,1,,,pole,,0,,,,,,,,,,,,,,,,,,,,,,0,
9/19/2017,9:37,South St & Medford St,Somerville,MA,2,1,1,3,1,1,1,2,9,,,,,,,,,,,,,,,,,,,,0,0,1,,,street tree,,1,,0,36,4,1,,,,,,,,,,,,,,,,,0,
9/19/2017,5:30,Mystic Ave & Lombardi Way,Somerville,MA,2,1,3,2,2,3,2,1,99,,1,99,,,,,,,,,,,,,,,,,0,0,0,,,,,0,,,,,,,,,,,,,,,,,,,,,,0,
9/16/2017,11:12,Willow Ave & Bristol Rd,Somerville,MA,2,1,3,2,1,3,2,2,4,,1,1,,,,,,,,,,,,,,,,,0,0,0,,,,,0,,,,,,,,,,,,,,,,,,,,,,0,
9/16/2017,15:13,Simpson Ave & Holland St,Somerville,MA,1,1,2,2,1,2,2,2,4,,2,1,,,,,,,,,,,,,,,,,0,0,0,,,,,0,,,,,,,,,,,,,,,,,,,,,,0,
9/15/2017,15:18,159 College Ave,Somerville,MA,1,1,1,1,2,3,2,1,1,,1,4,,,,,,,,,,,,,,,,,0,0,0,,,,,0,,,,,,,,,,,,,,,,,,,,,,0,
9/15/2017,19:00,Hudson St & Lowell St,Somerville,MA,"3,2",2,1,2,1,3,2,1,3,,1,1,,,,,,,,,,,,,,,,,0,0,0,,,,,0,,,,,,,,,,,,,,,,,,,,,,0,
9/14/2017,13:20,60 Oak St,Somerville,MA,1,1,1,1,4,3,2,1,1,,7,1,,,,,,,,,,,,,,,,,0,0,0,,,,,0,,,,,,,,,,,,,,,,,,,,,,0,Vehicle 2 was a garbage truck
9/14/2017,21:04,Webster Ave & Tremont St,Somerville,MA,1,2,1,3,1,1,1,1,1,,,,,,,,,,,,,,,,,,,,1,0,0,4,2,,1,0,,,,,,,,,,,,,,,,,,,,,,0,Bicyclist strikes MV crossing Webster from Windsor to Tremont
9/14/2017,13:41,Broadway & Weston Ave,Somerville,MA,2,1,2,3,1,3,2,1,4,,1,1,,,,,,,,,,,,,,,,,0,0,0,,,,,1,,0,25,3,1,,,,,,,,,,,,,,,,,0,
9/11/2017,11:00,Broadway & Temple St,Somerville,MA,1,1,1,2,unk,1,1,6,1,,,,,,,,,,,,,,,,,,,,0,0,1,,,pedestrian crossing beacon,,0,,,,,,,,,,,,,,,,,,,,,,0,
9/7/2017,11:38,530 Somerville Ave,Somerville,MA,2,1,1,1,unk,1,1,1,19,,,,,,,,,,,,,,,,,,,,0,0,1,,,HCP parking sign,,0,,,,,,,,,,,,,,,,,,,,,,0,
9/6/2017,13:39,259 Lowell St,Somerville,MA,3,2,1,3,1,2,2,6,7,,2,1,,,,,,,,,,,,,,,,,0,0,0,,,,,0,,,,,,,,,,,,,,,,,,,,,,1,Vehicle 1 was a DPW F550 truck
9/5/2017,17:35,622 Somerville Ave,Somerville,MA,"1,2",1,1,1,1,2,2,1,19,,1,1,,,,,,,,,,,,,,,,,0,0,0,,,,,1,,0,68,4,1,,,,,,,,,,,,,,,,,0,
9/5/2017,23:35,105 Central St,Somerville,MA,1,1,1,1,1,2,2,1,5,,2,1,,,,,,,,,,,,,,,,,0,0,0,,,,,0,,,,,,,,,,,,,,,,,,,,,,0,
9/4/2017,13:50,Lowell St & Hudson St,Somerville,MA,1,1,2,2,1,3,2,1,1,,1,99,,,,,,,,,,,,,,,,,0,0,0,,,,,0,,,,,,,,,,,,,,,,,,,,,,0,
9/1/2017,13:28,Dow St & Powder House Blvd,Somerville,MA,"1,2",1,2,3,2,3,2,1,4,,2,1,,,,,,,,,,,,,,,,,0,0,0,,,,,0,,,,,,,,,,,,,,,,,,,,,,0,
9/1/2017,10:24,49 Preston Rd,Somerville,MA,1,1,1,1,1,3,2,99,99,,2,25,,,,,,,,,,,,,,,,,0,0,0,,,,,0,,,,,,,,,,,,,,,,,,,,,,1,Vehicle 1 was a backhoe
8/31/2017,23:38,159 Walnut St,Somerville,MA,1,1,1,1,4,4,3,1,14,,1,1,,1,1,,,,,,,,,,,,,,0,0,0,,,,,0,,,,,,,,,,,,,,,,,,,,,,0,
8/30/2017,10:31,Broadway & Bay State Ave,Somerville,MA,1,1,1,3,1,2,2,1,97,,2,1,,,,,,,,,,,,,,,,,0,0,0,,,,,1,2,0,38,4,1,0,54,4,1,,,,,,,,,,,,,0,
8/29/2017,16:10,Paulina St & Broadway,Somerville,MA,"1,2",1,2,3,4,1,1,2,1,,,,,,,,,,,,,,,,,,,,0,1,0,1,2,,5,1,,1,24,4,1,,,,,,,,,,,,,,,,,0,
8/29/2017,7:30,Powder House Blvd & Packard Ave,Somerville,MA,1,1,2,2,2,2,2,1,1,,1,1,,,,,,,,,,,,,,,,,0,0,0,,,,,0,,,,,,,,,,,,,,,,,,,,,,0,
8/28/2017,17:55,181 Somerville Ave,Somerville,MA,1,1,1,1,1,2,2,1,1,,1,99,,,,,,,,,,,,,,,,,0,0,0,,,,,0,,,,,,,,,,,,,,,,,,,,,,0,
8/28/2017,12:23,259 McGrath Hwy,Somerville,MA,1,1,1,1,99,1,1,1,10,,,,,,,,,,,,,,,,,,,,0,0,1,,,Curb and Flower Bed,,0,,,,,,,,,,,,,,,,,,,,,,0,
8/26/2017,19:00,55 Wheatland St,Somerville,MA,1,1,1,1,4,3,2,2,1,,2,1,,,,,,,,,,,,,,,,,0,0,0,,,,,0,,,,,,,,,,,,,,,,,,,,,,0,
8/25/2017,8:42,300 Beacon St,Somerville,MA,1,1,1,1,1,3,1,2,4,,,,,,,,,,,,,,,,,,,,1,0,0,4,2,,2,1,,1,34,3,0,,,,,,,,,,,,,,,,,0,
8/24/2017,15:37,150 Hudson St,Somerville,MA,1,1,1,1,4,1,1,11,1,,,,,,,,,,,,,,,,,,,,0,0,1,,,Overhead Power Lines,,0,,,,,,,,,,,,,,,,,,,,,,0,
8/24/2017,11:15,Broadway & Warner St,Somerville,MA,1,1,4,7,4,4,1,2,1,,,,,,,,,,,,,,,,,,,,1,0,0,4,2,,7,1,,0,26,3,0,,,,,,,,,,,,,,,,,0,
8/23/2017,14:20,Middlesex Ave & McGrath Hwy,Somerville,MA,1,1,2,3,1,6,2,1,99,,7,99,,,,,,,,,,,,,,,,,0,0,0,,,,,0,,,,,,,,,,,,,,,,,,,,,,0,
8/22/2017,9:25,12 Newbury St,Somerville,MA,1,1,1,1,4,unk,2,2,1,,97,1,,,,,,,,,,,,,,,,,0,0,0,,,,,0,,,,,,,,,,,,,,,,,,,,,,1,Fire truck
8/21/2017,12:06,593 Somerville Ave,Somerville,MA,1,1,3,3,1,3,4,2,1,,1,4,,1,1,,1,1,,,,,,,,,,,0,0,0,,,,,0,,,,,,,,,,,,,,,,,,,,,,0,
8/21/2017,18:24,20 Holland St,Somerville,MA,1,1,1,1,1,1,1,2,4,,,,,,,,,,,,,,,,,,,,1,0,0,4,2,,3,1,,0,26,3,1,,,,,,,,,,,,,,,,,0,
8/21/2017,16:28,Powder House Blvd & Curtis St,Somerville,MA,1,1,3,1,1,2,2,1,19,,1,1,,,,,,,,,,,,,,,,,0,0,0,,,,,1,2,0,35,3,0,0,72,3,0,,,,,,,,,,,,,0,
8/21/2017,8:45,579 Somerville Ave,Somerville,MA,1,1,3,1,2,1,1,1,1,,,,,,,,,,,,,,,,,,,,1,0,0,4,2,,2,0,,,,,,,,,,,,,,,,,,,,,,0,
8/20/2017,19:59,72 Flint St,Somerville,MA,1,1,1,3,1,5,2,1,99,,1,1,,,,,,,,,,,,,,,,,0,0,0,,,,,0,,,,,,,,,,,,,,,,,,,,,,0,
8/20/2017,9:38,Sycamore St & Montrose St,Somerville,MA,1,1,2,3,4,4,2,1,97,,1,1,,,,,,,,,,,,,,,,,0,0,1,,,Fence,,0,,,,,,,,,,,,,,,,,,,,,,0,
8/19/2017,10:40,Medford St & School St,Somerville,MA,1,1,3,2,1,2,2,1,1,,1,1,,,,,,,,,,,,,,,,,0,0,0,,,,,0,,,,,,,,,,,,,,,,,,,,,,0,
8/16/2017,14:17,Lowell St & Richardson St,Somerville,MA,1,1,1,3,1,5,2,1,4,,1,1,,,,,,,,,,,,,,,,,0,0,0,,,,,0,,,,,,,,,,,,,,,,,,,,,,0,
8/16/2017,10:35,275 Willow Ave,Somerville,MA,1,1,3,1,1,4,2,2,1,,6,1,,,,,,,,,,,,,,,,,0,0,0,,,,,0,,,,,,,,,,,,,,,,,,,,,,1,
8/16/2017,6:15,540 Broadway,Somerville,MA,1,1,1,1,1,2,2,1,1,,2,97,,,,,,,,,,,,,,,,,0,0,0,,,,,1,,1,17,3,0,,,,,,,,,,,,,,,,,0,
8/13/2017,1:20,65 Cross St,Somerville,MA,1,1,1,1,1,4,2,3,1,,2,4,,,,,,,,,,,,,,,,,0,0,0,,,,,1,,1,53,4,1,,,,,,,,,,,,,,,,,0,
8/12/2017,10:37,Powder House Blvd & Curtis St,Somerville,MA,"1,2",1,3,2,1,3,2,1,1,,1,4,,,,,,,,,,,,,,,,,0,0,0,,,,,0,,,,,,,,,,,,,,,,,,,,,,0,
8/11/2017,7:30,Warner St & Bromfield Rd,Somerville,MA,1,1,1,3,1,3,2,3,8,9,2,1,,,,,,,,,,,,,,,,,0,0,0,,,,,1,,1,33,2,1,,,,,,,,,,,,,,,,,0,
8/10/2017,9:24,Summer St & Cherry St,Somerville,MA,1,1,2,2,1,3,2,2,4,20,1,1,,,,,,,,,,,,,,,,,0,0,0,,,,,1,2,0,52,2,1,1,50,2,1,,,,,,,,,,,,,0,
8/7/2017,20:25,509 Broadway,Somerville,MA,"1,2",1,2,3,1,3,2,1,4,97,2,1,,,,,,,,,,,,,,,,,0,0,0,,,,,0,,,,,,,,,,,,,,,,,,,,,,0,
8/7/2017,8:05,Flint St & Cross St,Somerville,MA,1,1,2,2,1,3,2,2,4,,1,1,,,,,,,,,,,,,,,,,0,0,0,,,,,0,,,,,,,,,,,,,,,,,,,,,,0,
8/6/2017,14:43,137 Washington St,Somerville,MA,1,1,1,1,1,2,2,1,4,,6,1,,,,,,,,,,,,,,,,,0,0,0,,,,,1,,0,33,4,1,,,,,,,,,,,,,,,,,0,
8/6/2017,12:00,Highland Ave & College Ave,Somerville,MA,1,1,3,3,4,4,2,1,1,,6,1,,,,,,,,,,,,,,,,,0,0,0,,,,,0,,,,,,,,,,,,,,,,,,,,,,1,
8/4/2017,10:27,Highland Ave & Central St,Somerville,MA,1,1,3,2,1,99,2,2,1,,2,3,,,,,,,,,,,,,,,,,0,0,0,,,,,0,,,,,,,,,,,,,,,,,,,,,,0,
8/4/2017,16:48,Washington St & Merriam St,Somerville,MA,1,1,1,3,1,3,2,2,4,,3,1,,,,,,,,,,,,,,,,,0,0,0,,,,,0,,,,,,,,,,,,,,,,,,,,,,0,
8/4/2017,16:02,266 Broadway,Somerville,MA,1,1,4,1,3,3,2,1,4,,13,99,,,,,,,,,,,,,,,,,0,0,0,,,,,0,,,,,,,,,,,,,,,,,,,,,,1,Fire truck
8/3/2017,20:19,83 Electric Ave,Somerville,MA,"1,2",1,1,1,1,3,2,1,7,,1,1,,,,,,,,,,,,,,,,,0,0,0,,,,,0,,,,,,,,,,,,,,,,,,,,,,0,
8/2/2017,10:17,Elm St & Dover St,Somerville,MA,1,1,3,2,1,1,1,6,6,,,,,,,,,,,,,,,,,,,,0,0,1,,,Traffic Signal,,0,,,,,,,,,,,,,,,,,,,,,,0,
8/1/2017,0:02,Somerville Ave & Merriam St,Somerville,MA,1,1,1,1,1,3,2,1,4,,1,1,,,,,,,,,,,,,,,,,0,0,0,,,,,1,2,0,28,4,1,1,40,4,1,,,,,,,,,,,,,0,
7/27/2017,16:13,8 Medford St,Somerville,MA,"2,3",2,1,1,1,1,1,1,99,,,,,,,,,,,,,,,,,,,,1,0,0,4,2,,1,0,,,,,,,,,,,,,,,,,,,,,,0,
7/27/2017,16:48,497 Somerville Ave,Somerville,MA,3,2,1,1,unk,5,2,13,1,,1,1,,,,,,,,,,,,,,,,,0,0,0,,,,,0,,,,,,,,,,,,,,,,,,,,,,1,
7/27/2017,10:20,Highland Ave & Grove St,Somerville,MA,2,1,1,2,4,4,2,8,1,,1,1,,,,,,,,,,,,,,,,,0,0,0,,,,,0,,,,,,,,,,,,,,,,,,,,,,0,
7/26/2017,16:23,Bradley St & Pearl St,Somerville,MA,1,1,2,3,4,1,1,1,1,,,,,,,,,,,,,,,,,,,,1,0,0,1,2,,5,1,,1,14,3,0,,,,,,,,,,,,,,,,,0,
7/22/2017,9:53,149 Boston Ave,Somerville,MA,2,1,1,1,1,3,2,2,99,,2,99,,,,,,,,,,,,,,,,,0,0,0,,,,,0,,,,,,,,,,,,,,,,,,,,,,0,
7/18/2017,15:16,Washington St & McGrath Hwy,Somerville,MA,1,1,3,2,2,4,2,2,1,,1,1,,,,,,,,,,,,,,,,,0,0,0,,,,,0,,,,,,,,,,,,,,,,,,,,,,0,
7/17/2017,12:35,Broadway & Warner St,Somerville,MA,1,1,1,7,4,3,2,1,1,,2,19,,,,,,,,,,,,,,,,,0,0,0,,,,,0,,,,,,,,,,,,,,,,,,,,,,1,
7/16/2017,7:06,Medford St & Somerville Ave,Somerville,MA,1,1,3,3,2,2,2,1,1,,1,1,,,,,,,,,,,,,,,,,0,0,0,,,,,0,,,,,,,,,,,,,,,,,,,,,,0,
7/16/2017,20:05,Broadway & Wilson Ave,Somerville,MA,1,1,3,3,1,2,2,2,1,,2,99,,,,,,,,,,,,,,,,,0,0,0,,,,,1,3,1,38,4,0,0,62,4,1,0,52,4,1,,,,,,,,,0,
7/15/2017,13:39,Broadway & Temple St,Somerville,MA,1,1,3,3,3,4,2,1,1,,2,6,3,,,,,,,,,,,,,,,,0,0,0,,,,,0,,,,,,,,,,,,,,,,,,,,,,0,
7/14/2017,20:49,Edgar Ave & Main St,Somerville,MA,1,1,2,3,1,1,1,1,4,,,,,,,,,,,,,,,,,,,,0,1,0,1,2,,1,1,,0,24,3,0,,,,,,,,,,,,,,,,,0,
7/14/2017,15:06,Washington St & Perry St,Somerville,MA,2,1,1,3,1,3,2,2,99,,1,99,,,,,,,,,,,,,,,,,0,0,0,,,,,0,,,,,,,,,,,,,,,,,,,,,,0,
7/12/2017,21:04,Exit 28 Off Ramp of Interstate 93 S,Somerville,MA,"2,3",2,1,6,4,2,2,2,1,,1,5,,,,,,,,,,,,,,,,,0,0,0,,,,,0,,,,,,,,,,,,,,,,,,,,,,0,
7/12/2017,14:01,Broadway & Liberty Ave,Somerville,MA,1,2,1,3,1,3,2,2,1,,2,6,,,,,,,,,,,,,,,,,0,0,0,,,,,0,,,,,,,,,,,,,,,,,,,,,,0,
7/12/2017,0:30,Broadway & Partridge Ave,Somerville,MA,1,1,1,1,2,2,2,1,20,,1,1,,,,,,,,,,,,,,,,,0,0,0,,,,,1,,1,58,3,1,,,,,,,,,,,,,,,,,0,
7/11/2017,8:44,River Rd & Canal Ln,Somerville,MA,3,2,1,3,1,1,1,1,1,,,,,,,,,,,,,,,,,,,,0,0,0,,,,,0,,,,,,,,,,,,,,,,,,,,,,0,
7/11/2017,12:55,Broadway & Mt Vernon St,Somerville,MA,1,1,1,2,1,4,2,8,1,,2,1,,,,,,,,,,,,,,,,,0,0,0,,,,,0,,,,,,,,,,,,,,,,,,,,,,0,
7/9/2017,20:45,Craigie St & Somerville Ave,Somerville,MA,1,1,1,3,1,1,1,1,1,,,,,,,,,,,,,,,,,,,,1,0,0,4,2,,2,1,,1,32,3,1,,,,,,,,,,,,,,,,,0,
7/9/2017,19:15,13 Elm St,Somerville,MA,1,1,1,9,1,1,1,1,4,,,,,,,,,,,,,,,,,,,,1,0,0,4,2,,5,1,,0,29,3,1,,,,,,,,,,,,,,,,,0,
7/9/2017,1:56,Washington St & McGrath Hwy,Somerville,MA,1,1,3,3,4,3,2,1,1,,1,3,,,,,,,,,,,,,,,,,0,0,0,,,,,0,,,,,,,,,,,,,,,,,,,,,,0,
7/8/2017,9:40,Summer St & Lowell St,Somerville,MA,1,1,2,2,1,3,2,2,99,,2,99,,,,,,,,,,,,,,,,,0,0,0,,,,,1,,0,28,4,0,,,,,,,,,,,,,,,,,0,
7/8/2017,22:55,Temple Rd & Governor Winthrop Rd,Somerville,MA,"2,3",2,1,2,4,4,2,1,99,,1,1,,,,,,,,,,,,,,,,,0,0,0,,,,,0,,,,,,,,,,,,,,,,,,,,,,0,
7/7/2017,16:08,Temple St & Memorial Rd,Somerville,MA,3,2,1,3,1,2,2,1,99,,2,1,,,,,,,,,,,,,,,,,0,0,1,,,church facade,,1,2,1,22,4,1,0,8,3,1,,,,,,,,,,,,,0,
7/5/2017,8:00,Washington St & Kingman Rd,Somerville,MA,1,1,1,3,2,3,2,1,1,,1,4,,,,,,,,,,,,,,,,,0,0,0,,,,,0,,,,,,,,,,,,,,,,,,,,,,0,
7/3/2017,13:10,Alewife Brook Pkwy & High St,Somerville,MA,1,1,3,3,2,3,2,1,99,,2,1,,,,,,,,,,,,,,,,,0,0,0,,,,,0,,,,,,,,,,,,,,,,,,,,,,1,
7/3/2017,12:27,Broadway & College Ave,Somerville,MA,1,1,2,7,3,4,2,2,9,,6,1,,,,,,,,,,,,,,,,,0,0,0,,,,,0,,,,,,,,,,,,,,,,,,,,,,0,
7/2/2017,19:35,84 Prospect St,Somerville,MA,1,1,1,1,2,2,3,1,1,,1,1,,1,20,,,,,,,,,,,,,,0,0,0,,,,,0,,,,,,,,,,,,,,,,,,,,,,0,
7/2/2017,18:20,McGrath Hwy & Grand Union Blvd,Somerville,MA,1,1,1,2,1,4,2,3,1,,1,6,9,,,,,,,,,,,,,,,,0,0,0,,,,,1,,1,27,3,1,,,,,,,,,,,,,,,,,0,
6/24/2017,18:02,Bow St & Summer St,Somerville,MA,1,1,1,4,4,1,1,2,1,,,,,,,,,,,,,,,,,,,,1,0,0,10,2,,1,0,,,,,,,,,,,,,,,,,,,,,,0,