Date,Time,Location,City,State,Weather (2&3),Road Surface (6),Traffic Control Device (4),Intersection Type (7),Traffic Way Desc (8),Collision Manner (11),# of Involved Vehicles,Vehicle1 Configuration (21),Driver1 Contrib Code1 (25),Driver1 Contrib Code2 (25),Vehicle2 Configuration (21),Driver2 Contrib Code1 (25),Driver2 Contrib Code2 (25),Vehicle3 Configuration (21),Driver3 Contrib Code1 (25),Driver3 Contrib Code2 (25),Vehicle4 Configuration (21),Driver4 Contrib Code1 (25),Driver4 Contrib Code2 (25),Vehicle5 Configuration (21),Driver5 Contrib Code1 (25),Driver5 Contrib Code2 (25),Vehicle6 Configuration (21),Driver6 Contrib Code1 (25),Driver6 Contrib Code2 (25),Vehicle7 Configuration (21),Driver7 Contrib Code1 (25),Driver7 Contrib Code2 (25),Bicycle,Pedestrian,Non-MV,Non-Motorist Location (16),Non-Motorist Action (15),Non-Motorist Type,Manner of Non-Motorist (Person) Collision,Injury,Multiple,Gender1,Age1,Severity1,Hospital1,Gender2,Age2,Severity2,Hospital2,Gender3,Age3,Severity3,Hospital3,Gender4,Age4,Severity4,Hospital4,Gender5,Age5,Severity5,Hospital5,City Vehicle?,Notes
6/22/2017,21:03,1338 Broadway,Somerville,MA,1,1,1,1,1,1,1,2,99,,,,,,,,,,,,,,,,,,,,0,1,0,4,1,,5,1,,0,17,4,1,,,,,,,,,,,,,,,,,0,
6/20/2017,14:44,Elm St & Beech St,Somerville,MA,1,1,2,3,2,1,1,1,99,,,,,,,,,,,,,,,,,,,,1,0,0,4,2,,4,1,,1,35,4,0,,,,,,,,,,,,,,,,,0,
6/19/2017,16:45,403 Highland Ave,Somerville,MA,1,1,1,1,4,4,2,2,1,,2,4,,,,,,,,,,,,,,,,,0,0,0,,,,,0,,,,,,,,,,,,,,,,,,,,,,0,
6/17/2017,10:38,Washington St & Bonner Ave,Somerville,MA,"2,3",2,1,3,1,1,1,1,1,,,,,,,,,,,,,,,,,,,,1,0,0,2,2,,5,1,,0,34,4,1,,,,,,,,,,,,,,,,,0,
6/17/2017,17:20,12 Banks St,Somerville,MA,2,1,1,3,4,4,2,6,1,,1,1,,,,,,,,,,,,,,,,,0,0,0,,,,,0,,,,,,,,,,,,,,,,,,,,,,1,
6/17/2017,4:02,Washington St & Joy St,Somerville,MA,1,1,1,3,1,1,1,1,21,,,,,,,,,,,,,,,,,,,,0,0,1,,,"curb, fence",,0,,,,,,,,,,,,,,,,,,,,,,0,
6/16/2017,16:53,50 Prospect St,Somerville,MA,3,2,1,1,4,99,2,1,99,,2,99,,,,,,,,,,,,,,,,,0,0,0,,,,,1,,0,26,4,1,,,,,,,,,,,,,,,,,0,
6/16/2017,0:03,McGrath Hwy & Chester Ave,Somerville,MA,1,1,3,2,3,4,2,2,1,,2,99,,,,,,,,,,,,,,,,,0,0,0,,,,,0,,,,,,,,,,,,,,,,,,,,,,0,
6/15/2017,20:26,Broadway & McGrath Hwy,Somerville,MA,1,1,3,2,3,3,2,2,1,,1,1,,,,,,,,,,,,,,,,,0,0,0,,,,,0,,,,,,,,,,,,,,,,,,,,,,1,
6/15/2017,9:54,Kidder Ave & Willow Ave,Somerville,MA,1,1,2,2,2,3,2,1,99,,2,1,,,,,,,,,,,,,,,,,0,0,1,,,traffic pole,,0,,,,,,,,,,,,,,,,,,,,,,0,
6/14/2017,6:57,Grand Union Blvd & Revolution Dr,Somerville,MA,1,1,3,2,2,3,2,1,4,10,1,1,,,,,,,,,,,,,,,,,0,0,0,,,,,1,,0,57,4,1,,,,,,,,,,,,,,,,,0,
6/14/2017,14:16,315 Broadway,Somerville,MA,1,1,1,1,3,4,2,1,19,,2,1,,,,,,,,,,,,,,,,,0,0,0,,,,,0,,,,,,,,,,,,,,,,,,,,,,1,
6/14/2017,12:16,Washington St & Mansfield St,Somerville,MA,1,1,2,3,1,3,2,1,4,,6,1,,,,,,,,,,,,,,,,,0,0,0,,,,,0,,,,,,,,,,,,,,,,,,,,,,0,
6/11/2017,17:03,Broadway & Warner St,Somerville,MA,1,1,2,7,4,1,1,1,9,19,,,,,,,,,,,,,,,,,,,0,0,1,,,"trees, control box",,1,,1,96,3,1,,,,,,,,,,,,,,,,,0,
6/9/2017,10:12,Medford St (50 ft S of Somerville Ave),Somerville,MA,1,1,1,1,1,3,1,1,1,,,,,,,,,,,,,,,,,,,,0,1,0,4,2,,7,1,,1,28,3,1,,,,,,,,,,,,,,,,,0,
6/8/2017,12:35,Washington St & Tufts St,Somerville,MA,1,1,1,3,1,2,2,2,97,,2,1,,,,,,,,,,,,,,,,,0,0,0,,,,,1,,0,34,4,1,,,,,,,,,,,,,,,,,0,
6/8/2017,12:15,68 Willow Ave,Somerville,MA,1,1,1,1,4,1,1,2,9,,,,,,,,,,,,,,,,,,,,0,0,1,,,tree,,1,,1,64,3,1,,,,,,,,,,,,,,,,,0,
6/8/2017,8:34,Broadway & College Ave,Somerville,MA,1,1,3,7,99,2,2,1,1,,1,99,,,,,,,,,,,,,,,,,0,0,0,,,,,0,,,,,,,,,,,,,,,,,,,,,,0,
6/7/2017,12:50,Norwood Ave & Broadway,Somerville,MA,1,1,1,3,4,2,2,1,1,,2,5,,,,,,,,,,,,,,,,,0,0,0,,,,,0,,,,,,,,,,,,,,,,,,,,,,1,
6/7/2017,10:41,9 Teele Ave,Somerville,MA,1,1,1,1,4,1,2,6,1,,2,1,,,,,,,,,,,,,,,,,0,0,1,,,tree branch,,0,,,,,,,,,,,,,,,,,,,,,,0,
6/6/2017,9:12,81 Highland Ave,Somerville,MA,3,2,1,9,1,3,2,1,4,,1,1,,,,,,,,,,,,,,,,,0,0,0,,,,,1,,0,25,4,1,,,,,,,,,,,,,,,,,0,
6/5/2017,17:23,17 McGrath Hwy,Somerville,MA,2,2,3,1,unk,2,2,1,1,,2,1,,,,,,,,,,,,,,,,,0,0,0,,,,,0,,,,,,,,,,,,,,,,,,,,,,0,
6/4/2017,7:17,Washington St & Beacon St,Somerville,MA,1,1,3,2,1,2,3,1,99,,1,1,,2,1,,,,,,,,,,,,,,0,0,0,,,,,1,2,0,43,3,1,1,26,4,1,,,,,,,,,,,,,0,
6/4/2017,16:40,Broadway & Dartmouth St,Somerville,MA,"2,3",1,1,unk,1,4,2,6,1,,2,1,,,,,,,,,,,,,,,,,0,0,0,,,,,0,,,,,,,,,,,,,,,,,,,,,,0,
6/2/2017,15:49,67 Boston St,Somerville,MA,1,1,2,3,1,5,2,4,1,,2,1,,,,,,,,,,,,,,,,,0,0,0,,,,,0,,,,,,,,,,,,,,,,,,,,,,1,
6/1/2017,17:48,Broadway & Medford St,Somerville,MA,1,1,3,4,4,4,2,2,19,,1,1,,,,,,,,,,,,,,,,,0,0,0,,,,,0,,,,,,,,,,,,,,,,,,,,,,0,
5/31/2017,12:13,Myrtle St & Pearl St,Somerville,MA,2,1,1,3,1,4,2,2,99,,1,1,,,,,,,,,,,,,,,,,0,0,0,,,,,0,,,,,,,,,,,,,,,,,,,,,,0,
5/30/2017,14:06,Calvin St & Marrion St,Somerville,MA,1,1,1,4,1,4,2,1,1,,1,1,,,,,,,,,,,,,,,,,0,0,0,,,,,0,,,,,,,,,,,,,,,,,,,,,,0,
5/29/2017,9:38,Medford St & School St,Somerville,MA,2,1,3,2,2,3,2,1,1,,1,1,,,,,,,,,,,,,,,,,0,0,0,,,,,0,,,,,,,,,,,,,,,,,,,,,,0,
5/29/2017,5:00,Broadway & Temple St,Somerville,MA,1,1,3,2,2,2,2,1,3,,2,1,,,,,,,,,,,,,,,,,0,0,0,,,,,0,,,,,,,,,,,,,,,,,,,,,,0,
5/25/2017,12:47,Artisan Way & Grand Union Blvd,Somerville,MA,3,2,2,2,1,3,2,2,4,,2,1,,,,,,,,,,,,,,,,,0,0,0,,,,,1,2,1,52,4,1,0,51,4,1,,,,,,,,,,,,,0,
5/25/2017,16:30,643 Broadway,Somerville,MA,"3,2",2,1,1,2,2,2,1,5,19,2,1,,,,,,,,,,,,,,,,,0,0,0,,,,,0,,,,,,,,,,,,,,,,,,,,,,0,
5/25/2017,16:34,26 Union Sq,Somerville,MA,3,2,3,3,3,3,2,1,1,,2,1,,,,,,,,,,,,,,,,,0,0,0,,,,,0,,,,,,,,,,,,,,,,,,,,,,0,
5/25/2017,13:42,86 Concord Ave,Somerville,MA,3,2,1,1,1,1,1,13,19,,,,,,,,,,,,,,,,,,,,0,0,1,,,fire hydrant,,0,,,,,,,,,,,,,,,,,,,,,,0,
5/25/2017,9:44,Mason St & Broadway,Somerville,MA,3,2,2,3,2,6,2,1,1,,1,1,,,,,,,,,,,,,,,,,0,0,0,,,,,1,,1,28,4,1,,,,,,,,,,,,,,,,,0,
5/24/2017,19:27,1370 Broadway,Somerville,MA,1,1,1,1,1,1,1,1,2,20,,,,,,,,,,,,,,,,,,,0,0,1,,,Hubway station,,0,,,,,,,,,,,,,,,,,,,,,,0,
5/24/2017,7:40,195 School St,Somerville,MA,"1,2",1,1,9,1,2,2,2,1,,1,1,,,,,,,,,,,,,,,,,0,0,0,,,,,0,,,,,,,,,,,,,,,,,,,,,,0,
5/23/2017,10:30,Inner Belt Rd & Third Ave,Somerville,MA,1,1,1,3,1,1,1,1,97,,,,,,,,,,,,,,,,,,,,0,1,0,2,13,,2,1,,1,43,4,0,,,,,,,,,,,,,,,,,0,
5/23/2017,21:49,445 Artisan Way,Somerville,MA,1,1,1,1,1,4,2,1,97,,1,1,,,,,,,,,,,,,,,,,0,0,0,,,,,1,,1,55,4,0,,,,,,,,,,,,,,,,,0,
5/23/2017,13:40,45 Meacham Rd,Somerville,MA,1,1,1,1,4,4,3,1,1,,2,99,,1,1,,,,,,,,,,,,,,0,0,0,,,,,0,,,,,,,,,,,,,,,,,,,,,,0,
5/23/2017,10:58,372 Highland Ave,Somerville,MA,2,1,1,1,1,3,2,2,4,10,2,1,,,,,,,,,,,,,,,,,0,0,0,,,,,1,,0,43,3,1,,,,,,,,,,,,,,,,,0,
5/23/2017,8:38,Broadway & Walnut St,Somerville,MA,2,2,1,3,2,1,1,2,4,10,,,,,,,,,,,,,,,,,,,1,0,0,10,2,,1,1,,1,36,4,0,,,,,,,,,,,,,,,,,0,
5/22/2017,18:50,Meacham St & Freemont St,Somerville,MA,3,2,2,2,1,3,2,1,4,,1,1,,,,,,,,,,,,,,,,,0,0,0,,,,,1,,0,40,3,0,,,,,,,,,,,,,,,,,0,
5/22/2017,4:43,Broadway & Winchester St,Somerville,MA,3,2,1,4,1,1,1,1,99,,,,,,,,,,,,,,,,,,,,0,1,0,2,1,,2,1,,0,41,3,1,,,,,,,,,,,,,,,,,0,
5/19/2017,11:38,Crescent St & Washington St,Somerville,MA,1,1,2,3,2,3,2,2,1,,1,99,,,,,,,,,,,,,,,,,0,0,0,,,,,0,,,,,,,,,,,,,,,,,,,,,,0,
5/19/2017,7:34,Broadway & Warner St,Somerville,MA,1,1,2,7,4,4,2,1,3,,1,1,,,,,,,,,,,,,,,,,0,0,0,,,,,0,,,,,,,,,,,,,,,,,,,,,,0,
5/18/2017,8:06,350 Broadway,Somerville,MA,1,1,3,1,4,2,2,1,1,,1,1,,,,,,,,,,,,,,,,,0,0,0,,,,,0,,,,,,,,,,,,,,,,,,,,,,0,
5/18/2017,11:47,Bow St & Wesley Pk,Somerville,MA,1,1,1,4,4,99,1,2,4,,,,,,,,,,,,,,,,,,,,1,0,0,4,2,,1,0,,,,,,,,,,,,,,,,,,,,,,0,
5/17/2017,14:22,Washington St & New Washington St,Somerville,MA,1,1,1,3,1,3,2,1,4,,2,1,,,,,,,,,,,,,,,,,0,0,0,,,,,0,,,,,,,,,,,,,,,,,,,,,,0,
5/16/2017,10:42,Temple St & Broadway,Somerville,MA,1,1,3,1,3,2,2,2,1,,1,19,,,,,,,,,,,,,,,,,0,0,0,,,,,0,,,,,,,,,,,,,,,,,,,,,,0,
5/15/2017,18:58,Broadway & Alfred St,Somerville,MA,1,1,1,3,1,3,2,2,4,,3,1,,,,,,,,,,,,,,,,,0,0,0,,,,,1,,1,33,3,1,,,,,,,,,,,,,,,,,0,
5/15/2017,13:00,181 Washington St,Somerville,MA,2,1,1,1,1,1,1,2,1,,,,,,,,,,,,,,,,,,,,0,1,0,4,1,,5,1,,1,58,4,1,,,,,,,,,,,,,,,,,0,
5/14/2017,1:36,Columbia St & Webster Ave,Somerville,MA,3,2,2,3,2,3,2,1,99,,1,99,,,,,,,,,,,,,,,,,0,0,0,,,,,1,,1,30,4,1,,,,,,,,,,,,,,,,,0,
5/14/2017,18:00,Jasper St & Pearl St,Somerville,MA,3,2,2,3,1,3,2,1,1,,1,4,,,,,,,,,,,,,,,,,0,0,0,,,,,0,,,,,,,,,,,,,,,,,,,,,,0,
5/13/2017,15:23,Lombardi Way & Mystic Ave,Somerville,MA,1,1,3,3,4,3,2,2,99,,2,99,,,,,,,,,,,,,,,,,0,0,0,,,,,0,,,,,,,,,,,,,,,,,,,,,,0,
5/12/2017,1:27,Cedar St & Morrison Ave,Somerville,MA,1,1,2,3,1,1,1,1,22,,,,,,,,,,,,,,,,,,,,0,0,1,,,stop sign,,0,,,,,,,,,,,,,,,,,,,,,,0,
5/9/2017,13:06,383 Broadway,Somerville,MA,2,1,3,1,3,2,2,1,1,,1,20,,,,,,,,,,,,,,,,,0,0,0,,,,,0,,,,,,,,,,,,,,,,,,,,,,0,
5/6/2017,10:25,74 Broadway,Somerville,MA,2,2,1,1,3,4,2,8,1,,1,1,,,,,,,,,,,,,,,,,0,0,0,,,,,0,,,,,,,,,,,,,,,,,,,,,,1,
5/6/2017,22:09,Edmunds St & McGrath Hwy,Somerville,MA,"2,3",2,3,2,3,1,1,2,10,97,,,,,,,,,,,,,,,,,,,0,0,1,,,guard rail,,0,,,,,,,,,,,,,,,,,,,,,,0,
5/5/2017,16:06,24 North St,Somerville,MA,3,2,1,1,1,3,2,2,19,,1,1,,,,,,,,,,,,,,,,,0,0,0,,,,,0,,,,,,,,,,,,,,,,,,,,,,0,
5/4/2017,23:30,421 Highland Ave,Somerville,MA,1,1,3,1,4,7,2,2,1,,1,1,,,,,,,,,,,,,,,,,0,0,0,,,,,0,,,,,,,,,,,,,,,,,,,,,,1,
5/1/2017,5:35,301 Great River Rd,Somerville,MA,2,1,3,7,1,2,2,1,6,97,1,1,,,,,,,,,,,,,,,,,0,0,0,,,,,0,,,,,,,,,,,,,,,,,,,,,,0,
4/30/2017,11:00,Somerville Ave & Properzi Way,Somerville,MA,1,1,1,3,1,3,2,2,99,,1,99,,,,,,,,,,,,,,,,,0,0,0,,,,,0,,,,,,,,,,,,,,,,,,,,,,0,
4/28/2017,8:03,357 Highland Ave,Somerville,MA,2,1,1,1,2,3,2,1,1,,1,1,,,,,,,,,,,,,,,,,0,0,0,,,,,0,,,,,,,,,,,,,,,,,,,,,,0,
4/27/2017,19:58,202 Washington St,Somerville,MA,1,1,1,1,2,2,2,1,1,,1,99,,,,,,,,,,,,,,,,,0,0,0,,,,,0,,,,,,,,,,,,,,,,,,,,,,0,
4/26/2017,13:52,78 Central St,Somerville,MA,"2,3",2,1,1,1,4,1,1,5,99,,,,,,,,,,,,,,,,,,,1,0,0,4,2,,4,0,,,,,,,,,,,,,,,,,,,,,,0,
4/24/2017,17:06,Washington St & Franklin St,Somerville,MA,1,1,1,1,1,3,2,2,3,9,1,1,,,,,,,,,,,,,,,,,0,0,0,,,,,0,,,,,,,,,,,,,,,,,,,,,,0,
4/24/2017,13:00,Leonard St & Powder House Blvd,Somerville,MA,1,1,2,3,1,3,2,1,4,,1,1,,,,,,,,,,,,,,,,,0,0,0,,,,,0,,,,,,,,,,,,,,,,,,,,,,0,
4/23/2017,13:50,187 Central St,Somerville,MA,1,1,1,1,1,3,2,1,99,,1,99,,,,,,,,,,,,,,,,,0,0,0,,,,,0,,,,,,,,,,,,,,,,,,,,,,0,
4/22/2017,1:33,15 Cedar St,Somerville,MA,3,2,1,1,4,4,2,1,10,,1,99,,,,,,,,,,,,,,,,,0,0,0,,,,,0,,,,,,,,,,,,,,,,,,,,,,0,
4/21/2017,13:25,Washington St,Somerville,MA,"2,3",2,1,1,2,2,2,2,1,,1,5,19,,,,,,,,,,,,,,,,0,0,0,,,,,0,,,,,,,,,,,,,,,,,,,,,,0,
4/21/2017,13:54,Summer St & School St,Somerville,MA,3,2,3,2,1,3,2,1,4,,2,1,,,,,,,,,,,,,,,,,0,0,0,,,,,1,,0,45,3,1,,,,,,,,,,,,,,,,,0,
4/21/2017,12:57,Joy St & Washington St,Somerville,MA,"2,3",2,1,3,2,3,2,2,1,,1,1,,,,,,,,,,,,,,,,,0,0,0,,,,,1,3,0,46,4,1,1,8,4,1,0,11,4,1,,,,,,,,,0,
4/20/2017,18:49,17 Mossland St,Somerville,MA,2,1,1,1,4,3,2,1,1,,1,99,,,,,,,,,,,,,,,,,0,0,0,,,,,0,,,,,,,,,,,,,,,,,,,,,,0,
4/19/2017,11:42,Tufts St & Washington St,Somerville,MA,1,1,1,4,1,99,2,2,99,,2,99,,,,,,,,,,,,,,,,,0,0,0,,,,,0,,,,,,,,,,,,,,,,,,,,,,0,
4/17/2017,14:39,11 George St,Somerville,MA,1,1,1,9,4,3,2,2,1,,2,14,,,,,,,,,,,,,,,,,0,0,0,,,,,0,,,,,,,,,,,,,,,,,,,,,,0,
4/17/2017,9:06,Somerville Ave & Prospect St,Somerville,MA,1,1,3,2,1,3,2,1,99,,1,99,,,,,,,,,,,,,,,,,0,0,0,,,,,1,,0,41,4,0,,,,,,,,,,,,,,,,,0,
4/15/2017,12:50,69 Webster Ave,Somerville,MA,1,1,1,1,1,4,1,1,19,,,,,,,,,,,,,,,,,,,,1,0,0,4,2,,3,1,,1,30,3,0,,,,,,,,,,,,,,,,,0,
4/15/2017,2:04,120 Summer St,Somerville,MA,1,1,1,1,1,2,4,1,11,,2,1,,1,1,,2,1,,,,,,,,,,,0,0,0,,,,,1,,0,58,4,1,,,,,,,,,,,,,,,,,0,
4/14/2017,17:32,Prospect St & Newton St,Somerville,MA,1,1,1,1,4,4,2,2,99,,2,99,,,,,,,,,,,,,,,,,0,0,0,,,,,0,,,,,,,,,,,,,,,,,,,,,,0,
4/14/2017,14:08,Heath St & Langmaid Ave,Somerville,MA,1,1,1,3,4,3,2,1,99,,1,99,,,,,,,,,,,,,,,,,0,0,0,,,,,0,,,,,,,,,,,,,,,,,,,,,,0,
4/13/2017,20:00,32 Bond St,Somerville,MA,1,1,1,3,4,3,2,1,99,,2,1,,,,,,,,,,,,,,,,,0,0,0,,,,,1,,0,23,4,1,,,,,,,,,,,,,,,,,0,
4/11/2017,17:27,561 Broadway,Somerville,MA,1,1,1,1,2,3,2,1,1,,1,1,,,,,,,,,,,,,,,,,0,0,0,,,,,0,,,,,,,,,,,,,,,,,,,,,,0,
4/10/2017,20:05,249 Pearl St,Somerville,MA,1,1,1,1,1,4,2,1,1,,1,1,,,,,,,,,,,,,,,,,0,0,0,,,,,0,,,,,,,,,,,,,,,,,,,,,,0,
4/8/2017,0:45,20 Inner Belt Rd,Somerville,MA,1,1,2,3,1,3,2,2,1,,1,4,19,,,,,,,,,,,,,,,,0,0,0,,,,,0,,,,,,,,,,,,,,,,,,,,,,1,
4/7/2017,13:18,Moreland St & Mystic Ave,Somerville,MA,1,1,2,1,4,2,2,1,1,,1,1,,,,,,,,,,,,,,,,,0,0,0,,,,,0,,,,,,,,,,,,,,,,,,,,,,0,
4/4/2017,10:37,Somerville Ave & Medford St,Somerville,MA,4,2,3,3,1,2,1,1,99,,,,,,,,,,,,,,,,,,,,1,0,0,1,97,,4,0,,,,,,,,,,,,,,,,,,,,,,0,
4/2/2017,6:31,8 Walnut St,Somerville,MA,1,1,1,1,4,2,4,2,1,,1,99,,2,1,,1,1,,,,,,,,,,,0,0,0,,,,,0,,,,,,,,,,,,,,,,,,,,,,0,
4/2/2017,12:29,Montgomery Ave & Broadway,Somerville,MA,1,1,4,3,3,3,2,2,1,,2,4,,,,,,,,,,,,,,,,,0,0,0,,,,,0,,,,,,,,,,,,,,,,,,,,,,0,
3/31/2017,10:38,24 Fellsway W,Somerville,MA,1,1,1,1,4,5,4,1,8,10,6,1,,2,1,,1,1,,,,,,,,,,,0,1,0,4,97,,7,1,,1,50,2,1,,,,,,,,,,,,,,,,,0,
3/29/2017,9:48,76 Middlesex Ave,Somerville,MA,2,1,1,1,1,3,2,1,4,6,2,1,,,,,,,,,,,,,,,,,0,0,0,,,,,1,,1,43,4,0,,,,,,,,,,,,,,,,,0,
3/29/2017,17:06,24 Walnut St,Somerville,MA,1,1,1,1,4,4,2,1,1,,1,99,,,,,,,,,,,,,,,,,0,0,0,,,,,0,,,,,,,,,,,,,,,,,,,,,,0,
3/29/2017,1:15,Broadway & Warner St,Somerville,MA,3,2,2,7,1,1,1,1,99,,,,,,,,,,,,,,,,,,,,0,0,1,,,median,,0,,,,,,,,,,,,,,,,,,,,,,0,
3/28/2017,20:34,Beacon St & Concord Ave,Somerville,MA,3,2,1,3,1,1,1,1,99,,,,,,,,,,,,,,,,,,,,1,0,0,4,2,,5,1,,1,45,3,1,,,,,,,,,,,,,,,,,0,
3/27/2017,17:23,90 School St,Somerville,MA,1,1,1,1,4,2,2,2,1,,1,10,,,,,,,,,,,,,,,,,0,0,0,,,,,1,,0,44,4,0,,,,,,,,,,,,,,,,,0,
3/26/2017,12:20,Beacon St & Durham St,Somerville,MA,1,1,1,3,1,3,2,1,99,,1,99,,,,,,,,,,,,,,,,,0,0,0,,,,,1,,1,30,4,1,,,,,,,,,,,,,,,,,0,
3/25/2017,18:31,Newton St & Webster Ave,Somerville,MA,1,1,2,3,4,4,2,1,1,,1,1,,,,,,,,,,,,,,,,,0,0,0,,,,,0,,,,,,,,,,,,,,,,,,,,,,0,
3/24/2017,22:00,Elm St & Russell St,Somerville,MA,1,1,3,2,4,1,1,1,3,,,,,,,,,,,,,,,,,,,,0,0,1,,,light post,,0,,,,,,,,,,,,,,,,,,,,,,0,
3/24/2017,23:29,8 Leland St,Somerville,MA,2,1,1,1,4,6,3,2,10,,1,1,,2,1,,,,,,,,,,,,,,0,0,0,,,,,0,,,,,,,,,,,,,,,,,,,,,,0,
3/24/2017,8:10,30 Burnside Ave,Somerville,MA,2,1,1,1,4,2,2,1,10,4,2,1,,,,,,,,,,,,,,,,,0,0,0,,,,,1,,0,25,4,0,,,,,,,,,,,,,,,,,0,
3/22/2017,15:07,265 Willow Ave,Somerville,MA,1,1,1,1,1,6,2,1,8,4,2,1,,,,,,,,,,,,,,,,,0,0,0,,,,,0,,,,,,,,,,,,,,,,,,,,,,0,
3/22/2017,8:10,866 Broadway,Somerville,MA,1,1,1,1,2,4,2,1,1,,1,4,,,,,,,,,,,,,,,,,0,0,0,,,,,0,,,,,,,,,,,,,,,,,,,,,,0,
3/21/2017,16:18,252 Medford St,Somerville,MA,1,1,1,1,2,3,2,1,1,,1,4,,,,,,,,,,,,,,,,,0,0,0,,,,,0,,,,,,,,,,,,,,,,,,,,,,0,
3/21/2017,10:25,1 Davis Sq,Somerville,MA,1,1,1,1,1,4,2,1,1,,8,1,,,,,,,,,,,,,,,,,0,0,0,,,,,0,,,,,,,,,,,,,,,,,,,,,,0,
3/20/2017,18:29,22 Highland Ave,Somerville,MA,1,1,1,1,2,1,1,2,1,,,,,,,,,,,,,,,,,,,,0,1,0,4,1,,5,1,,0,26,2,1,,,,,,,,,,,,,,,,,0,
3/17/2017,13:25,Linden Ave,Somerville,MA,1,2,1,1,4,1,1,2,19,,,,,,,,,,,,,,,,,,,,0,0,1,,,snow bank,,0,,,,,,,,,,,,,,,,,,,,,,1,
3/16/2017,8:30,866 Broadway,Somerville,MA,1,2,1,1,1,3,2,2,4,,2,1,,,,,,,,,,,,,,,,,0,0,0,,,,,0,,,,,,,,,,,,,,,,,,,,,,0,
3/16/2017,19:15,99 Dover St,Somerville,MA,1,1,1,1,4,6,2,1,97,,2,1,,,,,,,,,,,,,,,,,0,0,0,,,,,0,,,,,,,,,,,,,,,,,,,,,,0,
3/15/2017,22:46,341 Lowell St,Somerville,MA,1,1,1,1,1,2,2,2,1,,1,1,,,,,,,,,,,,,,,,,0,0,0,,,,,0,,,,,,,,,,,,,,,,,,,,,,1,
3/14/2017,12:58,Washington St & Beacon St,Somerville,MA,4,3,3,2,1,2,2,2,1,,2,1,,,,,,,,,,,,,,,,,0,0,0,,,,,0,,,,,,,,,,,,,,,,,,,,,,1,
3/14/2017,17:02,Cedar St & Elm St,Somerville,MA,"4,5",3,3,2,4,2,2,1,1,,2,1,,,,,,,,,,,,,,,,,0,0,0,,,,,0,,,,,,,,,,,,,,,,,,,,,,0,
3/14/2017,12:00,Broadway & Newbury St,Somerville,MA,"4,8",3,1,3,4,4,2,6,8,,1,1,,,,,,,,,,,,,,,,,0,0,0,,,,,0,,,,,,,,,,,,,,,,,,,,,,0,
3/13/2017,19:10,Foley St & Grand Union Blvd,Somerville,MA,1,1,2,2,1,3,2,1,99,,2,99,,,,,,,,,,,,,,,,,0,0,0,,,,,0,,,,,,,,,,,,,,,,,,,,,,0,
3/13/2017,8:14,Temple St,Somerville,MA,1,1,1,1,1,99,2,1,1,,1,99,,,,,,,,,,,,,,,,,0,0,0,,,,,0,,,,,,,,,,,,,,,,,,,,,,0,
3/13/2017,8:05,48 Boston Ave,Somerville,MA,1,1,1,1,4,3,2,1,3,8,1,1,,,,,,,,,,,,,,,,,0,0,0,,,,,0,,,,,,,,,,,,,,,,,,,,,,0,
3/11/2017,12:43,337 Somerville Ave,Somerville,MA,1,2,1,1,4,3,2,1,1,,2,4,,,,,,,,,,,,,,,,,0,0,0,,,,,0,,,,,,,,,,,,,,,,,,,,,,0,
3/11/2017,17:00,32 Quincy St,Somerville,MA,1,1,1,1,4,3,2,2,99,,2,99,,,,,,,,,,,,,,,,,0,0,0,,,,,0,,,,,,,,,,,,,,,,,,,,,,0,
3/10/2017,17:52,651 Somerville Ave,Somerville,MA,2,2,3,3,1,2,2,1,5,,1,1,,,,,,,,,,,,,,,,,0,0,0,,,,,1,2,0,32,3,1,0,74,3,1,,,,,,,,,,,,,0,
3/10/2017,22:21,Bonner Ave & Homer Sq,Somerville,MA,4,3,2,3,1,3,4,2,99,,2,99,,2,1,,2,1,,,,,,,,,,,0,0,0,,,,,0,,,,,,,,,,,,,,,,,,,,,,0,
3/10/2017,22:06,487 Broadway,Somerville,MA,4,4,1,1,1,1,1,2,1,,,,,,,,,,,,,,,,,,,,0,0,1,,,building,,0,,,,,,,,,,,,,,,,,,,,,,0,
3/10/2017,8:41,Belmont St & Somerville Ave,Somerville,MA,4,3,99,3,1,3,2,2,1,,2,1,,,,,,,,,,,,,,,,,0,0,0,,,,,0,,,,,,,,,,,,,,,,,,,,,,0,
3/9/2017,11:45,Highland Ave & Cutter Ave,Somerville,MA,1,1,4,4,2,4,2,1,4,,8,1,,,,,,,,,,,,,,,,,0,0,0,,,,,0,,,,,,,,,,,,,,,,,,,,,,0,
3/8/2017,16:18,Highland Ave & Cedar St,Somerville,MA,1,1,3,2,1,4,2,2,1,,1,1,,,,,,,,,,,,,,,,,0,0,0,,,,,0,,,,,,,,,,,,,,,,,,,,,,0,
3/5/2017,12:00,787 Broadway,Somerville,MA,1,1,1,7,2,2,2,1,1,,1,5,,,,,,,,,,,,,,,,,0,0,0,,,,,1,,0,45,4,1,,,,,,,,,,,,,,,,,0,
3/4/2017,11:17,Lowell St & Summer St,Somerville,MA,2,1,2,2,"2,4",3,2,2,4,,1,1,,,,,,,,,,,,,,,,,0,0,0,,,,,0,,,,,,,,,,,,,,,,,,,,,,0,
3/3/2017,8:30,91 Bailey Rd,Somerville,MA,1,1,1,1,1,3,2,1,99,,1,1,,,,,,,,,,,,,,,,,0,0,0,,,,,0,,,,,,,,,,,,,,,,,,,,,,0,