Date,Time,Location,City,State,Weather (2&3),Road Surface (6),Traffic Control Device (4),Intersection Type (7),Traffic Way Desc (8),Collision Manner (11),# of Involved Vehicles,Vehicle1 Configuration (21),Driver1 Contrib Code1 (25),Driver1 Contrib Code2 (25),Vehicle2 Configuration (21),Driver2 Contrib Code1 (25),Driver2 Contrib Code2 (25),Vehicle3 Configuration (21),Driver3 Contrib Code1 (25),Driver3 Contrib Code2 (25),Vehicle4 Configuration (21),Driver4 Contrib Code1 (25),Driver4 Contrib Code2 (25),Vehicle5 Configuration (21),Driver5 Contrib Code1 (25),Driver5 Contrib Code2 (25),Vehicle6 Configuration (21),Driver6 Contrib Code1 (25),Driver6 Contrib Code2 (25),Vehicle7 Configuration (21),Driver7 Contrib Code1 (25),Driver7 Contrib Code2 (25),Bicycle,Pedestrian,Non-MV,Non-Motorist Location (16),Non-Motorist Action (15),Non-Motorist Type,Manner of Non-Motorist (Person) Collision,Injury,Multiple,Gender1,Age1,Severity1,Hospital1,Gender2,Age2,Severity2,Hospital2,Gender3,Age3,Severity3,Hospital3,Gender4,Age4,Severity4,Hospital4,Gender5,Age5,Severity5,Hospital5,City Vehicle?,Notes
3/3/2017,16:49,360 Medford St,Somerville,MA,1,1,1,1,1,3,2,1,1,,2,99,,,,,,,,,,,,,,,,,0,0,0,,,,,0,,,,,,,,,,,,,,,,,,,,,,0,
3/3/2017,16:46,57 Dane St,Somerville,MA,1,1,1,1,1,3,2,2,4,,2,1,,,,,,,,,,,,,,,,,0,0,0,,,,,0,,,,,,,,,,,,,,,,,,,,,,0,
3/3/2017,13:30,College Ave & Park Ave,Somerville,MA,1,1,1,1,2,5,2,1,1,,1,6,,,,,,,,,,,,,,,,,0,0,0,,,,,0,,,,,,,,,,,,,,,,,,,,,,0,
3/3/2017,13:12,Union Sq & Webster Ave,Somerville,MA,1,1,3,3,unk,5,2,1,3,,1,1,,,,,,,,,,,,,,,,,0,0,0,,,,,0,,,,,,,,,,,,,,,,,,,,,,0,
3/3/2017,7:42,Marshall St & Mortimer Pl,Somerville,MA,1,1,1,4,4,2,3,2,99,,2,99,,1,1,,,,,,,,,,,,,,0,0,0,,,,,1,5,0,40,4,1,0,16,99,1,0,14,4,1,0,13,4,1,0,39,4,1,0,
3/2/2017,15:14,257 School St,Somerville,MA,1,1,1,1,1,3,2,1,99,,2,1,,,,,,,,,,,,,,,,,0,0,0,,,,,1,,0,37,4,0,,,,,,,,,,,,,,,,,0,
3/1/2017,17:53,94 Broadway,Somerville,MA,1,1,1,1,3,4,2,15,1,,1,9,,,,,,,,,,,,,,,,,0,0,0,,,,,1,,1,40,3,1,,,,,,,,,,,,,,,,,0,
2/26/2017,16:20,Simpson Ave & Holland St,Somerville,MA,1,1,2,3,4,1,1,1,4,,,,,,,,,,,,,,,,,,,,0,1,0,1,2,,1,1,,0,77,2,1,,,,,,,,,,,,,,,,,0,
2/25/2017,2:33,51 Springfield St,Somerville,MA,2,1,1,3,1,2,3,1,99,,2,1,,2,1,,,,,,,,,,,,,,0,0,0,,,,,1,,0,29,4,1,,,,,,,,,,,,,,,,,0,
2/24/2017,23:40,71 Webster Ave,Somerville,MA,1,1,1,1,1,4,2,1,1,,2,99,,,,,,,,,,,,,,,,,0,0,0,,,,,0,,,,,,,,,,,,,,,,,,,,,,0,
2/24/2017,15:37,Highland Ave & Cutter Ave,Somerville,MA,1,1,3,4,1,3,2,2,99,,2,99,,,,,,,,,,,,,,,,,0,0,0,,,,,0,,,,,,,,,,,,,,,,,,,,,,0,
2/22/2017,7:55,Cherry St & Summer St,Somerville,MA,2,1,2,2,1,3,2,1,4,,1,1,,,,,,,,,,,,,,,,,0,0,0,,,,,0,,,,,,,,,,,,,,,,,,,,,,0,
2/22/2017,13:30,22 Clifton St,Somerville,MA,1,1,1,1,1,3,2,2,1,,1,1,,,,,,,,,,,,,,,,,0,0,0,,,,,0,,,,,,,,,,,,,,,,,,,,,,1,
2/19/2017,16:08,Broadway & College Ave,Somerville,MA,1,1,4,7,4,2,2,2,99,,1,99,,,,,,,,,,,,,,,,,0,0,0,,,,,0,,,,,,,,,,,,,,,,,,,,,,0,
2/18/2017,15:30,155 Sycamore St,Somerville,MA,"1,4",2,1,1,4,4,2,1,1,,1,99,,,,,,,,,,,,,,,,,0,0,0,,,,,0,,,,,,,,,,,,,,,,,,,,,,0,
2/16/2017,18:48,Highland Ave & Lowell St,Somerville,MA,3,2,3,2,1,6,2,1,1,,1,1,,,,,,,,,,,,,,,,,0,0,0,,,,,1,4,1,55,3,1,1,25,3,1,0,24,3,1,0,19,3,1,,,,,0,
2/15/2017,23:23,34 Albion St,Somerville,MA,1,2,1,1,4,4,2,1,20,,1,1,,,,,,,,,,,,,,,,,0,0,0,,,,,0,,,,,,,,,,,,,,,,,,,,,,0,
2/15/2017,17:07,312 Broadway,Somerville,MA,"3,2",2,1,1,1,4,2,13,1,,1,1,,,,,,,,,,,,,,,,,0,0,0,,,,,0,,,,,,,,,,,,,,,,,,,,,,1,
2/14/2017,7:46,356 Highland Ave,Somerville,MA,1,2,1,1,2,4,2,2,97,,2,1,,,,,,,,,,,,,,,,,0,0,0,,,,,0,,,,,,,,,,,,,,,,,,,,,,1,
2/14/2017,19:18,Bow St & Summer St,Somerville,MA,1,2,3,4,4,99,1,1,99,,,,,,,,,,,,,,,,,,,,1,0,0,4,2,,1,1,,1,28,3,0,,,,,,,,,,,,,,,,,0,
2/14/2017,11:36,Powder House Blvd & Curtis St,Somerville,MA,1,2,3,2,1,3,2,1,3,7,1,1,,,,,,,,,,,,,,,,,0,0,0,,,,,0,,,,,,,,,,,,,,,,,,,,,,0,
2/14/2017,8:03,Morrison Ave & College Ave,Somerville,MA,1,2,4,3,2,3,2,1,4,,2,1,,,,,,,,,,,,,,,,,0,0,0,,,,,1,,0,55,4,0,,,,,,,,,,,,,,,,,0,
2/13/2017,3:40,253 Willow Ave,Somerville,MA,"4,8",3,1,1,1,8,2,2,1,,1,1,,,,,,,,,,,,,,,,,0,0,0,,,,,0,,,,,,,,,,,,,,,,,,,,,,1,
2/13/2017,15:07,8 School St,Somerville,MA,1,3,1,1,4,4,2,97,1,,1,1,,,,,,,,,,,,,,,,,0,0,0,,,,,0,,,,,,,,,,,,,,,,,,,,,,1,
2/13/2017,3:24,78 Putnam St,Somerville,MA,"1,3",1,1,1,1,1,2,8,1,,1,1,,,,,,,,,,,,,,,,,0,0,0,,,,,0,,,,,,,,,,,,,,,,,,,,,,1,
2/12/2017,15:49,Medford St & Central St,Somerville,MA,"4,2",3,3,3,2,3,2,1,1,,2,1,,,,,,,,,,,,,,,,,0,0,0,,,,,0,,,,,,,,,,,,,,,,,,,,,,0,
2/10/2017,8:44,465 Broadway,Somerville,MA,1,3,1,1,1,3,2,2,1,,99,13,,,,,,,,,,,,,,,,,0,0,0,,,,,0,,,,,,,,,,,,,,,,,,,,,,1,
2/10/2017,11:47,Highland Ave & Porter St,Somerville,MA,2,2,2,3,1,1,1,6,10,3,,,,,,,,,,,,,,,,,,,0,0,1,,,building,,1,2,0,36,3,1,0,40,3,1,,,,,,,,,,,,,0,Injured parties were working in building that was struck
2/9/2017,10:52,Vinal Ave & Pleasant Ave,Somerville,MA,4,3,1,3,4,1,2,2,1,,1,1,,,,,,,,,,,,,,,,,0,0,0,,,,,0,,,,,,,,,,,,,,,,,,,,,,1,
2/8/2017,6:04,Beacon St & Somerville Ave,Somerville,MA,"2,5",4,3,3,1,1,1,2,1,,,,,,,,,,,,,,,,,,,,0,0,1,,,traffic signal post,,0,,,,,,,,,,,,,,,,,,,,,,0,
2/8/2017,7:58,Maine Ter & Austin St,Somerville,MA,5,4,1,1,4,2,2,2,1,,2,1,,,,,,,,,,,,,,,,,0,0,0,,,,,0,,,,,,,,,,,,,,,,,,,,,,1,
2/8/2017,7:29,East Albion St & Ash Ave,Somerville,MA,5,4,2,3,4,1,1,2,1,,,,,,,,,,,,,,,,,,,,0,0,1,,,guard rail,,0,,,,,,,,,,,,,,,,,,,,,,1,
2/8/2017,6:53,Maine Ter & Austin St,Somerville,MA,"2,5",4,1,1,4,4,2,2,1,,2,1,,,,,,,,,,,,,,,,,0,0,0,,,,,0,,,,,,,,,,,,,,,,,,,,,,0,
2/8/2017,6:35,Medford St & Pearl St,Somerville,MA,"97,5",4,99,1,2,2,2,2,1,,2,1,,,,,,,,,,,,,,,,,0,0,0,,,,,1,,0,60,99,1,,,,,,,,,,,,,,,,,0,
2/8/2017,7:30,110 Moreland St,Somerville,MA,5,4,1,1,4,3,8,2,1,,2,1,,2,1,,2,1,,2,1,,1,1,,1,1,,0,0,0,,,,,0,,,,,,,,,,,,,,,,,,,,,,0,
2/5/2017,13:30,Sydney St & Temple St,Somerville,MA,1,1,1,3,1,8,2,1,20,,1,1,,,,,,,,,,,,,,,,,0,0,0,,,,,0,,,,,,,,,,,,,,,,,,,,,,0,
2/4/2017,20:30,Medford St & Lowell St,Somerville,MA,1,1,3,3,1,4,2,1,3,10,1,1,,,,,,,,,,,,,,,,,0,0,0,,,,,0,,,,,,,,,,,,,,,,,,,,,,0,
2/4/2017,23:01,211 College Ave,Somerville,MA,1,1,1,1,unk,2,3,1,21,,1,1,,1,1,,,,,,,,,,,,,,0,0,0,,,,,0,,,,,,,,,,,,,,,,,,,,,,0,
2/4/2017,15:39,249 Highland Ave,Somerville,MA,1,1,1,1,1,4,2,1,4,19,2,1,,,,,,,,,,,,,,,,,0,0,0,,,,,0,,,,,,,,,,,,,,,,,,,,,,0,
2/3/2017,20:10,Warner St & Pearson Rd,Somerville,MA,1,1,2,2,2,3,2,1,3,,1,1,,,,,,,,,,,,,,,,,0,0,0,,,,,0,,,,,,,,,,,,,,,,,,,,,,0,
2/3/2017,15:15,Dane St & Washington St,Somerville,MA,1,1,3,3,1,2,2,2,99,,1,99,,,,,,,,,,,,,,,,,0,0,0,,,,,1,,0,57,4,1,,,,,,,,,,,,,,,,,0,
2/1/2017,10:46,Beacon St & Concord Ave,Somerville,MA,1,2,1,3,1,3,1,1,3,,,,,,,,,,,,,,,,,,,,0,1,0,1,1,,2,1,,0,52,3,1,,,,,,,,,,,,,,,,,0,
2/1/2017,18:53,Medford St & Adams St,Somerville,MA,1,1,2,3,1,3,2,1,1,,1,18,,,,,,,,,,,,,,,,,0,0,0,,,,,0,,,,,,,,,,,,,,,,,,,,,,0,
2/1/2017,7:30,Broadway & Broadway Pl,Somerville,MA,1,2,2,3,1,1,1,1,1,,,,,,,,,,,,,,,,,,,,1,0,0,9,2,,5,1,,1,49,4,1,,,,,,,,,,,,,,,,,0,
1/31/2017,14:30,Highland Ave & Tower St,Somerville,MA,1,1,1,3,1,3,2,1,1,,1,1,,,,,,,,,,,,,,,,,0,0,0,,,,,0,,,,,,,,,,,,,,,,,,,,,,0,
1/28/2017,15:37,200 Broadway,Somerville,MA,1,1,1,1,2,2,2,2,5,,1,1,,,,,,,,,,,,,,,,,0,0,0,,,,,0,,,,,,,,,,,,,,,,,,,,,,0,
1/27/2017,15:44,Highland Ave & Cedar St,Somerville,MA,1,1,3,2,1,2,2,1,97,,2,1,,,,,,,,,,,,,,,,,0,0,0,,,,,0,,,,,,,,,,,,,,,,,,,,,,0,
1/25/2017,14:10,Temple St & Heath St,Somerville,MA,1,1,2,2,1,3,2,1,1,,1,4,,,,,,,,,,,,,,,,,0,0,0,,,,,0,,,,,,,,,,,,,,,,,,,,,,0,
1/25/2017,12:25,120 Temple St,Somerville,MA,1,1,1,1,1,1,1,1,1,,,,,,,,,,,,,,,,,,,,0,1,0,4,1,,5,1,,0,20,4,1,,,,,,,,,,,,,,,,,0,
1/19/2017,7:49,72 Park St,Somerville,MA,1,1,1,1,1,4,2,6,1,,1,1,,,,,,,,,,,,,,,,,0,0,0,,,,,0,,,,,,,,,,,,,,,,,,,,,,1,
1/19/2017,0:48,45 Sewall St,Somerville,MA,"2,3",2,1,1,4,6,2,1,10,,1,1,,,,,,,,,,,,,,,,,0,0,0,,,,,1,,1,30,4,0,,,,,,,,,,,,,,,,,0,
1/18/2017,12:52,19 Edmands St,Somerville,MA,unk,unk,unk,unk,unk,4,2,1,1,,2,1,,,,,,,,,,,,,,,,,0,0,0,,,,,0,,,,,,,,,,,,,,,,,,,,,,1,
1/17/2017,14:26,Somerville Ave & Lowell St,Somerville,MA,2,1,3,2,1,2,2,1,1,,2,5,,,,,,,,,,,,,,,,,0,0,0,,,,,0,,,,,,,,,,,,,,,,,,,,,,1,
1/15/2017,0:34,Holland St & Dover St,Somerville,MA,1,1,3,4,2,3,2,1,1,,1,4,,,,,,,,,,,,,,,,,0,0,0,,,,,0,,,,,,,,,,,,,,,,,,,,,,0,
1/15/2017,17:04,Grant St & Sydney St,Somerville,MA,1,1,2,3,4,3,2,1,10,,2,1,,,,,,,,,,,,,,,,,0,0,0,,,,,0,,,,,,,,,,,,,,,,,,,,,,0,
1/14/2017,20:20,220 Washington St,Somerville,MA,1,1,1,1,1,3,2,1,1,,1,4,,,,,,,,,,,,,,,,,0,0,0,,,,,0,,,,,,,,,,,,,,,,,,,,,,0,
1/12/2017,12:34,290 Somerville Ave,Somerville,MA,1,1,1,1,1,2,3,1,1,,1,1,,1,99,,,,,,,,,,,,,,0,0,0,,,,,0,,,,,,,,,,,,,,,,,,,,,,0,
1/12/2017,8:50,Broadway & Willow Ave,Somerville,MA,1,2,3,2,2,3,2,1,1,,1,3,,,,,,,,,,,,,,,,,0,0,0,,,,,0,,,,,,,,,,,,,,,,,,,,,,0,
1/11/2017,16:04,Highland Ave & Walnut St,Somerville,MA,1,1,3,2,1,3,2,2,3,,2,1,,,,,,,,,,,,,,,,,0,0,0,,,,,1,2,0,51,3,1,0,25,3,1,,,,,,,,,,,,,0,
1/10/2017,8:01,Lowell St & Hudson St,Somerville,MA,1,2,1,2,1,3,2,1,18,,1,1,,,,,,,,,,,,,,,,,0,0,0,,,,,0,,,,,,,,,,,,,,,,,,,,,,0,
1/7/2017,13:28,46 Summer St,Somerville,MA,4,3,1,1,1,5,2,2,1,,1,1,,,,,,,,,,,,,,,,,0,0,0,,,,,0,,,,,,,,,,,,,,,,,,,,,,1,
1/7/2017,16:24,Highland Ave & Tower St,Somerville,MA,"4,2",3,2,3,8,3,2,2,1,,1,1,,,,,,,,,,,,,,,,,0,0,0,,,,,0,,,,,,,,,,,,,,,,,,,,,,0,
1/7/2017,13:21,Washington St & Medford St,Somerville,MA,4,3,1,1,3,1,1,1,7,,,,,,,,,,,,,,,,,,,,0,0,1,5,99,building,,0,,,,,,,,,,,,,,,,,,,,,,0,
1/6/2017,11:00,Foley St (at MBTA parking lot entrance),Somerville,MA,4,2,1,9,1,4,2,1,4,,1,1,,,,,,,,,,,,,,,,,0,0,0,,,,,0,,,,,,,,,,,,,,,,,,,,,,0,
1/6/2017,16:48,Crocker St & Highland Ave,Somerville,MA,1,1,1,3,1,2,3,1,1,,1,1,,1,1,,,,,,,,,,,,,,0,0,0,,,,,0,,,,,,,,,,,,,,,,,,,,,,0,
1/6/2017,9:08,167 Pearl St,Somerville,MA,4,3,unk,1,1,2,2,2,1,,1,1,,,,,,,,,,,,,,,,,0,0,0,,,,,0,,,,,,,,,,,,,,,,,,,,,,0,
1/5/2017,14:24,116 College Ave,Somerville,MA,1,1,1,1,1,1,1,10,1,,,,,,,,,,,,,,,,,,,,0,0,1,,,tree,,0,,,,,,,,,,,,,,,,,,,,,,0,
1/3/2017,15:04,Highland Ave & Benton Rd,Somerville,MA,3,2,1,2,1,1,1,2,4,,,,,,,,,,,,,,,,,,,,0,1,0,1,2,,2,1,,0,45,3,1,,,,,,,,,,,,,,,,,0,
1/1/2017,8:42,400 Somerville Ave,Somerville,MA,1,1,1,1,1,1,1,1,19,,,,,,,,,,,,,,,,,,,,0,1,0,4,1,,2,1,,1,75,4,1,,,,,,,,,,,,,,,,,0,
1/1/2017,2:53,Warner St & Pearson Rd,Somerville,MA,3,2,2,3,1,3,2,1,1,,1,1,,,,,,,,,,,,,,,,,0,0,0,,,,,0,,,,,,,,,,,,,,,,,,,,,,0,
12/31/2016,20:53,Main St & Edgar Ave,Somerville,MA,3,2,1,1,1,1,1,2,1,,,,,,,,,,,,,,,,,,,,0,1,0,4,2,,5,1,,0,22,3,1,,,,,,,,,,,,,,,,,0,
12/31/2016,13:19,73 Summer St,Somerville,MA,1,1,1,1,1,4,2,2,1,,2,1,,,,,,,,,,,,,,,,,0,0,0,,,,,0,,,,,,,,,,,,,,,,,,,,,,0,
12/28/2016,19:38,Summer St & School St,Somerville,MA,1,1,3,3,1,1,1,3,6,,,,,,,,,,,,,,,,,,,,0,0,1,,,traffic signal,,0,,,,,,,,,,,,,,,,,,,,,,0,
12/23/2016,16:51,13 Garfield Ave,Somerville,MA,1,1,1,1,1,1,1,2,4,,,,,,,,,,,,,,,,,,,,0,1,0,3,2,,5,1,,0,19,2,1,,,,,,,,,,,,,,,,,0,
12/21/2016,12:32,Summer St & Cherry St,Somerville,MA,1,1,2,3,1,3,2,1,1,,1,3,,,,,,,,,,,,,,,,,0,0,0,,,,,0,,,,,,,,,,,,,,,,,,,,,,0,
12/21/2016,18:55,16 Dane St,Somerville,MA,1,1,1,1,1,3,3,1,99,,1,1,,1,1,,,,,,,,,,,,,,0,0,0,,,,,0,,,,,,,,,,,,,,,,,,,,,,0,
12/21/2016,8:59,Broadway & Warner St,Somerville,MA,1,1,3,7,unk,3,2,1,99,,1,1,,,,,,,,,,,,,,,,,0,0,0,,,,,0,,,,,,,,,,,,,,,,,,,,,,0,
12/20/2016,17:25,Broadway & McGrath Hwy,Somerville,MA,1,1,1,1,3,1,1,2,19,,,,,,,,,,,,,,,,,,,,0,1,0,4,1,,1,0,,,,,,,,,,,,,,,,,,,,,,0,
12/20/2016,20:38,Pearl St & Mt. Vernon St,Somerville,MA,1,1,1,3,1,1,1,1,10,15,,,,,,,,,,,,,,,,,,,0,0,1,,,light pole,,1,,1,29,3,1,,,,,,,,,,,,,,,,,0,
12/20/2016,19:00,1370 Broadway,Somerville,MA,1,1,1,1,2,6,2,2,4,19,1,1,,,,,,,,,,,,,,,,,0,0,0,,,,,0,,,,,,,,,,,,,,,,,,,,,,0,
12/20/2016,8:11,Elm St & Hancock St,Somerville,MA,1,1,1,2,1,1,1,1,4,,,,,,,,,,,,,,,,,,,,0,1,0,1,1,,5,1,,1,23,3,0,,,,,,,,,,,,,,,,,0,
12/18/2016,1:25,Lombardi Way & Mystic Ave,Somerville,MA,"2,3",2,3,2,3,1,1,1,12,,,,,,,,,,,,,,,,,,,,0,0,1,,,median,,0,,,,,,,,,,,,,,,,,,,,,,0,
12/18/2016,11:40,Packard Ave & Electric Ave,Somerville,MA,"3,2",2,2,2,1,6,2,1,99,,1,99,,,,,,,,,,,,,,,,,0,0,0,,,,,0,,,,,,,,,,,,,,,,,,,,,,0,
12/17/2016,12:41,Highland Ave & Prescott St,Somerville,MA,4,2,1,1,2,6,2,1,7,9,2,1,,,,,,,,,,,,,,,,,0,0,0,,,,,0,,,,,,,,,,,,,,,,,,,,,,0,
12/17/2016,7:24,39 Benton Rd,Somerville,MA,"2,4",3,1,1,4,2,2,1,99,,2,1,,,,,,,,,,,,,,,,,0,0,0,,,,,0,,,,,,,,,,,,,,,,,,,,,,0,
12/16/2016,13:20,75 Washington St,Somerville,MA,1,1,3,1,1,2,2,2,5,19,1,1,,,,,,,,,,,,,,,,,0,0,0,,,,,1,,1,60,3,1,,,,,,,,,,,,,,,,,0,
12/16/2016,17:42,Washington St & Union Sq,Somerville,MA,1,1,3,2,1,3,2,2,1,,6,1,,,,,,,,,,,,,,,,,0,0,0,,,,,0,,,,,,,,,,,,,,,,,,,,,,0,
12/14/2016,10:11,Elm St & Grove St,Somerville,MA,1,1,1,3,1,1,1,6,4,3,,,,,,,,,,,,,,,,,,,0,1,0,1,2,,2,1,,1,62,3,1,,,,,,,,,,,,,,,,,0,
12/12/2016,unk,Cross St & Oliver St,Somerville,MA,"2,3",2,2,3,1,3,2,1,99,,1,1,,,,,,,,,,,,,,,,,0,0,0,,,,,0,,,,,,,,,,,,,,,,,,,,,,0,
12/12/2016,1:58,13 Spring St,Somerville,MA,"4,8",3,99,1,4,2,2,1,1,,8,1,11,,,,,,,,,,,,,,,,0,0,0,,,,,0,,,,,,,,,,,,,,,,,,,,,,0,
12/11/2016,3:16,113 College Ave,Somerville,MA,1,1,1,1,1,4,2,1,1,,1,1,,,,,,,,,,,,,,,,,0,0,0,,,,,1,2,1,35,3,1,1,30,3,1,,,,,,,,,,,,,0,
12/11/2016,12:10,Prospect St & Somerville Ave,Somerville,MA,1,1,3,2,1,3,2,2,1,,2,1,,,,,,,,,,,,,,,,,0,0,0,,,,,0,,,,,,,,,,,,,,,,,,,,,,1,
12/10/2016,8:30,Walnut St & Sargent Ave,Somerville,MA,1,1,1,3,4,4,2,1,19,,1,1,,,,,,,,,,,,,,,,,0,0,0,,,,,0,,,,,,,,,,,,,,,,,,,,,,0,
12/10/2016,14:42,Powder House Blvd & North St,Somerville,MA,1,1,3,1,1,2,3,1,12,,2,1,,1,1,,,,,,,,,,,,,,0,0,0,,,,,1,,1,26,4,0,,,,,,,,,,,,,,,,,0,
12/9/2016,10:04,Great River Rd & Artisan Way,Somerville,MA,1,1,1,2,1,3,2,2,1,,1,4,,,,,,,,,,,,,,,,,0,0,0,,,,,0,,,,,,,,,,,,,,,,,,,,,,0,
12/8/2016,8:42,Central St & Cleveland St,Somerville,MA,1,1,1,3,4,3,1,1,1,,,,,,,,,,,,,,,,,,,,1,0,0,4,2,,6,1,,1,29,3,1,,,,,,,,,,,,,,,,,0,
12/8/2016,17:39,Summer St & Cutter Ave,Somerville,MA,1,1,3,3,4,4,2,1,1,,2,1,,,,,,,,,,,,,,,,,0,0,0,,,,,0,,,,,,,,,,,,,,,,,,,,,,0,
12/6/2016,9:50,541 Broadway,Somerville,MA,1,1,1,1,1,3,2,1,1,,8,1,,,,,,,,,,,,,,,,,0,0,0,,,,,0,,,,,,,,,,,,,,,,,,,,,,0,
12/4/2016,12:15,451 Somerville Ave,Somerville,MA,1,1,1,1,1,2,2,1,5,,1,1,,,,,,,,,,,,,,,,,0,0,0,,,,,0,,,,,,,,,,,,,,,,,,,,,,0,
12/4/2016,0:12,157 Boston Ave,Somerville,MA,1,1,1,1,1,2,2,1,1,,2,99,,,,,,,,,,,,,,,,,0,0,0,,,,,0,,,,,,,,,,,,,,,,,,,,,,0,
12/2/2016,10:04,1 Franey Rd,Somerville,MA,1,1,1,3,1,4,2,1,1,,7,13,,,,,,,,,,,,,,,,,0,0,0,,,,,0,,,,,,,,,,,,,,,,,,,,,,1,
12/2/2016,22:47,Broadway & Warner St,Somerville,MA,1,1,2,7,4,3,2,1,4,,2,1,,,,,,,,,,,,,,,,,0,0,0,,,,,0,,,,,,,,,,,,,,,,,,,,,,0,
12/2/2016,13:40,Powder House Blvd & North St,Somerville,MA,1,1,3,2,1,3,2,1,1,,1,99,,,,,,,,,,,,,,,,,0,0,0,,,,,1,3,0,20,3,1,0,20,3,1,1,74,4,0,,,,,,,,,0,
12/2/2016,13:07,Marshall St & Stickney Ave,Somerville,MA,2,1,2,3,4,3,2,1,1,,1,4,,,,,,,,,,,,,,,,,0,0,0,,,,,0,,,,,,,,,,,,,,,,,,,,,,0,
12/2/2016,1:35,Oxford St & Beacon St,Somerville,MA,1,1,1,3,1,1,1,2,11,,,,,,,,,,,,,,,,,,,,0,0,1,,,curb,,1,,1,29,4,0,,,,,,,,,,,,,,,,,0,
12/1/2016,1:37,258 Powder House Blvd,Somerville,MA,"2,3",2,1,1,1,5,2,1,1,,1,99,,,,,,,,,,,,,,,,,0,0,0,,,,,0,,,,,,,,,,,,,,,,,,,,,,0,
12/1/2016,19:53,Central St & Summer St,Somerville,MA,1,1,3,3,99,3,2,1,4,,2,1,,,,,,,,,,,,,,,,,0,0,0,,,,,1,,1,42,4,1,,,,,,,,,,,,,,,,,1,
12/1/2016,14:31,Highland Ave & Hancock St,Somerville,MA,"1,2",1,1,2,1,3,2,1,11,7,2,6,,,,,,,,,,,,,,,,,0,0,0,,,,,0,,,,,,,,,,,,,,,,,,,,,,0,
12/1/2016,7:34,117 Elm St,Somerville,MA,1,1,1,1,1,2,2,1,1,,1,5,,,,,,,,,,,,,,,,,0,0,0,,,,,1,,0,48,4,0,,,,,,,,,,,,,,,,,0,
11/30/2016,7:15,Albion St & Lowell St,Somerville,MA,3,2,2,2,1,3,2,1,4,,1,1,,,,,,,,,,,,,,,,,0,0,0,,,,,0,,,,,,,,,,,,,,,,,,,,,,0,
11/29/2016,16:24,Broadway & Grant St,Somerville,MA,3,2,1,3,3,5,1,1,4,,,,,,,,,,,,,,,,,,,,1,0,0,2,2,,5,1,,1,27,4,0,,,,,,,,,,,,,,,,,0,
11/29/2016,17:07,235 Highland Ave,Somerville,MA,3,2,1,1,1,1,1,1,1,,,,,,,,,,,,,,,,,,,,0,1,0,4,2,,2,1,,0,29,3,1,,,,,,,,,,,,,,,,,0,
11/29/2016,16:22,470 Medford St,Somerville,MA,3,2,1,1,1,1,1,1,18,,,,,,,,,,,,,,,,,,,,1,0,0,4,2,,7,1,,1,47,2,1,,,,,,,,,,,,,,,,,0,
11/28/2016,7:30,37 Edgar Ave,Somerville,MA,1,1,1,1,1,10,2,1,99,,1,99,,,,,,,,,,,,,,,,,0,0,0,,,,,0,,,,,,,,,,,,,,,,,,,,,,0,
11/26/2016,17:50,Mystic Ave & Revolution Dr,Somerville,MA,1,1,1,1,4,2,2,2,1,,1,20,10,,,,,,,,,,,,,,,,0,0,0,,,,,1,,0,36,4,1,1,34,4,1,,,,,,,,,,,,,0,
11/22/2016,7:50,Broadway & Medford St,Somerville,MA,1,1,3,3,2,1,1,1,19,10,,,,,,,,,,,,,,,,,,,1,0,0,4,2,,4,1,,0,33,4,1,,,,,,,,,,,,,,,,,0,
11/22/2016,9:58,Somerville Ave & Medford St,Somerville,MA,1,1,1,1,1,3,2,1,99,,8,99,,,,,,,,,,,,,,,,,0,0,0,,,,,0,,,,,,,,,,,,,,,,,,,,,,0,
11/22/2016,8:30,Broadway & Corinthian Rd,Somerville,MA,1,1,1,3,1,4,2,1,4,,99,1,,,,,,,,,,,,,,,,,1,0,0,4,2,,1,1,,1,26,4,0,,,,,,,,,,,,,,,,,0,
11/21/2016,1:00,Highland Ave & College Ave & Holland St,Somerville,MA,"4,8",2,3,8,2,2,2,1,99,,1,,,,,,,,,,,,,,,,,,0,0,0,,,,,0,,,,,,,,,,,,,,,,,,,,,,0,
11/21/2016,8:20,Columbia St & Webster St,Somerville,MA,1,1,2,3,1,3,2,6,6,,1,1,,,,,,,,,,,,,,,,,0,0,0,,,,,0,,,,,,,,,,,,,,,,,,,,,,0,
11/20/2016,22:50,Broadway & Westminster St,Somerville,MA,"4,8",2,1,3,8,5,2,1,11,,2,1,,,,,,,,,,,,,,,,,0,0,0,,,,,1,,1,38,4,1,,,,,,,,,,,,,,,,,1,
11/19/2016,14:30,Revolution Dr & Middlesex Ave,Somerville,MA,1,1,1,2,2,3,2,1,4,,1,1,,,,,,,,,,,,,,,,,0,0,0,,,,,0,,,,,,,,,,,,,,,,,,,,,,0,
11/19/2016,20:35,120 Summer St,Somerville,MA,1,1,1,3,2,4,2,2,99,,2,,,,,,,,,,,,,,,,,,0,0,0,,,,,0,,,,,,,,,,,,,,,,,,,,,,0,
11/18/2016,7:53,School St & Madison St,Somerville,MA,1,1,1,3,4,1,1,1,1,,,,,,,,,,,,,,,,,,,,0,1,0,4,2,,5,1,,1,19,4,1,,,,,,,,,,,,,,,,,0,