Date,Time,Location,City,State,Weather (2&3),Road Surface (6),Traffic Control Device (4),Intersection Type (7),Traffic Way Desc (8),Collision Manner (11),# of Involved Vehicles,Vehicle1 Configuration (21),Driver1 Contrib Code1 (25),Driver1 Contrib Code2 (25),Vehicle2 Configuration (21),Driver2 Contrib Code1 (25),Driver2 Contrib Code2 (25),Vehicle3 Configuration (21),Driver3 Contrib Code1 (25),Driver3 Contrib Code2 (25),Vehicle4 Configuration (21),Driver4 Contrib Code1 (25),Driver4 Contrib Code2 (25),Vehicle5 Configuration (21),Driver5 Contrib Code1 (25),Driver5 Contrib Code2 (25),Vehicle6 Configuration (21),Driver6 Contrib Code1 (25),Driver6 Contrib Code2 (25),Vehicle7 Configuration (21),Driver7 Contrib Code1 (25),Driver7 Contrib Code2 (25),Bicycle,Pedestrian,Non-MV,Non-Motorist Location (16),Non-Motorist Action (15),Non-Motorist Type,Manner of Non-Motorist (Person) Collision,Injury,Multiple,Gender1,Age1,Severity1,Hospital1,Gender2,Age2,Severity2,Hospital2,Gender3,Age3,Severity3,Hospital3,Gender4,Age4,Severity4,Hospital4,Gender5,Age5,Severity5,Hospital5,City Vehicle?,Notes
11/16/2016,17:15,Summer St & Lowell St,Somerville,MA,1,1,2,3,1,3,2,2,1,,2,1,,,,,,,,,,,,,,,,,0,0,0,,,,,0,,,,,,,,,,,,,,,,,,,,,,0,
11/14/2016,20:03,1 Union Sq,Somerville,MA,1,1,1,1,1,3,2,2,1,,1,9,,,,,,,,,,,,,,,,,0,0,0,,,,,0,,,,,,,,,,,,,,,,,,,,,,0,
11/13/2016,0:58,33 Quincy St,Somerville,MA,1,1,1,1,4,4,2,2,1,,2,1,,,,,,,,,,,,,,,,,0,0,0,,,,,0,,,,,,,,,,,,,,,,,,,,,,0,
11/13/2016,16:54,Broadway & Garfield Ave,Somerville,MA,1,1,3,3,2,3,2,1,1,,1,1,,,,,,,,,,,,,,,,,0,0,0,,,,,0,,,,,,,,,,,,,,,,,,,,,,1,
11/13/2016,12:30,Broadway & Weston Ave,Somerville,MA,1,1,1,3,1,1,1,1,99,,,,,,,,,,,,,,,,,,,,0,0,1,,,sign pole,,0,,,,,,,,,,,,,,,,,,,,,,0,
11/13/2016,0:07,Washington St & Magnus Ave,Somerville,MA,1,1,1,3,1,2,2,2,8,,1,5,,,,,,,,,,,,,,,,,0,0,0,,,,,0,,,,,,,,,,,,,,,,,,,,,,1,
11/12/2016,13:51,Medford St & Walnut St,Somerville,MA,1,1,3,2,1,3,2,1,1,,1,1,,,,,,,,,,,,,,,,,0,0,0,,,,,1,,1,31,4,1,,,,,,,,,,,,,,,,,0,
11/12/2016,19:11,Broadway & Weston Ave,Somerville,MA,1,1,4,2,1,9,2,1,4,,2,1,,,,,,,,,,,,,,,,,0,0,0,,,,,0,,,,,,,,,,,,,,,,,,,,,,0,
11/12/2016,14:04,McGrath Hwy & Medford St,Somerville,MA,1,1,3,2,"2,3",2,2,1,1,,1,99,,,,,,,,,,,,,,,,,0,0,0,,,,,1,2,0,66,4,1,1,43,4,0,,,,,,,,,,,,,0,
11/11/2016,14:04,12 Highland Ave,Somerville,MA,1,1,1,9,1,3,2,2,1,,1,1,,,,,,,,,,,,,,,,,0,0,0,,,,,1,,0,27,4,1,,,,,,,,,,,,,,,,,0,
11/10/2016,9:30,Pearson Rd & Warner St,Somerville,MA,1,1,2,3,2,3,2,1,99,,1,1,,,,,,,,,,,,,,,,,0,0,0,,,,,1,,1,30,4,0,,,,,,,,,,,,,,,,,0,
11/9/2016,21:52,Highland Ave & Cutter Ave,Somerville,MA,2,1,3,4,4,3,2,2,99,,1,99,,,,,,,,,,,,,,,,,0,0,0,,,,,1,,0,55,4,1,,,,,,,,,,,,,,,,,0,
11/9/2016,11:46,400 Somerville Ave,Somerville,MA,2,1,1,9,1,3,2,2,4,9,2,1,,,,,,,,,,,,,,,,,0,0,0,,,,,0,,,,,,,,,,,,,,,,,,,,,,0,
11/8/2016,16:16,855 Broadway,Somerville,MA,1,1,3,7,4,2,2,2,20,19,2,1,,,,,,,,,,,,,,,,,0,0,0,,,,,0,,,,,,,,,,,,,,,,,,,,,,0,
11/4/2016,19:46,119 Pearson Rd,Somerville,MA,2,1,1,1,4,3,2,2,11,,2,1,,,,,,,,,,,,,,,,,0,0,0,,,,,1,,0,46,4,1,,,,,,,,,,,,,,,,,0,
11/3/2016,7:43,Mt Vernon St & Wheeler St,Somerville,MA,2,2,2,3,4,3,2,1,3,8,1,1,,,,,,,,,,,,,,,,,0,0,0,,,,,0,,,,,,,,,,,,,,,,,,,,,,0,
11/3/2016,12:40,63 Perkins St,Somerville,MA,2,1,1,1,4,4,2,1,19,,6,1,,,,,,,,,,,,,,,,,0,0,0,,,,,0,,,,,,,,,,,,,,,,,,,,,,0,
11/3/2016,14:01,Powder House Blvd & Hardan Rd,Somerville,MA,3,2,1,3,1,3,2,2,6,,1,99,,,,,,,,,,,,,,,,,0,0,0,,,,,0,,,,,,,,,,,,,,,,,,,,,,0,
11/1/2016,8:41,14 Wilson Ave,Somerville,MA,1,1,1,1,1,10,2,7,19,,1,,,,,,,,,,,,,,,,,,0,0,0,,,,,0,,,,,,,,,,,,,,,,,,,,,,0,
11/1/2016,14:58,Flint St & Glen St,Somerville,MA,1,1,2,2,"1,4",3,2,2,99,,1,99,,,,,,,,,,,,,,,,,0,0,0,,,,,1,3,0,41,4,0,0,5,4,0,1,35,4,0,,,,,,,,,0,
11/1/2016,11:30,Highland Ave & Grove St,Somerville,MA,1,1,1,3,1,3,2,1,1,,1,4,6,,,,,,,,,,,,,,,,0,0,0,,,,,0,,,,,,,,,,,,,,,,,,,,,,0,
10/31/2016,13:47,College Ave & Broadway & Warner St,Somerville,MA,1,1,"2,4",7,1,3,2,2,1,,1,4,3,,,,,,,,,,,,,,,,0,0,0,,,,,1,,1,80,4,0,,,,,,,,,,,,,,,,,0,
10/31/2016,21:05,Temple St & Jaques St,Somerville,MA,1,1,3,2,1,2,2,1,1,,1,20,,,,,,,,,,,,,,,,,0,0,0,,,,,1,,1,35,4,0,,,,,,,,,,,,,,,,,1,
10/30/2016,13:49,Broadway & Glenwood Rd,Somerville,MA,2,1,1,3,1,3,2,2,4,18,2,1,,,,,,,,,,,,,,,,,0,0,0,,,,,0,,,,,,,,,,,,,,,,,,,,,,0,
10/30/2016,13:29,100 Temple St,Somerville,MA,2,1,1,1,1,3,2,2,4,,1,1,,,,,,,,,,,,,,,,,0,0,0,,,,,0,,,,,,,,,,,,,,,,,,,,,,0,
10/29/2016,3:51,66 Jaques St,Somerville,MA,1,1,1,9,1,3,2,1,10,,2,1,,,,,,,,,,,,,,,,,0,0,0,,,,,0,,,,,,,,,,,,,,,,,,,,,,0,
10/29/2016,13:00,259 Broadway,Somerville,MA,1,1,1,1,2,2,2,1,1,,1,3,,,,,,,,,,,,,,,,,0,0,0,,,,,0,,,,,,,,,,,,,,,,,,,,,,0,
10/28/2016,21:35,Highland Ave & Cutter Ave,Somerville,MA,3,2,3,3,3,4,2,2,9,,1,1,,,,,,,,,,,,,,,,,0,0,0,,,,,0,,,,,,,,,,,,,,,,,,,,,,0,
10/27/2016,19:19,33 Bow St,Somerville,MA,3,2,1,4,4,1,1,1,1,,,,,,,,,,,,,,,,,,,,1,0,0,4,2,,4,0,,,,,,,,,,,,,,,,,,,,,,0,
10/27/2016,17:38,Elm St & Davenport St,Somerville,MA,3,2,1,3,1,3,2,2,4,,2,1,,,,,,,,,,,,,,,,,0,0,0,,,,,0,,,,,,,,,,,,,,,,,,,,,,0,
10/27/2016,13:14,Washington St & Crescent St,Somerville,MA,2,1,3,2,1,3,2,2,4,,2,1,,,,,,,,,,,,,,,,,0,0,0,,,,,0,,,,,,,,,,,,,,,,,,,,,,0,
10/26/2016,7:50,Prospect St & Somerville Ave,Somerville,MA,1,1,3,2,4,1,1,1,19,,,,,,,,,,,,,,,,,,,,0,1,0,1,7,,2,1,,1,63,4,0,,,,,,,,,,,,,,,,,0,
10/25/2016,14:32,126 Walnut St,Somerville,MA,1,1,1,1,4,1,1,2,1,,,,,,,,,,,,,,,,,,,,0,1,0,4,5,,7,1,,0,65,3,1,,,,,,,,,,,,,,,,,0,
10/25/2016,7:53,192 School St,Somerville,MA,2,1,1,1,1,3,2,1,4,,2,1,,,,,,,,,,,,,,,,,0,0,0,,,,,1,,0,56,4,1,,,,,,,,,,,,,,,,,0,
10/24/2016,7:56,Prospect St & Webster Ave,Somerville,MA,1,1,3,4,1,1,1,2,99,,,,,,,,,,,,,,,,,,,,1,0,0,4,1,,5,0,,,,,,,,,,,,,,,,,,,,,,0,
10/23/2016,11:17,Broadway & Medford St,Somerville,MA,1,1,1,2,2,3,2,8,1,,1,1,,,,,,,,,,,,,,,,,0,0,0,,,,,0,,,,,,,,,,,,,,,,,,,,,,1,
10/22/2016,10:45,Broadway & Central St,Somerville,MA,3,2,2,2,1,3,2,2,4,,1,1,,,,,,,,,,,,,,,,,0,0,0,,,,,0,,,,,,,,,,,,,,,,,,,,,,0,
10/21/2016,21:55,Broadway & Josephine Ave & Boston Ave,Somerville,MA,3,unk,3,1,2,6,2,1,3,,2,1,,,,,,,,,,,,,,,,,0,0,0,,,,,1,2,0,65,5,0,0,76,2,1,0,37,2,0,0,16,5,0,,,,,0,
10/21/2016,19:28,Bond St & Jaques St,Somerville,MA,3,2,1,3,4,1,1,1,10,97,,,,,,,,,,,,,,,,,,,0,0,1,,,tree,,1,,1,24,4,0,,,,,,,,,,,,,,,,,0,
10/20/2016,13:43,Somerville Ave & Central St,Somerville,MA,1,1,3,3,2,1,1,1,1,,,,,,,,,,,,,,,,,,,,0,1,0,99,1,,1,0,,,,,,,,,,,,,,,,,,,,,,0,
10/19/2016,18:05,64 Union Square,Somerville,MA,1,1,1,1,3,4,2,2,10,,1,1,,,,,,,,,,,,,,,,,0,0,0,,,,,0,,,,,,,,,,,,,,,,,,,,,,0,
10/19/2016,9:41,Washington St & Bonner Ave,Somerville,MA,1,1,2,3,1,1,1,2,4,13,,,,,,,,,,,,,,,,,,,1,0,0,2,2,,5,1,,1,35,4,1,,,,,,,,,,,,,,,,,0,
10/17/2016,19:44,Broadway & Hathorn St,Somerville,MA,2,1,1,3,3,4,1,2,99,,,,,,,,,,,,,,,,,,,,1,0,0,10,1,,7,0,,,,,,,,,,,,,,,,,,,,,,0,
10/17/2016,17:57,Washington St & Webster Ave,Somerville,MA,1,1,3,8,1,3,2,2,12,,2,1,,,,,,,,,,,,,,,,,0,0,0,,,,,0,,,,,,,,,,,,,,,,,,,,,,1,
10/17/2016,15:41,74 Summer St,Somerville,MA,1,1,1,1,1,1,1,1,2,10,,,,,,,,,,,,,,,,,,,0,0,1,,,garage,,1,,1,29,2,1,,,,,,,,,,,,,,,,,0,
10/17/2016,8:34,Gordon St & North St,Somerville,MA,1,1,1,3,1,3,2,6,99,,1,1,,,,,,,,,,,,,,,,,0,0,0,,,,,0,,,,,,,,,,,,,,,,,,,,,,1,
10/16/2016,8:43,Summer St & Benton Rd,Somerville,MA,1,1,2,3,1,1,2,2,1,,1,13,,,,,,,,,,,,,,,,,0,0,0,,,,,0,,,,,,,,,,,,,,,,,,,,,,1,
10/14/2016,16:48,Medford St & Lowell St,Somerville,MA,1,1,3,3,1,6,2,7,99,,1,1,,,,,,,,,,,,,,,,,0,0,0,,,,,0,,,,,,,,,,,,,,,,,,,,,,1,
10/14/2016,16:02,23 Michigan Ave,Somerville,MA,1,1,1,1,4,4,2,2,1,,1,1,,,,,,,,,,,,,,,,,0,0,0,,,,,0,,,,,,,,,,,,,,,,,,,,,,0,
10/13/2016,18:55,Medford St & Thurston St,Somerville,MA,3,2,1,3,2,1,1,1,1,,,,,,,,,,,,,,,,,,,,0,1,0,1,1,,5,1,,0,54,4,1,,,,,,,,,,,,,,,,,0,
10/13/2016,9:22,140 Central St,Somerville,MA,1,1,1,1,2,3,2,1,1,,2,99,,,,,,,,,,,,,,,,,0,0,0,,,,,0,,,,,,,,,,,,,,,,,,,,,,0,
10/13/2016,8:46,3 Jacques St,Somerville,MA,1,1,1,1,1,4,2,2,1,,99,99,,,,,,,,,,,,,,,,,0,0,0,,,,,0,,,,,,,,,,,,,,,,,,,,,,0,
10/12/2016,8:37,Washington St & Hawkins St,Somerville,MA,1,1,1,3,1,2,2,1,1,,1,99,,,,,,,,,,,,,,,,,0,0,0,,,,,0,,,,,,,,,,,,,,,,,,,,,,0,
10/11/2016,9:30,Pearson Rd & Warner St,Somerville,MA,1,1,2,2,2,99,2,2,1,,1,4,,,,,,,,,,,,,,,,,0,0,0,,,,,0,,,,,,,,,,,,,,,,,,,,,,0,
10/11/2016,17:25,171 Highland Ave,Somerville,MA,2,1,1,1,1,1,1,2,1,,,,,,,,,,,,,,,,,,,,1,0,0,9,2,,5,1,,1,35,4,0,,,,,,,,,,,,,,,,,0,
10/10/2016,17:00,McGrath Hwy & Mystic Ave,Somerville,MA,1,1,1,1,4,2,3,2,1,,1,1,,1,1,,,,,,,,,,,,,,0,0,0,,,,,0,,,,,,,,,,,,,,,,,,,,,,0,
10/8/2016,18:27,Elm St & Beech St,Somerville,MA,1,1,2,3,2,2,2,1,1,,1,1,,,,,,,,,,,,,,,,,0,0,0,,,,,1,,1,57,99,0,,,,,,,,,,,,,,,,,0,
10/7/2016,13:40,22 Properzi Way,Somerville,MA,1,1,1,1,1,1,1,2,12,,,,,,,,,,,,,,,,,,,,0,0,1,,,sign post,,0,,,,,,,,,,,,,,,,,,,,,,0,
10/7/2016,12:50,711 Broadway,Somerville,MA,1,1,1,1,1,3,2,1,6,,10,1,,,,,,,,,,,,,,,,,0,0,0,,,,,0,,,,,,,,,,,,,,,,,,,,,,0,
10/7/2016,7:36,295 Washington St,Somerville,MA,1,1,1,1,1,4,1,1,1,,,,,,,,,,,,,,,,,,,,1,0,0,4,2,,3,1,,1,30,4,1,,,,,,,,,,,,,,,,,0,
10/6/2016,19:19,25 Washington St,Somerville,MA,2,1,1,1,1,3,1,2,3,,,,,,,,,,,,,,,,,,,,1,0,0,10,2,,4,0,,,,,,,,,,,,,,,,,,,,,,0,
10/4/2016,18:40,1305 Broadway,Somerville,MA,1,1,1,1,2,4,2,2,99,,1,,,,,,,,,,,,,,,,,,0,0,0,,,,,0,,,,,,,,,,,,,,,,,,,,,,0,
10/4/2016,18:03,Grand Union Blvd & Fellsway,Somerville,MA,1,1,3,2,1,2,2,2,19,,1,1,,,,,,,,,,,,,,,,,0,0,0,,,,,1,,1,50,4,0,,,,,,,,,,,,,,,,,0,
10/3/2016,7:56,Elm St & Linden St,Somerville,MA,1,1,1,3,1,1,1,8,1,,,,,,,,,,,,,,,,,,,,0,0,1,,,electrical control box,,0,,,,,,,,,,,,,,,,,,,,,,0,
10/2/2016,7:52,Summer St & Quincy St,Somerville,MA,"2,3",2,2,2,2,3,2,2,1,,1,3,,,,,,,,,,,,,,,,,0,0,0,,,,,1,3,1,32,4,0,1,26,4,0,1,26,4,0,,,,,,,,,0,
10/1/2016,19:03,26 Washington St,Somerville,MA,3,2,3,1,2,4,2,1,99,,8,99,,,,,,,,,,,,,,,,,0,0,0,,,,,0,,,,,,,,,,,,,,,,,,,,,,0,
10/1/2016,13:45,55 Sterling St,Somerville,MA,3,2,1,1,4,4,2,6,1,,1,,,,,,,,,,,,,,,,,,0,0,0,,,,,0,,,,,,,,,,,,,,,,,,,,,,0,
10/1/2016,0:37,79 Willow Ave,Somerville,MA,3,2,1,1,4,8,5,1,2,7,1,1,,1,,,1,,,1,,,,,,,,,0,0,0,,,,,1,2,1,27,4,0,1,29,4,0,,,,,,,,,,,,,0,
9/30/2016,9:00,Elm St & Linden Ave,Somerville,MA,1,1,1,3,1,6,3,4,97,,1,,,2,,,,,,,,,,,,,,,0,0,0,,,,,0,,,,,,,,,,,,,,,,,,,,,,0,Bus
9/29/2016,0:57,Jaques St & Grant St,Somerville,MA,1,1,2,2,4,4,2,97,1,,1,1,,,,,,,,,,,,,,,,,0,0,0,,,,,0,,,,,,,,,,,,,,,,,,,,,,1,Fire truck
9/29/2016,16:12,Main St & Moreland St,Somerville,MA,2,1,1,3,1,6,2,1,99,,1,99,,,,,,,,,,,,,,,,,0,0,0,,,,,0,,,,,,,,,,,,,,,,,,,,,,0,
9/28/2016,14:50,149 College Ave,Somerville,MA,1,1,1,1,1,4,2,1,9,,2,1,,,,,,,,,,,,,,,,,0,0,0,,,,,0,,,,,,,,,,,,,,,,,,,,,,0,
9/28/2016,13:59,400 Revolution Dr,Somerville,MA,2,1,1,1,1,3,3,7,19,,2,,,2,,,,,,,,,,,,,,,0,0,0,,,,,0,,,,,,,,,,,,,,,,,,,,,,0,
9/27/2016,12:05,483 Broadway,Somerville,MA,2,2,1,9,2,3,2,1,1,,1,1,,,,,,,,,,,,,,,,,0,0,0,,,,,0,,,,,,,,,,,,,,,,,,,,,,0,
9/23/2016,12:48,Howe St & School St,Somerville,MA,2,1,2,3,1,3,2,1,4,,1,1,,,,,,,,,,,,,,,,,0,0,0,,,,,1,,0,45,4,1,,,,,,,,,,,,,,,,,0,
9/22/2016,12:54,Elm St & Porter St,Somerville,MA,1,1,2,3,1,3,2,1,19,,16,1,,,,,,,,,,,,,,,,,0,0,0,,,,,0,,,,,,,,,,,,,,,,,,,,,,0,
9/22/2016,21:29,Washington St & Myrtle St,Somerville,MA,1,1,3,2,1,8,1,1,13,,,,,,,,,,,,,,,,,,,,1,0,0,1,2,,4,0,,,,,,,,,,,,,,,,,,,,,,0,
9/22/2016,14:26,44 Cameron Ave,Somerville,MA,1,1,1,1,1,2,3,1,20,,1,,,1,,,,,,,,,,,,,,,0,0,0,,,,,0,,,,,,,,,,,,,,,,,,,,,,0,
9/21/2016,18:00,Pearl St & Pinckney St,Somerville,MA,1,1,2,2,1,3,2,1,3,4,2,1,,,,,,,,,,,,,,,,,0,0,0,,,,,0,,,,,,,,,,,,,,,,,,,,,,0,
9/20/2016,21:42,Porter St & Carver St,Somerville,MA,1,1,1,3,1,4,2,6,1,,1,1,,,,,,,,,,,,,,,,,0,0,0,,,,,0,,,,,,,,,,,,,,,,,,,,,,1,
9/20/2016,10:10,Russell St & Orchard St,Somerville,MA,1,1,1,99,4,4,2,2,1,,2,,,,,,,,,,,,,,,,,,0,0,0,,,,,0,,,,,,,,,,,,,,,,,,,,,,1,
9/19/2016,9:10,Washington St & Crescent St,Somerville,MA,3,2,2,3,1,3,2,2,4,,2,1,,,,,,,,,,,,,,,,,0,0,0,,,,,1,,0,53,4,1,,,,,,,,,,,,,,,,,0,
9/19/2016,8:23,474 Broadway,Somerville,MA,2,1,1,1,1,3,2,1,99,,1,1,,,,,,,,,,,,,,,,,0,0,0,,,,,1,,0,30,4,0,,,,,,,,,,,,,,,,,0,
9/17/2016,14:51,39 Summer St,Somerville,MA,1,1,1,1,1,2,2,1,1,,1,5,,,,,,,,,,,,,,,,,0,0,0,,,,,0,,,,,,,,,,,,,,,,,,,,,,0,
9/16/2016,2:10,311 Medford St,Somerville,MA,1,1,99,1,1,4,3,1,10,97,16,1,,2,1,,,,,,,,,,,,,,0,0,0,,,,,0,,,,,,,,,,,,,,,,,,,,,,0,
9/15/2016,19:03,25 Webster Ave,Somerville,MA,1,97,1,1,4,2,2,1,10,,97,,,,,,,,,,,,,,,,,,0,0,0,,,,,1,,1,21,3,1,,,,,,,,,,,,,,,,,0,
9/11/2016,2:01,Somerville Ave & Washington St,Somerville,MA,"2,3",2,3,3,3,4,2,1,99,,2,1,,,,,,,,,,,,,,,,,0,0,0,,,,,0,,,,,,,,,,,,,,,,,,,,,,0,
9/11/2016,16:00,8 Radcliffe Rd,Somerville,MA,99,99,1,1,1,4,2,2,99,,1,1,,,,,,,,,,,,,,,,,0,0,0,,,,,0,,,,,,,,,,,,,,,,,,,,,,0,
9/11/2016,18:55,Highland Ave & Elm St,Somerville,MA,1,1,3,2,3,3,1,99,1,,,,,,,,,,,,,,,,,,,,0,0,1,,,granite post,,0,,,,,,,,,,,,,,,,,,,,,,1,Fire truck
9/8/2016,11:39,551 Somerville Ave,Somerville,MA,2,1,1,1,1,2,2,1,19,,1,1,,,,,,,,,,,,,,,,,0,0,0,,,,,1,,1,48,4,1,,,,,,,,,,,,,,,,,0,
9/8/2016,22:29,Medford St Bridge,Somerville,MA,1,1,1,1,1,4,2,1,21,,1,1,,,,,,,,,,,,,,,,,0,0,0,,,,,0,,,,,,,,,,,,,,,,,,,,,,0,
9/8/2016,14:56,Washington St & Inner Belt Rd,Somerville,MA,1,1,3,3,1,2,2,6,1,,1,1,,,,,,,,,,,,,,,,,0,0,0,,,,,1,2,1,47,3,0,0,20,3,0,,,,,,,,,,,,,0,
9/8/2016,7:30,6 Westminster St,Somerville,MA,2,1,1,1,4,4,2,1,1,,1,9,,,,,,,,,,,,,,,,,0,0,0,,,,,0,,,,,,,,,,,,,,,,,,,,,,1,
9/7/2016,9:08,303 Highland Ave,Somerville,MA,"2,3",2,1,1,1,3,1,1,4,,,,,,,,,,,,,,,,,,,,1,0,0,4,2,,7,1,,0,51,4,1,,,,,,,,,,,,,,,,,0,
9/7/2016,10:08,Thurston St & Evergreen Ave,Somerville,MA,2,1,unk,4,4,3,2,2,99,,1,99,,,,,,,,,,,,,,,,,0,0,0,,,,,0,,,,,,,,,,,,,,,,,,,,,,0,
9/5/2016,20:50,Highland Ave & Cutter Ave,Somerville,MA,3,2,3,3,4,3,2,1,13,,2,1,,,,,,,,,,,,,,,,,0,0,0,,,,,0,,,,,,,,,,,,,,,,,,,,,,1,
9/3/2016,13:48,Pearl St & Pinckney St,Somerville,MA,2,1,1,2,1,3,2,2,4,,1,97,,,,,,,,,,,,,,,,,0,0,0,,,,,0,,,,,,,,,,,,,,,,,,,,,,0,
9/3/2016,4:08,47 Edgar Ave,Somerville,MA,1,1,1,1,1,6,2,1,1,,1,2,,,,,,,,,,,,,,,,,0,0,0,,,,,1,2,1,50,3,0,1,22,3,1,,,,,,,,,,,,,0,
9/3/2016,14:14,149 College Ave,Somerville,MA,1,1,1,1,1,2,2,2,12,,1,,,,,,,,,,,,,,,,,,0,0,0,,,,,0,,,,,,,,,,,,,,,,,,,,,,0,
9/2/2016,11:15,Herbert St & Chester St,Somerville,MA,1,1,2,3,4,3,2,1,3,8,1,1,,,,,,,,,,,,,,,,,0,0,0,,,,,1,4,0,83,99,1,1,22,2,1,0,22,4,1,1,22,4,1,,,,,0,
9/1/2016,8:04,Washington St & Tufts St,Somerville,MA,2,1,1,3,unk,2,2,1,99,,6,99,,,,,,,,,,,,,,,,,0,0,0,,,,,0,,,,,,,,,,,,,,,,,,,,,,0,
9/1/2016,7:20,446 Medford St,Somerville,MA,1,1,1,1,1,8,2,1,21,,1,1,,,,,,,,,,,,,,,,,0,0,0,,,,,1,3,1,50,99,0,1,29,99,0,1,24,99,0,,,,,,,,,0,
8/31/2016,12:45,75 Myrtle St,Somerville,MA,2,1,1,1,4,5,2,99,1,,2,,,,,,,,,,,,,,,,,,0,0,0,,,,,0,,,,,,,,,,,,,,,,,,,,,,1,
8/31/2016,12:07,65 Main St,Somerville,MA,1,1,1,1,2,1,1,1,1,,,,,,,,,,,,,,,,,,,,0,0,1,,,utility pole,,0,,,,,,,,,,,,,,,,,,,,,,0,
8/30/2016,6:55,Holland St & Dover St,Somerville,MA,1,1,3,3,1,3,2,1,1,,1,4,,,,,,,,,,,,,,,,,0,0,0,,,,,0,,,,,,,,,,,,,,,,,,,,,,0,
8/30/2016,18:26,680 Somerville Ave,Somerville,MA,"1,2",1,1,1,2,2,2,1,97,,2,1,,,,,,,,,,,,,,,,,0,0,0,,,,,1,,0,59,4,1,,,,,,,,,,,,,,,,,0,
8/30/2016,7:16,Washington St & Beacon St,Somerville,MA,1,1,3,2,1,3,2,1,1,,2,3,,,,,,,,,,,,,,,,,0,0,0,,,,,1,,0,57,4,0,,,,,,,,,,,,,,,,,0,
8/29/2016,12:59,Boston St & Walnut St,Somerville,MA,1,1,2,2,1,4,2,6,1,,2,,,,,,,,,,,,,,,,,,0,0,0,,,,,0,,,,,,,,,,,,,,,,,,,,,,1,
8/29/2016,13:05,50 Oliver St,Somerville,MA,1,1,1,9,4,4,2,6,12,18,1,,,,,,,,,,,,,,,,,,0,0,0,,,,,0,,,,,,,,,,,,,,,,,,,,,,0,
8/29/2016,16:33,45 Brastow St,Somerville,MA,1,1,1,1,1,4,2,1,1,,1,1,,,,,,,,,,,,,,,,,0,0,0,,,,,0,,,,,,,,,,,,,,,,,,,,,,0,
8/27/2016,17:50,Grand Union Blvd & Artisan Way,Somerville,MA,1,1,1,2,1,2,2,2,1,,1,99,,,,,,,,,,,,,,,,,0,0,0,,,,,0,,,,,,,,,,,,,,,,,,,,,,0,
8/27/2016,10:08,Summer St & Spring St,Somerville,MA,1,1,1,3,1,2,2,1,19,20,2,1,,,,,,,,,,,,,,,,,0,0,0,,,,,0,,,,,,,,,,,,,,,,,,,,,,0,
8/27/2016,15:33,Lombardi Way & Mystic Ave,Somerville,MA,1,1,3,2,"2,3",3,2,2,1,,2,3,,,,,,,,,,,,,,,,,0,0,0,,,,,1,5,0,38,4,0,1,50,4,0,1,13,4,0,1,12,4,0,1,59,4,0,0,
8/26/2016,14:20,Beacon St & Washington St,Somerville,MA,1,1,2,2,1,2,2,15,99,,2,99,,,,,,,,,,,,,,,,,0,0,0,,,,,1,,1,42,99,1,,,,,,,,,,,,,,,,,0,Scooter
8/26/2016,13:30,Morrison Ave & College Ave,Somerville,MA,1,1,3,3,1,2,2,1,1,,,1,,,,,,,,,,,,,,,,,0,0,0,,,,,0,,,,,,,,,,,,,,,,,,,,,,1,
8/25/2016,8:29,159 College Ave,Somerville,MA,1,1,1,1,1,2,2,1,1,,1,1,,,,,,,,,,,,,,,,,0,0,0,,,,,1,,1,60,4,1,,,,,,,,,,,,,,,,,0,
8/25/2016,15:46,40 Ibbetson St,Somerville,MA,1,1,1,1,1,4,2,1,7,10,1,1,,,,,,,,,,,,,,,,,0,0,0,,,,,1,,1,26,3,1,,,,,,,,,,,,,,,,,0,
8/24/2016,8:39,51 Prospect St,Somerville,MA,1,1,1,1,4,2,3,2,19,5,1,5,,1,1,,,,,,,,,,,,,,0,0,0,,,,,1,,1,36,4,1,,,,,,,,,,,,,,,,,0,
8/22/2016,17:54,396 Broadway,Somerville,MA,1,1,3,3,3,2,2,2,1,,6,1,,,,,,,,,,,,,,,,,0,0,0,,,,,0,,,,,,,,,,,,,,,,,,,,,,1,
8/22/2016,3:15,28 Willow Ave,Somerville,MA,3,2,1,1,4,4,2,1,21,,1,1,,,,,,,,,,,,,,,,,0,0,0,,,,,0,,,,,,,,,,,,,,,,,,,,,,0,
8/20/2016,21:08,Walnut St & Sergeant Ave,Somerville,MA,1,1,1,3,4,4,2,1,1,,2,1,,,,,,,,,,,,,,,,,0,0,0,,,,,0,,,,,,,,,,,,,,,,,,,,,,1,
8/19/2016,18:30,Curtis St & Powder House Blvd,Somerville,MA,1,1,3,2,1,6,1,1,13,,,,,,,,,,,,,,,,,,,,0,1,0,1,1,,1,1,,0,20,4,0,,,,,,,,,,,,,,,,,0,
8/19/2016,18:05,1255 Broadway,Somerville,MA,1,1,1,1,1,4,1,1,1,,,,,,,,,,,,,,,,,,,,1,0,0,4,2,,3,1,,1,24,3,1,,,,,,,,,,,,,,,,,0,
8/19/2016,15:11,Broadway & Franklin St,Somerville,MA,1,1,3,3,3,2,2,1,1,,2,19,,,,,,,,,,,,,,,,,0,0,0,,,,,0,,,,,,,,,,,,,,,,,,,,,,0,
8/19/2016,8:03,120 Elm St,Somerville,MA,1,1,1,9,1,4,1,1,4,,,,,,,,,,,,,,,,,,,,1,0,0,10,2,,1,1,,1,29,3,1,,,,,,,,,,,,,,,,,0,