Date,Time,Location,City,State,Weather (2&3),Road Surface (6),Traffic Control Device (4),Intersection Type (7),Traffic Way Desc (8),Collision Manner (11),# of Involved Vehicles,Vehicle1 Configuration (21),Driver1 Contrib Code1 (25),Driver1 Contrib Code2 (25),Vehicle2 Configuration (21),Driver2 Contrib Code1 (25),Driver2 Contrib Code2 (25),Vehicle3 Configuration (21),Driver3 Contrib Code1 (25),Driver3 Contrib Code2 (25),Vehicle4 Configuration (21),Driver4 Contrib Code1 (25),Driver4 Contrib Code2 (25),Vehicle5 Configuration (21),Driver5 Contrib Code1 (25),Driver5 Contrib Code2 (25),Vehicle6 Configuration (21),Driver6 Contrib Code1 (25),Driver6 Contrib Code2 (25),Vehicle7 Configuration (21),Driver7 Contrib Code1 (25),Driver7 Contrib Code2 (25),Bicycle,Pedestrian,Non-MV,Non-Motorist Location (16),Non-Motorist Action (15),Non-Motorist Type,Manner of Non-Motorist (Person) Collision,Injury,Multiple,Gender1,Age1,Severity1,Hospital1,Gender2,Age2,Severity2,Hospital2,Gender3,Age3,Severity3,Hospital3,Gender4,Age4,Severity4,Hospital4,Gender5,Age5,Severity5,Hospital5,City Vehicle?,Notes
8/18/2016,12:44,1165 Broadway,Somerville,MA,1,1,1,1,2,8,2,2,1,,1,1,,,,,,,,,,,,,,,,,0,0,0,,,,,0,,,,,,,,,,,,,,,,,,,,,,1,
8/17/2016,10:44,Washington St & Mt Vernon St,Somerville,MA,1,1,3,3,1,2,3,1,97,,2,1,,2,1,,,,,,,,,,,,,,0,0,0,,,,,1,2,1,44,4,1,0,45,4,1,,,,,,,,,,,,,0,
8/16/2016,0:25,42 Clarendon Ave,Somerville,MA,1,1,1,1,4,4,4,1,99,,2,99,,1,99,,1,99,,,,,,,,,,,0,0,0,,,,,1,,0,24,4,1,,,,,,,,,,,,,,,,,0,
8/15/2016,21:25,1 College Ave,Somerville,MA,1,1,3,3,4,4,2,1,1,,2,10,,,,,,,,,,,,,,,,,0,0,0,,,,,0,,,,,,,,,,,,,,,,,,,,,,0,
8/15/2016,18:18,Mystic Ave & Lombardi Way,Somerville,MA,1,1,3,6,4,2,2,1,1,,1,1,,,,,,,,,,,,,,,,,0,0,0,,,,,0,,,,,,,,,,,,,,,,,,,,,,0,
8/15/2016,15:45,Summer St & School St,Somerville,MA,1,1,3,2,1,3,2,1,3,4,2,1,,,,,,,,,,,,,,,,,0,0,0,,,,,1,,0,39,3,1,,,,,,,,,,,,,,,,,0,
8/14/2016,19:32,119 Albion St,Somerville,MA,1,1,1,1,4,4,2,1,1,,1,4,,,,,,,,,,,,,,,,,0,0,0,,,,,0,,,,,,,,,,,,,,,,,,,,,,1,
8/13/2016,14:45,Somerville Ave & Prospect St,Somerville,MA,1,1,3,2,1,4,2,2,1,,1,1,,,,,,,,,,,,,,,,,0,0,0,,,,,0,,,,,,,,,,,,,,,,,,,,,,1,
8/12/2016,19:54,8 Cutter Ave,Somerville,MA,1,1,1,1,4,1,1,1,1,,,,,,,,,,,,,,,,,,,,0,0,1,,,utility pole,,0,,,,,,,,,,,,,,,,,,,,,,0,
8/12/2016,8:15,Medford St & Glenwood Rd,Somerville,MA,1,1,1,2,1,4,2,2,1,,1,1,,,,,,,,,,,,,,,,,0,0,0,,,,,0,,,,,,,,,,,,,,,,,,,,,,1,
8/11/2016,14:00,College Ave & Francesca Ave,Somerville,MA,1,1,2,2,1,3,2,1,1,,2,3,4,,,,,,,,,,,,,,,,0,0,0,,,,,0,,,,,,,,,,,,,,,,,,,,,,0,
8/11/2016,6:11,Washington St & Calvin St,Somerville,MA,1,1,3,2,1,3,2,1,1,,1,4,,,,,,,,,,,,,,,,,0,0,0,,,,,1,,1,29,4,1,,,,,,,,,,,,,,,,,0,
8/10/2016,9:20,Buena Vista Rd & Meacham Rd,Somerville,MA,"2,3",2,1,3,1,4,2,8,1,,1,1,,,,,,,,,,,,,,,,,0,0,0,,,,,0,,,,,,,,,,,,,,,,,,,,,,0,
8/9/2016,20:50,Washington St & Bonner Ave,Somerville,MA,1,1,2,2,1,2,2,1,1,,,97,,,,,,,,,,,,,,,,,0,0,0,,,,,0,,,,,,,,,,,,,,,,,,,,,,0,
8/8/2016,16:29,Lowell St & Highland Ave,Somerville,MA,1,1,3,2,1,5,2,1,1,,1,99,,,,,,,,,,,,,,,,,0,0,0,,,,,1,,0,35,3,0,,,,,,,,,,,,,,,,,0,
8/8/2016,14:43,40 Bonair St,Somerville,MA,1,1,1,3,4,4,2,2,99,,,1,,,,,,,,,,,,,,,,,0,0,0,,,,,0,,,,,,,,,,,,,,,,,,,,,,0,
8/8/2016,13:53,30 Tower St,Somerville,MA,"1,97",1,1,1,1,"2,3",4,2,1,,1,1,,1,99,,2,,,,,,,,,,,,0,0,0,,,,,0,,,,,,,,,,,,,,,,,,,,,,0,
8/8/2016,13:30,Broadway & Grant St,Somerville,MA,1,1,1,3,1,3,3,1,1,,1,1,,1,99,,,,,,,,,,,,,,0,0,0,,,,,0,,,,,,,,,,,,,,,,,,,,,,0,
8/8/2016,11:02,79 Washington St,Somerville,MA,1,1,1,1,1,2,3,1,9,97,1,,,1,,,,,,,,,,,,,,,0,0,0,,,,,1,,1,25,4,1,,,,,,,,,,,,,,,,,0,
8/7/2016,17:08,Temple Rd & Putnum Rd,Somerville,MA,1,1,2,2,1,3,2,2,1,,15,20,,,,,,,,,,,,,,,,,0,0,0,,,,,1,,1,39,3,1,,,,,,,,,,,,,,,,,0,Moped
8/6/2016,14:16,2 Prospect St,Somerville,MA,1,1,99,1,4,99,2,2,6,,,,,,,,,,,,,,,,,,,,0,0,0,,,,,0,,,,,,,,,,,,,,,,,,,,,,0,
8/6/2016,1:18,76 Elmwood St,Somerville,MA,1,1,1,1,1,1,1,1,20,,,,,,,,,,,,,,,,,,,,0,0,1,,,fence,,0,,,,,,,,,,,,,,,,,,,,,,0,
8/5/2016,12:48,11 Prescott St,Somerville,MA,1,1,1,1,1,4,2,1,1,,6,1,,,,,,,,,,,,,,,,,0,0,0,,,,,0,,,,,,,,,,,,,,,,,,,,,,1,
8/5/2016,11:30,Washington St & Inner Belt Rd,Somerville,MA,1,1,3,3,2,2,2,1,1,,2,5,,,,,,,,,,,,,,,,,0,0,0,,,,,0,,,,,,,,,,,,,,,,,,,,,,0,
8/5/2016,8:54,200 Highland Ave,Somerville,MA,1,1,1,1,1,3,2,1,4,,2,1,,,,,,,,,,,,,,,,,0,0,0,,,,,0,,,,,,,,,,,,,,,,,,,,,,0,
8/5/2016,1:11,Powder House Blvd & North St,Somerville,MA,1,1,3,2,1,5,2,8,1,,1,1,,,,,,,,,,,,,,,,,0,0,0,,,,,0,,,,,,,,,,,,,,,,,,,,,,1,
8/4/2016,8:19,Bow St & Wesley Park,Somerville,MA,1,1,3,3,4,3,1,2,99,,,,,,,,,,,,,,,,,,,,1,0,0,12,2,,1,1,2,0,31,3,1,1,62,3,0,,,,,,,,,,,,,0,
8/4/2016,13:53,79 Marshall St,Somerville,MA,1,1,1,1,4,2,2,1,1,,1,20,,,,,,,,,,,,,,,,,0,0,0,,,,,1,,1,40,4,0,,,,,,,,,,,,,,,,,0,
8/3/2016,17:13,Somerville Ave & Lowell St,Somerville,MA,1,1,1,3,1,1,1,1,4,,,,,,,,,,,,,,,,,,,,1,0,0,4,2,,1,1,,1,33,4,0,,,,,,,,,,,,,,,,,0,
8/3/2016,14:45,Meacham Rd,Somerville,MA,1,1,1,1,4,1,1,2,99,,,,,,,,,,,,,,,,,,,,0,0,1,,,light pole,,0,,,,,,,,,,,,,,,,,,,,,,0,
8/3/2016,14:25,473 Broadway,Somerville,MA,1,1,1,1,1,2,2,1,1,,1,1,,,,,,,,,,,,,,,,,0,0,0,,,,,0,,,,,,,,,,,,,,,,,,,,,,0,
8/2/2016,17:37,Ash Ave & Meacham St,Somerville,MA,1,1,2,4,1,3,2,2,1,,1,1,,,,,,,,,,,,,,,,,0,0,0,,,,,0,,,,,,,,,,,,,,,,,,,,,,0,
8/1/2016,10:34,70 School St,Somerville,MA,2,1,1,1,4,1,1,1,12,,,,,,,,,,,,,,,,,,,,0,0,1,,,street sign,,0,,,,,,,,,,,,,,,,,,,,,,0,
7/31/2016,1:43,Cedar St & Murdock St,Somerville,MA,2,1,1,3,1,4,2,2,10,,1,,,,,,,,,,,,,,,,,,0,0,1,,,"fire hydrant, tree",,1,,1,45,4,1,,,,,,,,,,,,,,,,,0,
7/30/2016,12:30,241 Highland Ave,Somerville,MA,1,1,1,1,1,4,3,1,21,,1,,,1,,,,,,,,,,,,,,,0,0,0,,,,,0,,,,,,,,,,,,,,,,,,,,,,0,
7/30/2016,19:40,1196 Broadway,Somerville,MA,2,1,99,1,1,2,2,1,1,,1,5,,,,,,,,,,,,,,,,,0,0,0,,,,,1,,0,57,4,1,,,,,,,,,,,,,,,,,0,
7/30/2016,0:21,48 Irving St,Somerville,MA,1,1,1,1,4,4,2,1,15,21,1,,,,,,,,,,,,,,,,,,0,0,0,,,,,1,,0,33,4,1,,,,,,,,,,,,,,,,,0,
7/28/2016,0:15,30 Prospect St,Somerville,MA,1,1,1,1,4,1,1,2,21,,,,,,,,,,,,,,,,,,,,0,0,1,,,utility pole,,1,,0,32,3,1,,,,,,,,,,,,,,,,,0,
7/28/2016,18:09,579 Somerville Ave,Somerville,MA,1,1,1,1,1,8,2,1,1,,1,1,,,,,,,,,,,,,,,,,0,0,0,,,,,1,,0,25,3,0,,,,,,,,,,,,,,,,,0,
7/28/2016,3:05,127 Elm St,Somerville,MA,1,1,1,1,2,4,2,2,12,,1,,,,,,,,,,,,,,,,,,0,0,0,,,,,0,,,,,,,,,,,,,,,,,,,,,,0,
7/26/2016,16:27,Washington St & Columbus Ave,Somerville,MA,1,1,1,1,1,4,2,15,1,,1,1,,,,,,,,,,,,,,,,,0,0,0,,,,,1,,1,46,3,0,,,,,,,,,,,,,,,,,0,
7/25/2016,23:24,Pearl St & Cross St,Somerville,MA,2,1,3,2,1,3,2,1,99,,1,99,,,,,,,,,,,,,,,,,0,0,0,,,,,1,3,1,93,3,1,1,26,4,0,0,28,4,0,,,,,,,,,0,
7/24/2016,17:35,40 Hancock St,Somerville,MA,1,1,3,1,4,9,2,2,3,,1,,,,,,,,,,,,,,,,,,0,0,0,,,,,0,,,,,,,,,,,,,,,,,,,,,,0,
7/23/2016,15:07,Revolution Dr & Mystic Ave,Somerville,MA,1,1,3,3,2,2,2,2,1,,1,19,,,,,,,,,,,,,,,,,0,0,0,,,,,0,,,,,,,,,,,,,,,,,,,,,,0,
7/23/2016,7:28,Washington St & Rose St,Somerville,MA,1,1,1,3,2,3,2,2,1,,1,1,,,,,,,,,,,,,,,,,0,0,0,,,,,0,,,,,,,,,,,,,,,,,,,,,,0,
7/23/2016,5:45,Highland Ave & School St,Somerville,MA,1,1,3,2,1,3,2,1,1,,1,99,,,,,,,,,,,,,,,,,0,0,0,,,,,0,,,,,,,,,,,,,,,,,,,,,,0,
7/23/2016,0:54,Highland Ave & Cedar St,Somerville,MA,1,1,3,2,1,3,2,1,6,,1,1,,,,,,,,,,,,,,,,,0,0,0,,,,,0,,,,,,,,,,,,,,,,,,,,,,0,
7/22/2016,14:01,Pearl St & Mt. Vernon St,Somerville,MA,1,1,1,3,4,4,2,8,1,,1,1,,,,,,,,,,,,,,,,,0,0,0,,,,,0,,,,,,,,,,,,,,,,,,,,,,1,
7/22/2016,19:26,20 Medford St,Somerville,MA,1,1,2,1,1,1,1,2,3,,,,,,,,,,,,,,,,,,,,1,0,0,4,2,,5,1,,0,,4,0,,,,,,,,,,,,,,,,,0,
7/21/2016,17:30,Middlesex Ave & McGrath Hwy,Somerville,MA,1,1,3,3,1,5,2,1,1,,1,9,,,,,,,,,,,,,,,,,0,0,0,,,,,0,,,,,,,,,,,,,,,,,,,,,,0,
7/20/2016,22:22,Summer St & Linden Ave,Somerville,MA,1,1,2,2,1,3,2,1,99,,1,99,,,,,,,,,,,,,,,,,0,0,0,,,,,1,,0,49,4,0,,,,,,,,,,,,,,,,,0,
7/20/2016,21:06,Broadway & Charles E Ryan Rd,Somerville,MA,1,1,1,3,3,3,2,3,1,,1,1,,,,,,,,,,,,,,,,,0,0,0,,,,,1,,1,17,3,1,,,,,,,,,,,,,,,,,0,
7/19/2016,12:09,Washington St & Myrtle St,Somerville,MA,1,1,1,1,1,2,2,1,99,,1,99,,,,,,,,,,,,,,,,,0,0,0,,,,,1,,1,42,3,0,,,,,,,,,,,,,,,,,0,
7/18/2016,16:51,63 Concord Ave,Somerville,MA,1,1,1,1,1,1,1,1,99,,,,,,,,,,,,,,,,,,,,1,0,0,4,2,,3,1,,1,34,3,1,,,,,,,,,,,,,,,,,0,
7/17/2016,16:05,Somerville Ave & Belmont St,Somerville,MA,1,1,1,3,1,1,1,2,1,,,,,,,,,,,,,,,,,,,,0,1,0,4,5,,7,1,,0,28,3,1,,,,,,,,,,,,,,,,,0,
7/16/2016,10:45,239 Highland Ave,Somerville,MA,1,1,1,9,2,2,2,2,1,,1,19,,,,,,,,,,,,,,,,,0,0,0,,,,,0,,,,,,,,,,,,,,,,,,,,,,0,
7/16/2016,17:52,92 Powder House Blvd,Somerville,MA,1,1,1,1,2,4,3,1,10,,1,,,19,,,,,,,,,,,,,,,0,0,0,,,,,0,,,,,,,,,,,,,,,,,,,,,,0,
7/15/2016,23:20,Highland Ave & Walnut St,Somerville,MA,1,1,3,2,1,3,2,1,4,,3,1,,,,,,,,,,,,,,,,,0,0,0,,,,,1,2,1,36,4,1,0,,4,1,,,,,,,,,,,,,0,
7/15/2016,11:40,100 Highland Ave,Somerville,MA,1,1,1,1,2,2,2,1,1,,1,1,,,,,,,,,,,,,,,,,0,0,0,,,,,0,,,,,,,,,,,,,,,,,,,,,,0,
7/14/2016,10:04,Grand Union Blvd & Great River Rd,Somerville,MA,2,1,2,7,1,3,2,2,4,,1,1,,,,,,,,,,,,,,,,,0,0,0,,,,,0,,,,,,,,,,,,,,,,,,,,,,0,
7/13/2016,21:29,Mystic Ave & I-93S Sullivan Off Ramp,Somerville,MA,1,1,3,3,4,3,2,1,99,,2,99,,,,,,,,,,,,,,,,,0,0,0,,,,,1,2,1,28,4,0,1,20,4,0,,,,,,,,,,,,,0,
7/12/2016,9:50,College Ave & Summit St,Somerville,MA,1,1,2,2,1,6,2,2,3,,1,1,,,,,,,,,,,,,,,,,0,0,0,,,,,1,2,0,59,3,1,0,50,3,1,,,,,,,,,,,,,0,
7/12/2016,10:00,675 Somerville Ave,Somerville,MA,1,1,1,1,1,3,1,2,4,,,,,,,,,,,,,,,,,,,,1,0,0,4,2,,7,0,,,,,,,,,,,,,,,,,,,,,,0,
7/11/2016,17:17,McGrath Hwy & Rufo Rd,Somerville,MA,2,1,3,2,3,3,2,6,1,,1,5,4,,,,,,,,,,,,,,,,0,0,0,,,,,0,,,,,,,,,,,,,,,,,,,,,,1,
7/8/2016,21:47,Summer St & Benton Rd,Somerville,MA,2,1,1,2,1,3,2,1,1,,1,4,,,,,,,,,,,,,,,,,0,0,0,,,,,0,,,,,,,,,,,,,,,,,,,,,,0,
7/7/2016,20:54,130 Highland Ave,Somerville,MA,1,1,1,9,1,3,2,1,19,,2,,,,,,,,,,,,,,,,,,0,0,0,,,,,0,,,,,,,,,,,,,,,,,,,,,,0,
7/6/2016,19:30,Webster Ave & Columbia St,Somerville,MA,1,1,2,3,1,3,2,97,1,,2,1,,,,,,,,,,,,,,,,,0,0,0,,,,,0,,,,,,,,,,,,,,,,,,,,,,1,City of Cambridge Fire Truck
7/6/2016,13:14,198 Summer St,Somerville,MA,1,1,4,1,1,1,1,6,19,,,,,,,,,,,,,,,,,,,,0,0,1,,,street sign,,0,,,,,,,,,,,,,,,,,,,,,,0,
7/5/2016,16:27,Powder House Blvd & Curtis St,Somerville,MA,1,1,3,2,1,2,2,1,99,,2,99,,,,,,,,,,,,,,,,,0,0,0,,,,,0,,,,,,,,,,,,,,,,,,,,,,0,
7/5/2016,7:10,32 Vinal Ave,Somerville,MA,3,2,1,1,4,4,2,1,9,19,1,,,,,,,,,,,,,,,,,,0,0,0,,,,,1,,1,66,4,1,,,,,,,,,,,,,,,,,0,
7/4/2016,2:27,53 Dane St,Somerville,MA,1,1,1,1,1,1,1,1,11,,,,,,,,,,,,,,,,,,,,0,0,1,,,tree,,0,,,,,,,,,,,,,,,,,,,,,,0,
7/4/2016,11:24,Summer St & Vinal Ave,Somerville,MA,1,1,2,3,1,3,2,2,4,,1,1,,,,,,,,,,,,,,,,,0,0,0,,,,,1,,0,32,3,0,,,,,,,,,,,,,,,,,0,
7/3/2016,17:21,Broadway & Temple St,Somerville,MA,1,1,3,3,1,4,2,1,1,,1,4,,,,,,,,,,,,,,,,,0,0,0,,,,,0,,,,,,,,,,,,,,,,,,,,,,0,
7/2/2016,16:38,Broadway & Marshall St,Somerville,MA,1,1,1,3,2,4,2,2,1,,6,,,,,,,,,,,,,,,,,,0,0,0,,,,,0,,,,,,,,,,,,,,,,,,,,,,1,
7/2/2016,10:30,Broadway & Clarendon Ave,Somerville,MA,1,1,1,3,1,3,2,2,1,,2,1,,,,,,,,,,,,,,,,,0,0,0,,,,,0,,,,,,,,,,,,,,,,,,,,,,0,
7/1/2016,9:34,7 Summit Ave,Somerville,MA,1,1,1,1,1,1,1,2,9,20,,,,,,,,,,,,,,,,,,,0,0,1,,,parking sign,,0,,,,,,,,,,,,,,,,,,,,,,0,
7/1/2016,21:51,14 McGrath Hwy,Somerville,MA,"3,7",2,1,1,1,1,1,1,99,,,,,,,,,,,,,,,,,,,,0,0,1,,,light pole,,0,,,,,,,,,,,,,,,,,,,,,,0,
7/1/2016,14:42,Elm St & Dover St,Somerville,MA,1,1,3,2,2,4,2,2,99,,2,99,,,,,,,,,,,,,,,,,0,0,0,,,,,0,,,,,,,,,,,,,,,,,,,,,,1,
6/30/2016,18:28,192 Cedar St,Somerville,MA,1,1,1,1,1,2,3,1,1,,1,1,,1,1,,,,,,,,,,,,,,0,0,0,,,,,1,,1,54,3,1,,,,,,,,,,,,,,,,,0,
6/30/2016,17:05,Broadway & Dartmouth St,Somerville,MA,1,1,2,3,3,9,2,1,1,,1,4,,,,,,,,,,,,,,,,,0,0,0,,,,,0,,,,,,,,,,,,,,,,,,,,,,0,
6/29/2016,15:50,Washington St & McGrath Hwy,Somerville,MA,1,1,1,2,4,4,2,1,4,,1,1,,,,,,,,,,,,,,,,,0,0,0,,,,,0,,,,,,,,,,,,,,,,,,,,,,0,
6/29/2016,7:15,624 Somerville Ave,Somerville,MA,1,1,1,1,1,6,1,1,4,,,,,,,,,,,,,,,,,,,,1,0,0,4,2,,2,1,,1,47,3,0,,,,,,,,,,,,,,,,,0,
6/28/2016,20:00,Maine Ave & Pennsylvania Ave,Somerville,MA,1,1,2,3,4,3,2,1,1,,1,1,,,,,,,,,,,,,,,,,0,0,0,,,,,1,,,,,,,,,,,,,,,,,,,,,,0,
6/28/2016,15:57,29 Heath St,Somerville,MA,2,1,4,1,4,4,3,1,1,,1,21,,1,1,,,,,,,,,,,,,,0,0,0,,,,,1,,1,36,99,1,,,,,,,,,,,,,,,,,0,
6/27/2016,11:27,Albion St & Lowell St,Somerville,MA,1,1,2,2,4,1,1,1,16,,,,,,,,,,,,,,,,,,,,0,0,1,,,"street sign, fire alarm box, tree, fence",,1,,1,47,4,1,,,,,,,,,,,,,,,,,0,
6/27/2016,15:12,Temple St & Broadway,Somerville,MA,1,1,3,3,1,1,1,10,6,,,,,,,,,,,,,,,,,,,,0,0,1,,,traffic control signal,,0,,,,,,,,,,,,,,,,,,,,,,0,
6/27/2016,17:45,New Washington St & Cobble Hill Rd,Somerville,MA,1,1,1,3,1,1,1,1,99,,,,,,,,,,,,,,,,,,,,0,0,1,,,fence,,1,,0,19,3,1,,,,,,,,,,,,,,,,,0,
6/27/2016,11:00,Pearl St & Marshall St,Somerville,MA,1,1,1,1,1,5,2,2,99,,2,1,,,,,,,,,,,,,,,,,0,0,0,,,,,1,,1,40,4,0,,,,,,,,,,,,,,,,,0,
6/26/2016,13:30,660 Broadway,Somerville,MA,1,1,3,2,1,3,2,2,4,,2,1,,,,,,,,,,,,,,,,,0,0,0,,,,,0,,,,,,,,,,,,,,,,,,,,,,0,
6/26/2016,13:21,75 Cross St,Somerville,MA,1,1,1,1,2,4,2,2,1,,2,19,,,,,,,,,,,,,,,,,0,0,0,,,,,0,,,,,,,,,,,,,,,,,,,,,,1,
6/26/2016,21:43,201 Elm St,Somerville,MA,1,1,3,1,4,1,1,1,20,,,,,,,,,,,,,,,,,,,,0,0,1,,,tree,,1,2,0,24,3,1,1,1,99,1,,,,,,,,,,,,,0,
6/26/2016,1:53,Washington St & Bonner Ave,Somerville,MA,1,1,1,1,1,3,2,2,9,,2,1,,,,,,,,,,,,,,,,,0,0,0,,,,,0,,,,,,,,,,,,,,,,,,,,,,0,
6/25/2016,16:29,Somerville Ave & Washington St & Webster Ave,Somerville,MA,1,1,3,2,3,4,2,10,1,,1,9,,,,,,,,,,,,,,,,,0,0,0,,,,,0,,,,,,,,,,,,,,,,,,,,,,0,
6/25/2016,22:15,400 Somerville Ave,Somerville,MA,1,1,1,1,1,3,2,3,99,,2,1,,,,,,,,,,,,,,,,,0,0,1,,,motorcycle,,0,,,,,,,,,,,,,,,,,,,,,,0,
6/24/2016,23:34,32 Jaques St,Somerville,MA,1,1,1,1,1,1,2,1,1,,1,6,,,,,,,,,,,,,,,,,0,0,0,,,,,1,,0,40,3,0,,,,,,,,,,,,,,,,,0,
6/24/2016,21:01,Highland Ave & Medford St,Somerville,MA,1,1,3,4,3,3,3,1,7,11,1,,,2,7,11,,,,,,,,,,,,,0,0,0,,,,,0,,,,,,,,,,,,,,,,,,,,,,0,
6/21/2016,7:39,Oliver St & Franklin St,Somerville,MA,1,1,2,3,1,3,2,1,3,,1,99,,,,,,,,,,,,,,,,,0,0,0,,,,,1,,0,57,4,0,,,,,,,,,,,,,,,,,0,
6/21/2016,18:10,Pearl St & Pearl St Pl,Somerville,MA,1,1,1,3,1,3,2,1,99,,1,1,,,,,,,,,,,,,,,,,0,0,0,,,,,0,,,,,,,,,,,,,,,,,,,,,,0,
6/20/2016,18:43,Broadway & Medford St,Somerville,MA,1,1,3,8,1,"3,4",3,1,9,,1,1,,,1,,,,,,,,,,,,,,0,0,0,,,,,0,,,,,,,,,,,,,,,,,,,,,,0,
6/20/2016,20:54,Pearl St & Mt. Vernon St,Somerville,MA,1,1,2,3,1,1,1,7,97,,,,,,,,,,,,,,,,,,,,0,0,1,,,"fire alarm box, street sign",,0,,,,,,,,,,,,,,,,,,,,,,0,
6/19/2016,10:29,30 Washington St,Somerville,MA,1,1,1,1,1,2,2,1,1,,,,,,,,,,,,,,,,,,,,0,0,0,,,,,0,,,,,,,,,,,,,,,,,,,,,,0,
6/18/2016,1:15,128 Cedar St,Somerville,MA,1,1,1,1,1,8,2,1,1,,,,,,,,,,,,,,,,,,,,0,0,0,,,,,0,,,,,,,,,,,,,,,,,,,,,,0,
6/17/2016,8:00,Elm St & Grove St,Somerville,MA,1,1,2,2,1,3,2,1,1,,1,4,,,,,,,,,,,,,,,,,0,0,0,,,,,0,,,,,,,,,,,,,,,,,,,,,,0,
6/15/2016,15:16,College Ave & Summit St,Somerville,MA,1,1,1,3,1,1,1,2,4,13,,,,,,,,,,,,,,,,,,,1,0,0,4,2,,2,1,,0,34,4,1,,,,,,,,,,,,,,,,,0,
6/15/2016,18:35,Medford St & Somerville Ave,Somerville,MA,1,1,1,1,1,1,3,1,1,,2,1,,1,1,,,,,,,,,,,,,,0,0,0,,,,,1,,1,59,99,1,,,,,,,,,,,,,,,,,0,
6/14/2016,11:11,Summer St & School St,Somerville,MA,1,1,3,2,1,3,2,2,3,,1,1,,,,,,,,,,,,,,,,,0,0,0,,,,,0,,,,,,,,,,,,,,,,,,,,,,0,
6/13/2016,11:38,196 Pearl St,Somerville,MA,99,99,99,99,99,99,1,8,1,,,,,,,,,,,,,,,,,,,,0,0,1,,,tree,,0,,,,,,,,,,,,,,,,,,,,,,0,
6/13/2016,17:06,Somerville Ave & Bow St,Somerville,MA,2,1,1,4,4,4,1,10,1,,,,,,,,,,,,,,,,,,,,0,0,1,,,"light pole, trash can",,0,,,,,,,,,,,,,,,,,,,,,,0,
6/13/2016,10:45,Buena Vista Rd,Somerville,MA,1,1,1,1,1,1,1,6,1,,,,,,,,,,,,,,,,,,,,0,0,1,,,light pole,,0,,,,,,,,,,,,,,,,,,,,,,0,
6/12/2016,15:20,Pennsylvania Ave & Connecticut Ave,Somerville,MA,2,1,2,3,4,3,2,2,1,,1,4,,,,,,,,,,,,,,,,,0,0,0,,,,,0,,,,,,,,,,,,,,,,,,,,,,0,
6/12/2016,unk,10 Memorial Rd,Somerville,MA,99,99,1,1,1,4,2,2,1,,2,21,,,,,,,,,,,,,,,,,0,0,0,,,,,0,,,,,,,,,,,,,,,,,,,,,,0,
6/12/2016,20:14,48 Summer St,Somerville,MA,1,1,2,4,1,2,3,1,12,,1,,,2,,,,,,,,,,,,,,,0,0,0,,,,,0,,,,,,,,,,,,,,,,,,,,,,0,
6/12/2016,7:45,Temple St & Heath St,Somerville,MA,1,1,2,3,1,5,3,1,99,,2,1,,1,99,,,,,,,,,,,,,,0,0,1,,,tree,,0,,,,,,,,,,,,,,,,,,,,,,0,
6/10/2016,16:44,301 Great River Rd,Somerville,MA,1,1,5,7,1,3,2,1,1,,2,4,,,,,,,,,,,,,,,,,0,0,0,,,,,0,,,,,,,,,,,,,,,,,,,,,,0,
6/10/2016,8:10,Elm St & Day St,Somerville,MA,1,1,1,3,99,1,1,1,10,19,,,,,,,,,,,,,,,,,,,1,0,0,4,2,,7,1,,1,32,4,0,,,,,,,,,,,,,,,,,0,
6/9/2016,9:12,278 Broadway,Somerville,MA,1,1,1,1,4,4,2,2,1,,,1,,,,,,,,,,,,,,,,,0,0,0,,,,,0,,,,,,,,,,,,,,,,,,,,,,1,
6/9/2016,19:03,750 Broadway,Somerville,MA,1,1,1,1,1,3,2,1,3,,1,1,,,,,,,,,,,,,,,,,0,0,0,,,,,0,,,,,,,,,,,,,,,,,,,,,,0,
6/9/2016,15:00,250 Elm St,Somerville,MA,1,1,1,1,4,4,2,1,19,6,1,1,,,,,,,,,,,,,,,,,0,0,0,,,,,0,,,,,,,,,,,,,,,,,,,,,,0,
6/7/2016,21:43,Broadway & Garfield Ave,Somerville,MA,"3,2",2,3,3,3,3,2,1,1,,2,99,,,,,,,,,,,,,,,,,0,0,0,,,,,1,2,0,24,99,0,1,31,99,0,,,,,,,,,,,,,0,
6/7/2016,14:26,Medford St & McGrath Hwy,Somerville,MA,1,1,3,3,2,1,1,1,4,,,,,,,,,,,,,,,,,,,,0,0,1,,,pole,,0,,,,,,,,,,,,,,,,,,,,,,0,
6/6/2016,15:23,533 Medford St,Somerville,MA,1,1,1,1,1,1,1,1,99,,,,,,,,,,,,,,,,,,,,0,1,0,4,2,,5,1,,1,11,3,1,,,,,,,,,,,,,,,,,0,
6/4/2016,1:01,19 Clark St,Somerville,MA,1,1,1,1,4,4,2,99,1,,1,1,,,,,,,,,,,,,,,,,0,0,0,,,,,0,,,,,,,,,,,,,,,,,,,,,,0,
6/3/2016,9:58,Washington St & Inner Belt Rd,Somerville,MA,1,1,3,3,1,2,2,1,99,,7,99,,,,,,,,,,,,,,,,,0,0,0,,,,,1,,1,78,4,1,,,,,,,,,,,,,,,,,0,