Date,Time,Location,City,State,Weather (2&3),Road Surface (6),Traffic Control Device (4),Intersection Type (7),Traffic Way Desc (8),Collision Manner (11),# of Involved Vehicles,Vehicle1 Configuration (21),Driver1 Contrib Code1 (25),Driver1 Contrib Code2 (25),Vehicle2 Configuration (21),Driver2 Contrib Code1 (25),Driver2 Contrib Code2 (25),Vehicle3 Configuration (21),Driver3 Contrib Code1 (25),Driver3 Contrib Code2 (25),Vehicle4 Configuration (21),Driver4 Contrib Code1 (25),Driver4 Contrib Code2 (25),Vehicle5 Configuration (21),Driver5 Contrib Code1 (25),Driver5 Contrib Code2 (25),Vehicle6 Configuration (21),Driver6 Contrib Code1 (25),Driver6 Contrib Code2 (25),Vehicle7 Configuration (21),Driver7 Contrib Code1 (25),Driver7 Contrib Code2 (25),Bicycle,Pedestrian,Non-MV,Non-Motorist Location (16),Non-Motorist Action (15),Non-Motorist Type,Manner of Non-Motorist (Person) Collision,Injury,Multiple,Gender1,Age1,Severity1,Hospital1,Gender2,Age2,Severity2,Hospital2,Gender3,Age3,Severity3,Hospital3,Gender4,Age4,Severity4,Hospital4,Gender5,Age5,Severity5,Hospital5,City Vehicle?,Notes
6/3/2016,12:15,Middlesex Ave & McGrath Hwy,Somerville,MA,1,1,7,4,2,3,2,1,1,,2,6,3,,,,,,,,,,,,,,,,0,0,0,,,,,1,,1,22,4,1,,,,,,,,,,,,,,,,,0,
6/3/2016,11:23,14 McGrath Hwy,Somerville,MA,2,1,1,1,1,1,1,1,99,,,,,,,,,,,,,,,,,,,,0,1,0,5,1,,5,1,,0,55,3,1,,,,,,,,,,,,,,,,,0,
6/3/2016,11:20,136 Highland Ave,Somerville,MA,2,1,1,1,1,2,2,1,1,,1,20,,,,,,,,,,,,,,,,,0,0,0,,,,,0,,,,,,,,,,,,,,,,,,,,,,0,
6/2/2016,18:16,Highland Ave & Benton Rd,Somerville,MA,2,1,2,2,1,3,2,1,1,,1,4,,,,,,,,,,,,,,,,,0,0,0,,,,,0,,,,,,,,,,,,,,,,,,,,,,0,
6/1/2016,13:46,52 School St,Somerville,MA,1,1,1,1,4,2,2,1,1,,1,19,,,,,,,,,,,,,,,,,0,0,0,,,,,1,,1,48,4,0,,,,,,,,,,,,,,,,,0,
5/31/2016,18:33,Somerville Ave & Dane St,Somerville,MA,1,1,3,2,1,3,2,2,1,,1,99,,,,,,,,,,,,,,,,,0,0,0,,,,,0,,,,,,,,,,,,,,,,,,,,,,0,
5/30/2016,12:26,Broadway & Packard Ave,Somerville,MA,3,2,3,3,2,2,2,1,1,,2,99,,,,,,,,,,,,,,,,,0,0,0,,,,,0,,,,,,,,,,,,,,,,,,,,,,0,
5/30/2016,12:30,1298 Broadway,Somerville,MA,3,2,1,1,1,4,2,1,1,,1,1,,,,,,,,,,,,,,,,,0,0,0,,,,,0,,,,,,,,,,,,,,,,,,,,,,0,
5/30/2016,12:10,Mystic Ave & Temple St,Somerville,MA,2,2,3,2,1,3,2,1,99,,1,99,,,,,,,,,,,,,,,,,0,0,0,,,,,1,,1,41,3,1,,,,,,,,,,,,,,,,,1,
5/27/2016,18:35,60 Dartmouth St,Somerville,MA,1,1,1,1,4,2,2,1,99,,1,99,,,,,,,,,,,,,,,,,0,0,0,,,,,0,,,,,,,,,,,,,,,,,,,,,,0,
5/27/2016,22:54,333 Highland Ave,Somerville,MA,1,1,1,1,2,4,2,2,99,,2,99,,,,,,,,,,,,,,,,,0,0,0,,,,,0,,,,,,,,,,,,,,,,,,,,,,0,
5/27/2016,18:50,Alewife Brook Pkwy & Broadway,Somerville,MA,1,1,1,2,1,4,2,2,1,,1,4,,,,,,,,,,,,,,,,,0,0,0,,,,,0,,,,,,,,,,,,,,,,,,,,,,0,
5/27/2016,12:10,Temple St,Somerville,MA,1,1,1,1,1,4,2,1,1,,1,1,,,,,,,,,,,,,,,,,0,0,0,,,,,0,,,,,,,,,,,,,,,,,,,,,,0,
5/26/2016,10:15,6 Radcliffe Rd,Somerville,MA,1,1,1,1,1,4,2,1,1,,1,99,,,,,,,,,,,,,,,,,0,0,0,,,,,0,,,,,,,,,,,,,,,,,,,,,,0,
5/26/2016,22:26,16 Beacon St,Somerville,MA,1,1,2,3,1,3,1,1,4,,,,,,,,,,,,,,,,,,,,1,0,0,10,2,,5,1,,1,27,3,0,,,,,,,,,,,,,,,,,0,
5/26/2016,18:05,Foley St & Grand Union Blvd,Somerville,MA,1,1,2,2,1,3,2,1,1,,1,1,,,,,,,,,,,,,,,,,0,0,0,,,,,1,2,0,18,4,1,0,34,4,0,,,,,,,,,,,,,0,
5/26/2016,13:05,School St & Somerville Ave,Somerville,MA,1,1,1,3,4,4,2,2,9,,7,1,,,,,,,,,,,,,,,,,0,0,0,,,,,0,,,,,,,,,,,,,,,,,,,,,,0,
5/26/2016,8:35,400 Somerville Ave,Somerville,MA,1,1,1,9,1,1,1,2,4,,,,,,,,,,,,,,,,,,,,1,0,0,1,2,,2,1,,1,40,4,0,,,,,,,,,,,,,,,,,0,
5/25/2016,16:24,Medford St & Somerville Ave,Somerville,MA,1,1,1,9,1,3,1,1,4,,,,,,,,,,,,,,,,,,,,1,0,0,4,2,,2,1,,0,39,3,0,,,,,,,,,,,,,,,,,0,
5/24/2016,11:00,Broadway & College Ave,Somerville,MA,"2,3",2,2,2,1,1,1,8,1,,,,,,,,,,,,,,,,,,,,0,0,1,,,Street sign,,0,,,,,,,,,,,,,,,,,,,,,,1,
5/24/2016,15:26,Kidder Ave & Lowden Ave,Somerville,MA,2,1,2,2,1,3,2,1,4,,1,1,,,,,,,,,,,,,,,,,0,0,0,,,,,0,,,,,,,,,,,,,,,,,,,,,,0,
5/23/2016,12:40,Kensington Ave & Middlesex Ave,Somerville,MA,1,1,1,1,1,4,2,6,1,,1,,,,,,,,,,,,,,,,,,0,0,0,,,,,0,,,,,,,,,,,,,,,,,,,,,,1,
5/23/2016,19:45,273 Washington St,Somerville,MA,1,1,1,1,1,2,4,2,1,,1,1,,2,1,,1,1,,,,,,,,,,,0,0,0,,,,,1,,1,35,4,0,,,,,,,,,,,,,,,,,0,
5/23/2016,16:42,285 Highland Ave,Somerville,MA,1,1,1,1,1,3,2,1,4,,15,99,,,,,,,,,,,,,,,,,1,0,0,4,2,,2,1,,1,31,3,0,,,,,,,,,,,,,,,,,0,
5/23/2016,10:20,Highland Ave & Benton Rd,Somerville,MA,1,1,2,2,1,3,2,1,99,,1,99,,,,,,,,,,,,,,,,,0,0,0,,,,,0,,,,,,,,,,,,,,,,,,,,,,0,
5/22/2016,13:43,61 Central St,Somerville,MA,2,1,1,1,1,4,2,6,1,,2,,,,,,,,,,,,,,,,,,0,0,0,,,,,0,,,,,,,,,,,,,,,,,,,,,,1,
5/21/2016,8:05,Elm St & Dover St,Somerville,MA,1,1,3,3,99,8,2,1,99,,6,99,,,,,,,,,,,,,,,,,0,0,0,,,,,0,,,,,,,,,,,,,,,,,,,,,,1,
5/21/2016,2:00,62 Highland Ave,Somerville,MA,1,1,1,1,1,3,4,1,99,,1,1,,1,1,,1,1,,,,,,,,,,,0,0,0,,,,,1,,1,47,4,1,,,,,,,,,,,,,,,,,0,
5/20/2016,21:08,Washington St & Beacon St,Somerville,MA,1,1,3,2,1,2,1,1,5,,,,,,,,,,,,,,,,,,,,1,0,0,1,97,,4,0,,,,,,,,,,,,,,,,,,,,,,0,
5/20/2016,19:57,383 Broadway,Somerville,MA,1,1,3,1,2,2,2,1,99,,1,19,,,,,,,,,,,,,,,,,0,0,0,,,,,0,,,,,,,,,,,,,,,,,,,,,,0,
5/20/2016,13:00,Broadway & Russell Rd,Somerville,MA,1,1,1,3,1,3,2,1,1,,1,1,,,,,,,,,,,,,,,,,0,0,0,,,,,0,,,,,,,,,,,,,,,,,,,,,,0,
5/19/2016,19:48,Beacon St & Properzi Way,Somerville,MA,2,1,1,3,1,"3,4",1,2,4,,,,,,,,,,,,,,,,,,,,1,0,0,10,2,,1,1,,1,58,2,1,,,,,,,,,,,,,,,,,0,
5/18/2016,4:46,13 Warren Ave,Somerville,MA,1,1,1,9,1,1,1,1,99,,,,,,,,,,,,,,,,,,,,0,0,1,,,"Street sign, fence",,0,,,,,,,,,,,,,,,,,,,,,,0,
5/18/2016,17:07,Middlesex Ave & Cummings St,Somerville,MA,1,1,1,3,1,2,2,2,10,,1,1,,,,,,,,,,,,,,,,,0,0,0,,,,,1,2,1,22,4,0,0,28,4,0,,,,,,,,,,,,,0,
5/18/2016,15:48,34 Central St,Somerville,MA,1,1,1,1,4,2,3,2,10,,2,1,,1,1,,,,,,,,,,,,,,0,0,0,,,,,1,2,1,49,4,0,1,63,4,0,,,,,,,,,,,,,0,
5/18/2016,23:36,School St & Berkley St,Somerville,MA,1,1,1,3,4,4,2,1,9,,1,1,,,,,,,,,,,,,,,,,0,0,0,,,,,1,2,1,26,3,1,0,29,4,0,,,,,,,,,,,,,0,
5/14/2016,12:21,Holland St & Buena Vista Rd,Somerville,MA,1,1,1,3,2,3,2,1,1,,2,19,,,,,,,,,,,,,,,,,0,0,0,,,,,0,,,,,,,,,,,,,,,,,,,,,,0,
5/13/2016,14:50,Elm St & Grove St,Somerville,MA,1,1,1,3,4,1,1,1,19,,,,,,,,,,,,,,,,,,,,0,1,0,1,1,,5,0,,,,,,,,,,,,,,,,,,,,,,0,
5/13/2016,8:14,363 Beacon St,Somerville,MA,1,1,1,3,2,4,1,1,4,,,,,,,,,,,,,,,,,,,,1,0,0,4,2,,1,1,,0,53,3,1,,,,,,,,,,,,,,,,,0,
5/13/2016,16:44,Central St & Hudson St,Somerville,MA,"1,2",1,1,3,2,3,3,2,1,,1,1,,1,19,,,,,,,,,,,,,,0,0,0,,,,,0,,,,,,,,,,,,,,,,,,,,,,0,
5/11/2016,21:55,Broadway & Magoun Sq Muni Lot,Somerville,MA,1,1,3,8,1,3,2,1,10,,1,1,,,,,,,,,,,,,,,,,0,0,0,,,,,0,,,,,,,,,,,,,,,,,,,,,,0,
5/10/2016,19:16,McGrath Hwy & Grand Union Blvd,Somerville,MA,1,1,1,1,3,2,2,1,1,,1,20,,,,,,,,,,,,,,,,,0,0,0,,,,,0,,,,,,,,,,,,,,,,,,,,,,1,
5/10/2016,10:46,34 Highland Ave,Somerville,MA,1,1,1,1,1,1,1,1,19,,,,,,,,,,,,,,,,,,,,1,0,0,2,2,,3,1,,1,32,4,0,,,,,,,,,,,,,,,,,0,
5/9/2016,16:07,3 Washington St,Somerville,MA,"1,2",1,1,1,2,3,2,1,1,,1,4,,,,,,,,,,,,,,,,,0,0,0,,,,,0,,,,,,,,,,,,,,,,,,,,,,0,
5/8/2016,10:28,Sanborn Ave & Warren St,Somerville,MA,"2,3",2,2,3,1,3,2,1,4,,6,1,,,,,,,,,,,,,,,,,0,0,0,,,,,0,,,,,,,,,,,,,,,,,,,,,,0,
5/8/2016,11:00,Morrison Ave & Boston Ave,Somerville,MA,"3,2",2,1,3,1,6,3,2,1,,1,1,,1,1,,,,,,,,,,,,,,0,0,0,,,,,1,8,0,46,4,1,0,63,4,1,0,64,4,1,0,16,4,1,1,39,4,1,0,
5/7/2016,11:12,13 Elm St,Somerville,MA,2,1,1,1,1,4,2,1,99,,1,99,,,,,,,,,,,,,,,,,0,0,0,,,,,0,,,,,,,,,,,,,,,,,,,,,,0,
5/6/2016,17:06,Somerville Ave & Washington St & Prospect Ave,Somerville,MA,2,1,3,3,2,3,2,1,1,,2,3,,,,,,,,,,,,,,,,,0,0,0,,,,,0,,,,,,,,,,,,,,,,,,,,,,0,
5/6/2016,8:00,Willow Ave & Morrison Ave,Somerville,MA,2,2,2,1,1,4,2,2,1,,2,1,,,,,,,,,,,,,,,,,0,0,0,,,,,0,,,,,,,,,,,,,,,,,,,,,,0,
5/5/2016,13:55,93 Summer St,Somerville,MA,3,2,1,1,1,4,2,1,99,,1,,,,,,,,,,,,,,,,,,0,0,0,,,,,0,,,,,,,,,,,,,,,,,,,,,,1,
5/5/2016,7:45,300 Broadway,Somerville,MA,2,1,1,1,3,2,2,2,99,,1,99,,,,,,,,,,,,,,,,,0,0,0,,,,,0,,,,,,,,,,,,,,,,,,,,,,0,
5/5/2016,14:56,15 Elm St,Somerville,MA,1,1,unk,1,1,3,2,2,1,,2,6,,,,,,,,,,,,,,,,,0,0,0,,,,,0,,,,,,,,,,,,,,,,,,,,,,0,
5/5/2016,7:00,Broadway & Lowden Ave,Somerville,MA,3,2,2,3,1,5,2,1,1,,1,4,,,,,,,,,,,,,,,,,0,0,0,,,,,0,,,,,,,,,,,,,,,,,,,,,,0,
5/5/2016,11:38,76 Middlesex Ave,Somerville,MA,"2,3",2,1,1,2,1,1,10,99,,,,,,,,,,,,,,,,,,,,0,0,1,,,Light pole,,0,,,,,,,,,,,,,,,,,,,,,,0,
5/4/2016,7:05,Highland Ave & Hamlet St,Somerville,MA,2,1,3,4,1,1,1,1,1,,,,,,,,,,,,,,,,,,,,0,1,0,1,1,,5,1,,1,12,4,1,,,,,,,,,,,,,,,,,,
5/4/2016,0:33,Packard Ave & Talbot Ave,Somerville,MA,1,1,1,2,1,1,1,2,10,,,,,,,,,,,,,,,,,,,,0,0,1,,,"Sign, railing",,0,,,,,,,,,,,,,,,,,,,,,,0,
5/4/2016,17:34,Bartlett St & Medford St,Somerville,MA,3,2,2,2,1,3,2,1,99,,2,4,,,,,,,,,,,,,,,,,0,0,0,,,,,1,,1,36,3,0,,,,,,,,,,,,,,,,,0,
5/2/2016,16:15,Main St & Edgar Ave,Somerville,MA,"3,2",2,1,3,1,6,3,1,1,,1,3,4,1,1,,,,,,,,,,,,,,0,0,0,,,,,0,,,,,,,,,,,,,,,,,,,,,,0,
4/30/2016,9:31,Central St & Highland Ave,Somerville,MA,1,1,1,1,1,3,4,2,1,,2,4,,1,1,,2,1,,,,,,,,,,,0,0,0,,,,,0,,,,,,,,,,,,,,,,,,,,,,0,
4/30/2016,14:10,286 Beacon St,Somerville,MA,1,1,2,3,1,1,1,2,1,,,,,,,,,,,,,,,,,,,,0,1,0,4,1,,2,1,,1,72,4,1,,,,,,,,,,,,,,,,,0,
4/28/2016,16:11,Highland Rd & Morrison Ave,Somerville,MA,1,1,2,2,1,3,2,1,3,,1,99,,,,,,,,,,,,,,,,,0,0,0,,,,,0,,,,,,,,,,,,,,,,,,,,,,0,
4/25/2016,12:50,Belmont St,Somerville,MA,1,1,1,1,4,1,2,1,8,,1,,,,,,,,,,,,,,,,,,0,0,0,,,,,0,,,,,,,,,,,,,,,,,,,,,,0,
4/25/2016,20:32,43 Cross St,Somerville,MA,1,1,1,1,1,5,2,1,1,,1,1,,,,,,,,,,,,,,,,,0,0,0,,,,,0,,,,,,,,,,,,,,,,,,,,,,0,
4/22/2016,16:06,Broadway & Medford St,Somerville,MA,2,1,3,2,3,4,2,2,99,,1,97,,,,,,,,,,,,,,,,,0,0,0,,,,,0,,,,,,,,,,,,,,,,,,,,,,0,
4/21/2016,18:54,74 Simpson Ave,Somerville,MA,1,1,1,1,4,2,3,2,7,,2,,,2,,,,,,,,,,,,,,,0,0,0,,,,,0,,,,,,,,,,,,,,,,,,,,,,0,
4/19/2016,10:30,Holland St & Paulina St,Somerville,MA,2,1,1,2,1,4,2,6,1,,2,,,,,,,,,,,,,,,,,,0,0,0,,,,,0,,,,,,,,,,,,,,,,,,,,,,0,
4/19/2016,18:15,Kidder Ave & Bay State Ave,Somerville,MA,1,1,2,3,2,8,2,1,99,,1,99,,,,,,,,,,,,,,,,,0,0,0,,,,,0,,,,,,,,,,,,,,,,,,,,,,0,
4/19/2016,15:52,114 Temple St,Somerville,MA,1,1,1,1,2,4,3,6,19,20,1,,,1,,,,,,,,,,,,,,,0,0,0,,,,,1,,1,26,4,1,,,,,,,,,,,,,,,,,0,
4/18/2016,9:00,40 Wigglesworth St,Somerville,MA,1,1,1,1,3,4,3,1,99,,1,1,,1,1,,,,,,,,,,,,,,0,0,0,,,,,0,,,,,,,,,,,,,,,,,,,,,,0,
4/17/2016,14:45,12 Highland Ave,Somerville,MA,1,1,1,1,1,3,2,1,99,,1,4,,,,,,,,,,,,,,,,,0,0,0,,,,,0,,,,,,,,,,,,,,,,,,,,,,0,
4/17/2016,15:12,175 Elm St,Somerville,MA,1,1,1,1,1,4,2,1,11,,1,,,,,,,,,,,,,,,,,,0,1,0,4,7,,8,1,2,0,,3,0,0,30,4,0,,,,,,,,,,,,,0,
4/14/2016,21:22,Broadway & Main St,Somerville,MA,1,1,3,2,2,1,1,1,11,,,,,,,,,,,,,,,,,,,,0,0,1,,,Median,,0,,,,,,,,,,,,,,,,,,,,,,0,
4/14/2016,9:10,Temple St & Sewall St,Somerville,MA,1,1,1,3,1,4,2,2,1,,1,4,,,,,,,,,,,,,,,,,0,0,0,,,,,0,,,,,,,,,,,,,,,,,,,,,,0,
4/14/2016,11:17,Sewall St & Grant St,Somerville,MA,1,1,1,3,3,4,2,1,10,,6,1,,,,,,,,,,,,,,,,,0,0,0,,,,,0,,,,,,,,,,,,,,,,,,,,,,0,
4/13/2016,11:27,Broadway & Main St,Somerville,MA,1,1,3,3,2,2,2,2,1,,2,3,,,,,,,,,,,,,,,,,0,0,0,,,,,0,,,,,,,,,,,,,,,,,,,,,,1,
4/13/2016,18:30,320 Canal St,Somerville,MA,1,1,1,1,1,4,2,1,1,,1,1,,,,,,,,,,,,,,,,,0,0,0,,,,,0,,,,,,,,,,,,,,,,,,,,,,0,
4/13/2016,18:31,Medford St & Partridge Ave,Somerville,MA,1,1,1,3,1,3,2,2,4,,2,1,,,,,,,,,,,,,,,,,0,0,0,,,,,1,,0,26,4,0,,,,,,,,,,,,,,,,,0,
4/12/2016,11:00,Packard Ave,Somerville,MA,3,2,1,1,1,3,2,1,1,,11,1,,,,,,,,,,,,,,,,,0,0,0,,,,,0,,,,,,,,,,,,,,,,,,,,,,1,
4/11/2016,8:26,Lowell St & Medford St,Somerville,MA,1,1,3,3,1,1,1,7,12,,,,,,,,,,,,,,,,,,,,0,0,1,,,Traffic signal,,0,,,,,,,,,,,,,,,,,,,,,,0,
4/10/2016,unk,301 Great River Rd,Somerville,MA,1,1,1,7,3,1,1,1,2,10,,,,,,,,,,,,,,,,,,,0,0,1,,,"Curb, flower bed",,0,,,,,,,,,,,,,,,,,,,,,,0,
4/8/2016,7:35,Cedar St & Highland Ave,Somerville,MA,1,1,3,2,2,1,1,2,1,,,,,,,,,,,,,,,,,,,,0,1,0,1,1,,1,1,,1,77,3,0,,,,,,,,,,,,,,,,,0,
4/7/2016,14:39,Medford St & Walnut St,Somerville,MA,3,2,1,1,4,2,2,1,5,,2,1,,,,,,,,,,,,,,,,,0,0,0,,,,,1,,1,24,3,1,,,,,,,,,,,,,,,,,0,
4/6/2016,8:11,Wheatland St & Broadway,Somerville,MA,1,1,2,3,2,3,2,2,3,,1,1,,,,,,,,,,,,,,,,,0,0,0,,,,,0,,,,,,,,,,,,,,,,,,,,,,0,
4/6/2016,8:26,Temple St & Derby St,Somerville,MA,1,1,1,1,1,2,3,1,19,10,,1,,1,1,,,,,,,,,,,,,,0,0,0,,,,,1,,1,40,4,1,,,,,,,,,,,,,,,,,0,
4/6/2016,15:30,87 Temple St,Somerville,MA,2,1,1,4,2,2,2,1,5,19,2,,,,,,,,,,,,,,,,,,0,0,0,,,,,0,,,,,,,,,,,,,,,,,,,,,,0,
4/6/2016,9:17,Hanson St & Washington St,Somerville,MA,1,1,2,3,1,99,2,7,97,,2,1,,,,,,,,,,,,,,,,,0,0,0,,,,,0,,,,,,,,,,,,,,,,,,,,,,0,
4/6/2016,3:09,Willow Ave & Broadway,Somerville,MA,2,1,3,2,2,3,2,2,99,,2,99,,,,,,,,,,,,,,,,,0,0,0,,,,,0,,,,,,,,,,,,,,,,,,,,,,0,
4/5/2016,11:56,22 Temple St,Somerville,MA,1,1,1,1,1,99,2,1,99,,1,99,,,,,,,,,,,,,,,,,0,0,0,,,,,0,,,,,,,,,,,,,,,,,,,,,,0,
4/5/2016,15:25,50 Washington St,Somerville,MA,2,1,1,1,1,2,3,2,5,19,2,1,,1,1,,,,,,,,,,,,,,0,0,0,,,,,1,,0,61,4,0,,,,,,,,,,,,,,,,,0,
4/4/2016,21:02,6 Jerome St,Somerville,MA,4,2,1,1,4,2,2,13,1,,1,,,,,,,,,,,,,,,,,,0,0,0,,,,,0,,,,,,,,,,,,,,,,,,,,,,1,
4/4/2016,20:56,Washington St & Webster Ave,Somerville,MA,4,4,1,1,4,1,1,1,99,,,,,,,,,,,,,,,,,,,,0,0,1,,,Bollard,,0,,,,,,,,,,,,,,,,,,,,,,0,
4/4/2016,17:22,Beacon St & Properzi Way,Somerville,MA,"4,2",3,1,3,2,3,2,1,1,,2,4,,,,,,,,,,,,,,,,,0,0,0,,,,,0,,,,,,,,,,,,,,,,,,,,,,0,
4/3/2016,2:27,301 Great River Rd,Somerville,MA,1,1,5,7,4,1,1,1,2,10,,,,,,,,,,,,,,,,,,,0,0,1,,,Utility pole,,0,,,,,,,,,,,,,,,,,,,,,,0,
4/3/2016,13:02,80 Prospect St,Somerville,MA,1,1,1,1,1,2,4,2,1,,2,19,,2,19,,2,99,,,,,,,,,,,0,0,0,,,,,0,,,,,,,,,,,,,,,,,,,,,,0,
4/3/2016,16:31,114 Temple St,Somerville,MA,1,1,1,1,1,3,4,2,99,,1,1,,1,1,,1,1,,,,,,,,,,,0,0,0,,,,,0,,,,,,,,,,,,,,,,,,,,,,0,
4/2/2016,2:44,Summer St & Benton Rd,Somerville,MA,1,1,1,1,1,5,5,2,10,14,1,1,,1,1,,1,1,,1,1,,1,1,,,,,0,0,0,,,,,1,,1,63,99,1,,,,,,,,,,,,,,,,,0,
3/31/2016,17:44,Broadway & Chandler St,Somerville,MA,1,1,2,3,2,3,2,1,19,4,2,1,,,,,,,,,,,,,,,,,0,0,0,,,,,0,,,,,,,,,,,,,,,,,,,,,,1,
3/30/2016,19:15,123 Temple St,Somerville,MA,1,1,1,1,1,3,2,1,99,,1,99,,,,,,,,,,,,,,,,,0,0,0,,,,,0,,,,,,,,,,,,,,,,,,,,,,0,
3/30/2016,16:11,Washington St & McGrath Hwy,Somerville,MA,1,1,3,2,3,3,2,1,8,10,1,1,,,,,,,,,,,,,,,,,0,0,0,,,,,0,,,,,,,,,,,,,,,,,,,,,,0,
3/29/2016,15:36,299 Broadway,Somerville,MA,1,1,1,1,3,2,2,2,1,,2,1,,,,,,,,,,,,,,,,,0,0,0,,,,,1,,1,53,4,0,,,,,,,,,,,,,,,,,1,
3/28/2016,16:47,Westwood Rd & Central St,Somerville,MA,"2,3",2,1,3,4,1,1,4,1,,,,,,,,,,,,,,,,,,,,0,0,1,,,Cement pillars,,0,,,,,,,,,,,,,,,,,,,,,,0,
3/28/2016,22:07,Sargent Ave & Broadway,Somerville,MA,1,1,1,3,3,4,2,1,1,,1,1,,,,,,,,,,,,,,,,,0,0,0,,,,,0,,,,,,,,,,,,,,,,,,,,,,0,
3/27/2016,3:05,123 Central St,Somerville,MA,1,1,1,1,1,8,4,1,99,,1,1,,2,1,,2,1,,,,,,,,,,,0,0,0,,,,,0,,,,,,,,,,,,,,,,,,,,,,0,
3/27/2016,13:54,981 Broadway,Somerville,MA,1,1,1,3,1,2,2,2,19,,2,1,,,,,,,,,,,,,,,,,0,0,0,,,,,0,,,,,,,,,,,,,,,,,,,,,,0,
3/27/2016,17:02,Pennsylvania Ave & Minnesota Ave,Somerville,MA,1,1,1,3,4,5,2,1,1,,6,1,,,,,,,,,,,,,,,,,0,0,0,,,,,0,,,,,,,,,,,,,,,,,,,,,,1,
3/26/2016,16:41,530 Somerville Ave,Somerville,MA,1,1,3,3,1,3,2,1,10,97,6,,,,,,,,,,,,,,,,,,0,0,0,,,,,1,,0,48,3,1,,,,,,,,,,,,,,,,,0,
3/25/2016,8:58,15 Wesley Park,Somerville,MA,3,2,1,1,1,4,2,6,1,,1,1,,,,,,,,,,,,,,,,,0,0,0,,,,,0,,,,,,,,,,,,,,,,,,,,,,0,
3/25/2016,7:30,Somerville Ave & Loring St,Somerville,MA,unk,unk,unk,unk,unk,3,3,2,1,,1,4,,1,1,,,,,,,,,,,,,,0,0,0,,,,,0,,,,,,,,,,,,,,,,,,,,,,0,
3/24/2016,7:23,62 Gordon St,Somerville,MA,1,1,1,1,4,4,3,2,3,,2,1,,1,1,,,,,,,,,,,,,,0,0,0,,,,,0,,,,,,,,,,,,,,,,,,,,,,0,
3/22/2016,9:15,Beacon St & Cooney St,Somerville,MA,1,1,3,2,1,2,2,2,1,,2,97,,,,,,,,,,,,,,,,,0,0,0,,,,,0,,,,,,,,,,,,,,,,,,,,,,0,
3/22/2016,21:22,Medford St & Somerville Ave,Somerville,MA,1,1,3,3,2,3,2,2,1,,1,4,,,,,,,,,,,,,,,,,0,0,0,,,,,0,,,,,,,,,,,,,,,,,,,,,,0,
3/20/2016,13:53,Highland Ave & Grove St,Somerville,MA,1,1,1,2,1,4,2,1,4,,1,1,,,,,,,,,,,,,,,,,0,0,0,,,,,0,,,,,,,,,,,,,,,,,,,,,,0,
3/19/2016,2:30,196 Pearl St,Somerville,MA,1,1,1,1,1,4,2,2,99,,2,1,,,,,,,,,,,,,,,,,0,0,0,,,,,0,,,,,,,,,,,,,,,,,,,,,,0,
3/18/2016,16:00,93 Highland Ave,Somerville,MA,2,1,1,1,1,4,2,2,1,,1,1,,,,,,,,,,,,,,,,,0,0,0,,,,,0,,,,,,,,,,,,,,,,,,,,,,1,
3/18/2016,8:09,Cedar St & Summer St,Somerville,MA,1,1,3,3,1,6,2,1,19,,1,1,,,,,,,,,,,,,,,,,0,0,0,,,,,0,,,,,,,,,,,,,,,,,,,,,,0,
3/17/2016,7:53,Cedar St & Morrison Ave,Somerville,MA,2,2,1,3,1,2,3,2,1,,1,1,,1,19,,,,,,,,,,,,,,0,0,0,,,,,1,,0,56,4,0,,,,,,,,,,,,,,,,,0,
3/16/2016,11:59,703 Broadway,Somerville,MA,2,1,1,1,2,2,2,2,19,,1,,,,,,,,,,,,,,,,,,0,0,0,,,,,0,,,,,,,,,,,,,,,,,,,,,,1,
3/15/2016,9:50,Myrtle St & Pearl St,Somerville,MA,"3,2",2,1,1,1,4,2,1,1,,97,1,,,,,,,,,,,,,,,,,0,0,0,,,,,0,,,,,,,,,,,,,,,,,,,,,,0,
3/14/2016,18:15,239 Holland St,Somerville,MA,2,1,3,1,2,4,2,1,11,,1,,,,,,,,,,,,,,,,,,0,0,0,,,,,0,,,,,,,,,,,,,,,,,,,,,,0,
3/13/2016,22:33,243 Central St,Somerville,MA,1,1,1,1,1,1,1,1,10,,,,,,,,,,,,,,,,,,,,0,0,1,,,"Utility pole, fire hydrant",,0,,,,,,,,,,,,,,,,,,,,,,0,
3/12/2016,18:48,191 Highland Ave,Somerville,MA,1,1,1,1,1,2,3,2,1,,2,1,,2,1,,,,,,,,,,,,,,0,0,0,,,,,0,,,,,,,,,,,,,,,,,,,,,,0,
3/11/2016,10:13,Beacon St & Oxford St,Somerville,MA,1,1,2,3,1,1,1,1,1,,,1,,,,,,,,,,,,,,,,,1,0,0,4,2,,5,1,,1,29,3,1,,,,,,,,,,,,,,,,,0,
3/11/2016,9:50,264 Washington St,Somerville,MA,2,1,1,1,2,2,3,2,97,,1,1,,2,1,,,,,,,,,,,,,,0,0,0,,,,,1,,1,81,4,1,,,,,,,,,,,,,,,,,0,
3/11/2016,21:15,Broadway & Temple St,Somerville,MA,1,1,3,3,3,2,3,2,14,,1,1,,2,1,,,,,,,,,,,,,,0,0,0,,,,,0,,,,,,,,,,,,,,,,,,,,,,0,
3/11/2016,12:24,Washington St & Tufts St,Somerville,MA,2,1,1,3,1,1,1,2,99,,,,,,,,,,,,,,,,,,,,0,1,0,1,1,,2,1,,0,,3,1,,,,,,,,,,,,,,,,,0,