Date,Time,Location,City,State,Weather (2&3),Road Surface (6),Traffic Control Device (4),Intersection Type (7),Traffic Way Desc (8),Collision Manner (11),# of Involved Vehicles,Vehicle1 Configuration (21),Driver1 Contrib Code1 (25),Driver1 Contrib Code2 (25),Vehicle2 Configuration (21),Driver2 Contrib Code1 (25),Driver2 Contrib Code2 (25),Vehicle3 Configuration (21),Driver3 Contrib Code1 (25),Driver3 Contrib Code2 (25),Vehicle4 Configuration (21),Driver4 Contrib Code1 (25),Driver4 Contrib Code2 (25),Vehicle5 Configuration (21),Driver5 Contrib Code1 (25),Driver5 Contrib Code2 (25),Vehicle6 Configuration (21),Driver6 Contrib Code1 (25),Driver6 Contrib Code2 (25),Vehicle7 Configuration (21),Driver7 Contrib Code1 (25),Driver7 Contrib Code2 (25),Bicycle,Pedestrian,Non-MV,Non-Motorist Location (16),Non-Motorist Action (15),Non-Motorist Type,Manner of Non-Motorist (Person) Collision,Injury,Multiple,Gender1,Age1,Severity1,Hospital1,Gender2,Age2,Severity2,Hospital2,Gender3,Age3,Severity3,Hospital3,Gender4,Age4,Severity4,Hospital4,Gender5,Age5,Severity5,Hospital5,City Vehicle?,Notes
9/30/2015,4:58,281 Broadway,Somerville,MA,3,2,1,1,2,1,1,1,1,,,,,,,,,,,,,,,,,,,,0,1,0,4,2,,5,1,,1,49,3,1,,,,,,,,,,,,,,,,,0,
9/29/2015,21:24,285 Medford St,Somerville,MA,3,2,1,1,1,2,,2,7,,2,1,,,,,,,,,,,,,,,,,0,0,0,,,,,0,,,,,,,,,,,,,,,,,,,,,,0,
9/29/2015,19:09,Broadway & Cutter St,Somerville,MA,3,2,1,3,3,1,1,2,97,,,1,,,,,,,,,,,,,,,,,0,1,0,4,3,,5,1,,1,57,3,1,,,,,,,,,,,,,,,,,1,SPD Aux officer working SomerStreets event
9/29/2015,12:45,100 Pearson Rd,Somerville,MA,1,1,1,1,4,3,,1,1,,1,9,,,,,,,,,,,,,,,,,0,0,0,,,,,0,,,,,,,,,,,,,,,,,,,,,,0,
9/28/2015,13:23,180 Somerville Ave,Somerville,MA,1,1,1,1,1,3,,1,4,,2,1,,,,,,,,,,,,,,,,,0,0,0,,,,,1,,1,30,4,1,,,,,,,,,,,,,,,,,0,
9/28/2015,11:09,24 Rossmore St,Somerville,MA,1,1,1,1,4,4,,1,19,,2,1,,,,,,,,,,,,,,,,,0,0,0,,,,,0,,,,,,,,,,,,,,,,,,,,,,0,
9/27/2015,5:50,McGrath Hwy & Washington St,Somerville,MA,1,1,3,2,1,3,,2,99,,2,99,,,,,,,,,,,,,,,,,0,0,0,,,,,0,,,,,,,,,,,,,,,,,,,,,,0,
9/27/2015,15:00,Glenwood Rd & Broadway,Somerville,MA,1,1,2,3,4,1,1,1,3,19,,,,,,,,,,,,,,,,,,,0,1,0,1,1,,4,1,,0,30,4,0,,,,,,,,,,,,,,,,,0,
9/27/2015,8:00,Prospect St & Somerville Ave,Somerville,MA,1,1,3,2,2,3,,1,13,,2,1,,,,,,,,,,,,,,,,,0,0,0,,,,,0,,,,,,,,,,,,,,,,,,,,,,0,
9/27/2015,9:44,Broadway & Glen St,Somerville,MA,1,1,1,3,2,2,,1,1,,2,1,,,,,,,,,,,,,,,,,0,0,0,,,,,0,,,,,,,,,,,,,,,,,,,,,,0,
9/26/2015,13:58,Columbus Ave & Washington St,Somerville,MA,1,1,2,3,2,3,3,1,1,,1,1,,1,1,,,,,,,,,,,,,,0,0,0,,,,,0,,,,,,,,,,,,,,,,,,,,,,1,"MV op thought car was in park; it rolled across Washington into lot housing Det. vehicles, striking fence & 2 unmarkeds"
9/23/2015,13:10,Lowell St & Albion St,Somerville,MA,1,1,2,3,1,3,,1,3,19,2,1,,,,,,,,,,,,,,,,,0,0,0,,,,,0,,,,,,,,,,,,,,,,,,,,,,0,
9/22/2015,12:14,Powder House Blvd & Powder House Rotary,Somerville,MA,2,1,2,3,1,2,,1,5,,1,1,,,,,,,,,,,,,,,,,0,0,0,,,,,0,,,,,,,,,,,,,,,,,,,,,,0,
9/21/2015,17:18,Medford St & Glenwood Rd,Somerville,MA,1,1,2,2,1,3,,1,3,4,2,1,,,,,,,,,,,,,,,,,0,0,0,,,,,1,,1,19,4,1,,,,,,,,,,,,,,,,,0,
9/20/2015,21:54,253 Highland Ave,Somerville,MA,1,1,1,1,1,4,,1,14,,1,1,,1,1,,1,1,,2,1,,,,,,,,0,0,0,,,,,0,,,,,,,,,,,,,,,,,,,,,,0,
9/19/2015,13:50,238 Summer St,Somerville,MA,1,1,1,1,1,4,1,1,19,,,1,,,,,,,,,,,,,,,,,1,0,0,4,2,,3,1,,1,20,3,1,,,,,,,,,,,,,,,,,0,
9/18/2015,14:56,Prospect St & Concord Ave,Somerville,MA,1,1,3,4,1,3,,1,1,,1,9,,,,,,,,,,,,,,,,,0,0,0,,,,,1,,0,60,4,0,,,,,,,,,,,,,,,,,0,
9/18/2015,8:11,154 Highland Ave,Somerville,MA,1,1,1,1,2,4,2,4,99,,1,,,,,,,,,,,,,,,,,,0,0,0,,,,,0,,,,,,,,,,,,,,,,,,,,,,1,MBTA bus sideswiped parked City MV
9/18/2015,16:51,79 Highland Ave,Somerville,MA,1,1,1,1,1,1,,2,1,,2,,,,,,,,,,,,,,,,,,0,0,0,,,,,0,,,,,,,,,,,,,,,,,,,,,,0,
9/18/2015,14:34,97 Cross St,Somerville,MA,1,1,1,1,1,4,,1,4,,2,1,,,,,,,,,,,,,,,,,0,0,0,,,,,0,,,,,,,,,,,,,,,,,,,,,,0,
9/17/2015,8:35,Somerville Ave & Church St,Somerville,MA,1,1,2,2,1,3,1,1,99,,1,1,,,,,,,,,,,,,,,,,1,0,0,10,1,,5,1,,1,31,3,0,,,,,,,,,,,,,,,,,0,
9/17/2015,22:36,Cross St & Randolph Pl,Somerville,MA,1,1,1,3,1,2,,1,9,10,,1,,,,,,,,,,,,,,,,,0,0,0,,,,,0,,,,,,,,,,,,,,,,,,,,,,0,
9/16/2015,21:56,1374 Broadway,Somerville,MA,1,1,1,1,1,4,,1,1,,2,1,,,,,,,,,,,,,,,,,0,0,0,,,,,0,,,,,,,,,,,,,,,,,,,,,,0,
9/15/2015,10:30,Somerville Ave & Prospect St,Somerville,MA,1,1,3,2,1,3,,2,3,,1,1,,,,,,,,,,,,,,,,,0,0,0,,,,,0,,,,,,,,,,,,,,,,,,,,,,0,
9/14/2015,8:15,85 Central St,Somerville,MA,1,1,1,1,1,1,1,1,1,,,,,,,,,,,,,,,,,,,,1,0,0,9,2,,1,0,,,,,,,,,,,,,,,,,,,,,,0,
9/14/2015,16:30,Beacon St & Oxford St,Somerville,MA,1,1,2,3,1,3,,1,4,,1,1,,,,,,,,,,,,,,,,,0,0,0,,,,,0,,,,,,,,,,,,,,,,,,,,,,0,
9/12/2015,11:46,Highland Ave & Putnam St,Somerville,MA,1,1,2,3,1,3,,1,1,,1,19,,,,,,,,,,,,,,,,,0,0,0,,,,,0,,,,,,,,,,,,,,,,,,,,,,0,
9/12/2015,17:16,Grand Union Blvd & Foley St,Somerville,MA,1,1,2,2,1,3,,1,1,,1,3,8,,,,,,,,,,,,,,,,0,0,0,,,,,1,5,0,33,4,1,0,58,4,1,0,9,4,1,1,10,4,1,0,22,4,1,0,
9/11/2015,15:20,220 Washington St,Somerville,MA,1,1,1,1,1,4,,2,19,,2,99,,,,,,,,,,,,,,,,,0,0,0,,,,,0,,,,,,,,,,,,,,,,,,,,,,0,
9/10/2015,11:28,Washington St & Bonner Ave,Somerville,MA,2,1,1,3,1,1,1,3,10,,,,,,,,,,,,,,,,,,,,0,0,1,8,2,"Motorcycle, Sign, Tree",8,1,,1,47,3,1,,,,,,,,,,,,,,,,,0,
9/10/2015,11:05,21 Langmaid Ave,Somerville,MA,2,1,1,3,4,4,2,2,1,,1,1,,,,,,,,,,,,,,,,,0,0,1,,,"Tree, sign, fence",,0,,,,,,,,,,,,,,,,,,,,,,0,
9/9/2015,10:13,101 Elm St,Somerville,MA,1,1,1,1,1,2,,6,97,,1,1,,,,,,,,,,,,,,,,,0,0,0,,,,,0,,,,,,,,,,,,,,,,,,,,,,0,
9/9/2015,21:45,Somerville Ave & Quincy St,Somerville,MA,1,1,1,3,1,3,,1,4,,1,1,,,,,,,,,,,,,,,,,0,0,0,,,,,1,,1,30,3,1,,,,,,,,,,,,,,,,,0,
9/9/2015,11:14,582 Somerville Ave,Somerville,MA,1,1,1,1,1,2,,2,97,,1,1,,,,,,,,,,,,,,,,,0,0,0,,,,,1,,1,31,4,0,,,,,,,,,,,,,,,,,0,
9/8/2015,12:15,Somerville Ave & Prospect St,Somerville,MA,1,1,3,2,1,4,,6,1,,1,4,,,,,,,,,,,,,,,,,0,0,0,,,,,0,,,,,,,,,,,,,,,,,,,,,,0,
9/6/2015,16:34,Grand Union Blvd & Foley St,Somerville,MA,1,1,2,2,1,3,,1,1,,,3,4,,,,,,,,,,,,,,,,0,0,0,,,,,0,,,,,,,,,,,,,,,,,,,,,,0,
9/5/2015,8:23,31 Ash Ave,Somerville,MA,1,1,1,1,1,3,,6,99,,1,1,,,,,,,,,,,,,,,,,0,0,0,,,,,0,,,,,,,,,,,,,,,,,,,,,,0,
9/4/2015,10:59,67 Summer St,Somerville,MA,1,1,1,1,1,4,2,2,99,,1,,,,,,,,,,,,,,,,,,0,1,0,4,5,,7,1,,0,24,4,0,,,,,,,,,,,,,,,,,0,
9/4/2015,18:47,77 Chandler St,Somerville,MA,1,1,1,1,1,5,,2,12,,1,,,1,,,,,,,,,,,,,,,0,0,0,,,,,0,,,,,,,,,,,,,,,,,,,,,,0,
9/3/2015,17:49,44 Park St,Somerville,MA,1,1,1,1,1,1,1,1,4,19,,1,,,,,,,,,,,,,,,,,1,0,0,4,2,,7,1,,0,26,3,0,,,,,,,,,,,,,,,,,0,
9/3/2015,4:00,21 Bonair St,Somerville,MA,1,1,1,3,4,4,2,7,1,,1,,,,,,,,,,,,,,,,,,0,0,0,,,,,0,,,,,,,,,,,,,,,,,,,,,,1,City MV sideswiped parked MV while turning
9/2/2015,14:25,Highland Ave & Central St,Somerville,MA,1,1,3,2,1,3,2,1,1,,2,1,,,,,,,,,,,,,,,,,0,0,0,,,,,0,,,,,,,,,,,,,,,,,,,,,,1,"SPD unmarked preparing for MV stop, took a right turn & MV on the right struck; no blue lights"
9/1/2015,9:20,Highland Ave & Belmont St,Somerville,MA,1,1,2,3,1,3,2,1,4,,3,1,,,,,,,,,,,,,,,,,0,0,1,2,1,Motorcycle,5,1,,0,42,4,1,,,,,,,,,,,,,,,,,0,
9/1/2015,14:15,Holland St & Elmwood St,Somerville,MA,1,1,2,3,1,3,,1,1,,1,1,,,,,,,,,,,,,,,,,0,0,0,,,,,1,,1,24,4,1,,,,,,,,,,,,,,,,,0,
8/30/2015,4:24,9 Radcliffe Rd,Somerville,MA,99,99,1,1,1,4,,6,99,,1,1,,1,1,,1,1,,1,1,,,,,,,,0,0,0,,,,,0,,,,,,,,,,,,,,,,,,,,,,0,
8/29/2015,14:04,Beacon St & Concord St,Somerville,MA,1,1,99,3,1,2,,1,5,,1,1,,,,,,,,,,,,,,,,,0,0,0,,,,,0,,,,,,,,,,,,,,,,,,,,,,0,
8/28/2015,19:00,Bay State Ave & Mallet St,Somerville,MA,1,1,2,2,4,6,1,2,99,,,99,,,,,,,,,,,,,,,,,0,0,0,2,1,Scooter,5,1,,1,61,4,0,,,,,,,,,,,,,,,,,0,
8/28/2015,19:49,Broadway & Willow Ave,Somerville,MA,1,1,3,2,1,1,1,2,1,,,,,,,,,,,,,,,,,,,,0,1,0,1,1,,5,1,,1,23,3,0,,,,,,,,,,,,,,,,,0,
8/27/2015,17:59,30 Prospect St,Somerville,MA,99,99,99,99,99,unk,,2,21,,1,1,,2,1,,,,,,,,,,,,,,0,0,0,,,,,1,,0,41,4,1,,,,,,,,,,,,,,,,,0,
8/26/2015,10:18,12 Belmont St,Somerville,MA,1,1,1,1,4,4,2,6,1,,1,,,,,,,,,,,,,,,,,,0,0,0,,,,,0,,,,,,,,,,,,,,,,,,,,,,1,SFD MV struck mirror of parked MV on narrow street
8/26/2015,20:34,4 Walnut St,Somerville,MA,99,99,1,1,4,4,1,1,99,,1,1,,,,,,,,,,,,,,,,,0,0,1,,,Parked & locked bike,,0,,,,,,,,,,,,,,,,,,,,,,0,
8/25/2015,16:20,Lowden Ave & Kidder Ave,Somerville,MA,1,1,2,2,1,3,,2,4,,1,1,,,,,,,,,,,,,,,,,0,0,0,,,,,1,,0,53,3,0,,,,,,,,,,,,,,,,,0,
8/24/2015,17:51,Washington St & Magnus Ave,Somerville,MA,1,1,1,3,1,3,,1,1,,1,1,,,,,,,,,,,,,,,,,0,0,0,,,,,0,,,,,,,,,,,,,,,,,,,,,,0,
8/24/2015,21:11,131 Central St,Somerville,MA,1,1,1,1,1,4,,1,21,,1,,,,,,,,,,,,,,,,,,0,0,0,,,,,0,,,,,,,,,,,,,,,,,,,,,,0,
8/24/2015,17:15,Alewife Brook Pkwy & Gordon St,Somerville,MA,1,1,1,3,1,2,,2,3,97,1,1,,,,,,,,,,,,,,,,,0,0,0,,,,,0,,,,,,,,,,,,,,,,,,,,,,0,
8/20/2015,3:54,181 Washington St,Somerville,MA,1,1,1,1,1,1,,1,21,,,,,,,,,,,,,,,,,,,,0,0,0,,,,,0,,,,,,,,,,,,,,,,,,,,,,0,
8/20/2015,13:30,Temple St & Sewall St,Somerville,MA,1,1,2,3,2,3,,1,4,,,1,,,,,,,,,,,,,,,,,0,0,0,,,,,0,,,,,,,,,,,,,,,,,,,,,,0,
8/19/2015,7:39,238 Holland St,Somerville,MA,1,1,3,1,1,2,,1,1,,1,1,,,,,,,,,,,,,,,,,0,0,0,,,,,0,,,,,,,,,,,,,,,,,,,,,,0,
8/18/2015,11:20,282 Broadway,Somerville,MA,1,1,1,1,99,4,,10,1,,1,4,,,,,,,,,,,,,,,,,0,0,0,,,,,0,,,,,,,,,,,,,,,,,,,,,,0,
8/15/2015,21:37,299 Broadway,Somerville,MA,3,2,1,1,2,5,1,1,1,,,17,,,,,,,,,,,,,,,,,0,0,1,2,1,Scooter,2,1,2,0,26,3,1,1,27,3,1,,,,,,,,,,,,,0,
8/15/2015,2:47,150 Highland Ave,Somerville,MA,1,1,1,1,4,4,,3,9,,1,,,1,,,,,,,,,,,,,,,0,0,0,,,,,1,,1,30,4,0,,,,,,,,,,,,,,,,,0,
8/15/2015,16:56,Hamlet St & Boston St,Somerville,MA,1,1,2,3,1,3,,1,3,4,2,1,,,,,,,,,,,,,,,,,0,0,0,,,,,0,,,,,,,,,,,,,,,,,,,,,,0,
8/14/2015,6:14,Wyatt St & Marion St,Somerville,MA,1,1,1,3,1,4,2,6,1,,1,1,,,,,,,,,,,,,,,,,0,0,0,,,,,0,,,,,,,,,,,,,,,,,,,,,,1,"SFD engine responding to call, struck parked MV while turning"
8/14/2015,15:00,Summer St & Quincy St,Somerville,MA,1,1,2,3,1,1,,2,99,,2,1,,,,,,,,,,,,,,,,,0,0,0,,,,,1,,1,61,2,1,,,,,,,,,,,,,,,,,0,
8/12/2015,13:17,497 Somerville Ave,Somerville,MA,1,1,1,1,1,1,,1,1,,1,4,,,,,,,,,,,,,,,,,0,0,0,,,,,1,,0,60,4,1,,,,,,,,,,,,,,,,,0,
8/11/2015,9:33,Warner St & Pearson Rd,Somerville,MA,3,2,2,2,1,3,,1,99,,1,99,,,,,,,,,,,,,,,,,0,0,0,,,,,1,,0,54,4,1,,,,,,,,,,,,,,,,,0,
8/11/2015,16:36,Somerville Ave & Mansfield St,Somerville,MA,3,2,1,3,4,4,,2,11,,1,,,1,,,2,,,,,,,,,,,,0,0,0,,,,,1,,0,17,4,1,,,,,,,,,,,,,,,,,0,
8/10/2015,14:02,12 Willow Ave,Somerville,MA,1,1,1,9,4,3,,1,99,,1,99,,,,,,,,,,,,,,,,,0,0,0,,,,,0,,,,,,,,,,,,,,,,,,,,,,0,
8/10/2015,6:55,Winchester St & Broadway,Somerville,MA,1,1,1,3,2,1,,1,4,,1,1,,,,,,,,,,,,,,,,,0,0,0,,,,,1,,0,33,4,1,,,,,,,,,,,,,,,,,0,
8/9/2015,18:46,14 Cutter Ave,Somerville,MA,1,1,1,1,1,2,,1,1,,1,5,,,,,,,,,,,,,,,,,0,0,0,,,,,0,,,,,,,,,,,,,,,,,,,,,,0,
8/9/2015,11:20,Lowell St & Albion St,Somerville,MA,1,1,3,3,1,3,,1,1,,1,4,,,,,,,,,,,,,,,,,0,0,0,,,,,0,,,,,,,,,,,,,,,,,,,,,,0,
8/9/2015,12:00,Grand Union & Great River Rd,Somerville,MA,2,1,1,1,1,unk,,1,1,,1,1,,,,,,,,,,,,,,,,,0,0,0,,,,,0,,,,,,,,,,,,,,,,,,,,,,0,
8/7/2015,22:43,149 Perkins St,Somerville,MA,1,1,1,1,1,4,2,7,99,,1,1,,,,,,,,,,,,,,,,,0,0,0,,,,,0,,,,,,,,,,,,,,,,,,,,,,1,City MV sideswiped mirror of parked MV
8/7/2015,11:33,Inner Belt Rd & Washington St,Somerville,MA,1,1,3,3,2,3,,2,1,,1,1,,,,,,,,,,,,,,,,,0,0,0,,,,,1,3,1,40,3,1,0,47,3,0,0,48,3,0,,,,,,,,,0,
8/7/2015,14:33,30 Inner Belt Rd,Somerville,MA,1,1,1,3,2,2,,1,16,,2,1,,,,,,,,,,,,,,,,,0,0,0,,,,,1,4,1,37,2,1,0,50,3,1,0,63,3,1,1,64,3,0,,,,,0,Medical emergency
8/6/2015,17:56,680 Somerville Ave,Somerville,MA,1,1,1,1,1,3,1,1,4,,,,,,,,,,,,,,,,,,,,1,0,0,10,2,,2,1,,1,31,3,0,,,,,,,,,,,,,,,,,0,
8/6/2015,10:37,Hudson St & Lowell St,Somerville,MA,1,1,1,2,1,1,,1,4,,1,1,,,,,,,,,,,,,,,,,0,0,0,,,,,1,,0,70,4,1,,,,,,,,,,,,,,,,,0,
8/6/2015,14:39,McGrath Hwy & Somerville Ave,Somerville,MA,1,1,3,6,4,3,,1,99,,2,4,,,,,,,,,,,,,,,,,0,0,0,,,,,0,,,,,,,,,,,,,,,,,,,,,,0,
8/5/2015,1:01,Linden St & Somerville Ave,Somerville,MA,1,1,1,1,1,2,,1,1,,2,99,,,,,,,,,,,,,,,,,0,0,0,,,,,1,,1,23,4,0,0,26,4,0,,,,,,,,,,,,,0,
8/4/2015,8:14,194 Holland St,Somerville,MA,2,2,1,1,2,3,1,10,19,,,,,,,,,,,,,,,,,,,,0,0,1,,,Tree,,0,,,,,,,,,,,,,,,,,,,,,,0,
8/4/2015,12:32,Medford St & Bartlett St,Somerville,MA,2,1,1,2,1,1,,1,3,,1,1,,,,,,,,,,,,,,,,,0,0,0,,,,,0,,,,,,,,,,,,,,,,,,,,,,0,
8/3/2015,16:05,Broadway & Glen St,Somerville,MA,1,1,5,2,3,1,1,2,3,4,1,,,,,,,,,,,,,,,,,,1,0,0,4,1,,5,1,,0,22,3,1,,,,,,,,,,,,,,,,,0,
8/3/2015,8:40,7B Grandview Ave,Somerville,MA,1,1,1,1,1,6,,1,99,,1,99,,,,,,,,,,,,,,,,,0,0,0,,,,,0,,,,,,,,,,,,,,,,,,,,,,0,
8/2/2015,5:44,27 Claremon St,Somerville,MA,1,1,1,1,4,4,,1,1,,1,1,,,,,,,,,,,,,,,,,0,0,0,,,,,0,,,,,,,,,,,,,,,,,,,,,,0,
7/31/2015,10:50,Broadway & Bond St,Somerville,MA,1,1,3,1,2,2,2,2,1,,1,1,,,,,,,,,,,,,,,,,0,0,0,,,,,0,,,,,,,,,,,,,,,,,,,,,,1,City MV stopped for light; MV op could not stop & rear-ended
7/31/2015,12:10,Dartmouth St & Medford St,Somerville,MA,1,1,1,3,1,1,2,2,1,,,1,,,,,,,,,,,,,,,,,0,0,0,,,,,0,,,,,,,,,,,,,,,,,,,,,,1,"SFD engine responding to call made turn, struck stopped MV in front bumper"
7/31/2015,11:00,Washington St & McGrath Hwy,Somerville,MA,1,1,4,3,4,1,1,2,6,10,,,,,,,,,,,,,,,,,,,0,1,0,4,3,,2,1,,1,25,4,0,,,,,,,,,,,,,,,,,1,SPD Detail
7/30/2015,18:28,Cutter Ave & Summer St,Somerville,MA,99,99,99,99,99,unk,1,2,1,,,,,,,,,,,,,,,,,,,,0,1,0,1,1,,2,1,,,,,,,,,,,,,,,,,,,,,,0,
7/30/2015,18:00,624 Somerville Ave,Somerville,MA,1,1,1,1,1,6,1,2,4,,,,,,,,,,,,,,,,,,,,1,0,0,10,1,,2,1,,1,30,4,0,,,,,,,,,,,,,,,,,0,
7/30/2015,20:01,34 Highland Ave,Somerville,MA,2,2,1,1,1,2,,2,99,,2,99,,1,99,,1,99,,,,,,,,,,,0,0,0,,,,,1,,0,30,4,1,,,,,,,,,,,,,,,,,0,
7/30/2015,15:27,Willow Ave & Broadway,Somerville,MA,99,99,99,99,99,unk,,1,1,,1,1,,,,,,,,,,,,,,,,,0,0,0,,,,,0,,,,,,,,,,,,,,,,,,,,,,0,
7/30/2015,0:40,32 Springfield St,Somerville,MA,1,1,1,1,1,4,,2,99,,2,1,,,,,,,,,,,,,,,,,0,0,0,,,,,0,,,,,,,,,,,,,,,,,,,,,,0,
7/28/2015,21:52,Temple St,Somerville,MA,1,1,1,1,1,5,,2,14,,2,1,,2,1,,1,1,,2,1,,,,,,,,0,0,0,,,,,0,,,,,,,,,,,,,,,,,,,,,,0,
7/28/2015,12:18,45 Broadway,Somerville,MA,2,1,1,1,3,4,,10,6,,1,99,,10,6,,1,99,,1,99,,,,,,,,0,0,0,,,,,0,,,,,,,,,,,,,,,,,,,,,,0,
7/27/2015,8:33,577 Somerville Ave,Somerville,MA,2,1,1,1,1,3,1,1,1,,,,,,,,,,,,,,,,,,,,1,0,0,2,1,,2,1,,1,53,3,0,,,,,,,,,,,,,,,,,0,
7/26/2015,18:21,26 School St,Somerville,MA,2,1,1,1,4,4,,1,1,,2,1,,,,,,,,,,,,,,,,,0,0,0,,,,,0,,,,,,,,,,,,,,,,,,,,,,0,
7/26/2015,16:00,Pearl St & Florence St,Somerville,MA,1,1,2,2,1,3,,2,1,,1,99,,,,,,,,,,,,,,,,,0,0,0,,,,,1,2,0,40,4,0,1,27,4,0,,,,,,,,,,,,,0,
7/26/2015,19:54,55 Summer St,Somerville,MA,1,1,1,1,1,4,,1,99,,1,99,1,99,,,,,,,,,,,,,,,0,0,0,,,,,0,,,,,,,,,,,,,,,,,,,,,,0,
7/25/2015,16:59,Grand Union Blvd,Somerville,MA,2,1,2,3,2,3,,1,3,4,1,1,,,,,,,,,,,,,,,,,0,0,0,,,,,0,,,,,,,,,,,,,,,,,,,,,,0,
7/24/2015,8:30,Holland St & Cameron Ave,Somerville,MA,1,1,1,3,1,1,1,1,1,,,1,,,,,,,,,,,,,,,,,1,0,0,2,1,,2,1,,0,28,4,1,,,,,,,,,,,,,,,,,0,
7/23/2015,7:35,220 Broadway,Somerville,MA,1,1,1,3,3,1,1,1,1,,,3,,,,,,,,,,,,,,,,,1,0,0,4,2,,5,0,,,,,,,,,,,,,,,,,,,,,,0,Exiting parking lot; bike going wrong way
7/21/2015,9:00,40 Wigglesworth St,Somerville,MA,1,1,1,1,4,3,,2,1,,1,99,,,,,,,,,,,,,,,,,0,0,0,,,,,0,,,,,,,,,,,,,,,,,,,,,,0,
7/21/2015,18:27,Washington St & Boston St,Somerville,MA,1,1,7,3,1,1,1,2,9,,,,,,,,,,,,,,,,,,,,0,0,1,4,7,Jersey barrier,,0,,,,,,,,,,,,,,,,,,,,,,0,
7/21/2015,11:41,16 Lincoln St,Somerville,MA,2,1,1,1,4,4,,1,1,,13,99,,,,,,,,,,,,,,,,,0,0,0,,,,,0,,,,,,,,,,,,,,,,,,,,,,0,
7/20/2015,8:57,Boston Ave & Broadway,Somerville,MA,1,1,3,2,1,3,,2,4,,1,1,,,,,,,,,,,,,,,,,0,0,0,,,,,1,,0,62,4,1,,,,,,,,,,,,,,,,,0,
7/19/2015,16:30,Sunnyside Ave & Walnut St,Somerville,MA,1,1,1,3,4,3,,1,99,,1,2,,,,,,,,,,,,,,,,,0,0,0,,,,,0,,,,,,,,,,,,,,,,,,,,,,0,
7/17/2015,7:33,Broadway & Chandler St,Somerville,MA,1,1,1,3,1,1,,1,1,,1,4,,,,,,,,,,,,,,,,,0,0,0,,,,,1,,0,34,4,1,,,,,,,,,,,,,,,,,0,
7/17/2015,2:45,787 Broadway,Somerville,MA,1,1,1,1,1,1,1,1,1,,,,,,,,,,,,,,,,,,,,0,0,1,4,7,Curb,,0,,,,,,,,,,,,,,,,,,,,,,0,
7/17/2015,17:02,Cedar St & Franey Rd,Somerville,MA,1,1,1,3,1,1,1,1,19,7,,,,,,,,,,,,,,,,,,,0,0,1,,,"Fences, fire hydrant",,1,,0,35,4,1,,,,,,,,,,,,,,,,,0,
7/15/2015,17:41,40 Holland St,Somerville,MA,2,1,1,1,1,1,1,1,1,,,,,,,,,,,,,,,,,,,,0,1,0,4,1,,4,1,,1,74,4,0,,,,,,,,,,,,,,,,,0,
7/14/2015,19:30,46 Spring St,Somerville,MA,1,1,1,1,1,1,,2,10,,1,1,,,,,,,,,,,,,,,,,0,0,0,,,,,0,,,,,,,,,,,,,,,,,,,,,,0,
7/14/2015,8:10,59 Washington St,Somerville,MA,1,1,1,1,1,2,,1,99,,1,99,,,,,,,,,,,,,,,,,0,0,0,,,,,0,,,,,,,,,,,,,,,,,,,,,,0,
7/14/2015,17:38,322 Lowell St,Somerville,MA,1,1,1,1,1,1,1,9,19,,,,,,,,,,,,,,,,,,,,0,0,1,,,Fire hydrant,,0,,,,,,,,,,,,,,,,,,,,,,0,
7/13/2015,13:06,268 Washington St,Somerville,MA,2,1,1,1,1,2,,1,1,,1,1,,,,,,,,,,,,,,,,,0,0,0,,,,,0,,,,,,,,,,,,,,,,,,,,,,0,
7/13/2015,9:20,Kidder Ave & College Ave,Somerville,MA,1,1,2,2,2,3,,1,1,,1,9,,,,,,,,,,,,,,,,,0,0,0,,,,,0,,,,,,,,,,,,,,,,,,,,,,0,
7/12/2015,0:44,8 Lincoln St,Somerville,MA,1,1,1,1,4,4,,1,1,,1,1,,,,,,,,,,,,,,,,,0,0,0,,,,,0,,,,,,,,,,,,,,,,,,,,,,0,Hit & run
7/11/2015,15:10,Cedar St & Broadway,Somerville,MA,1,1,3,3,1,1,1,1,99,,,,,,,,,,,,,,,,,,,,0,0,1,4,1,Tree,,1,,1,68,3,1,,,,,,,,,,,,,,,,,0,
7/11/2015,17:50,242 Broadway,Somerville,MA,1,1,1,1,3,4,,1,19,,2,1,,,,,,,,,,,,,,,,,0,0,0,,,,,0,,,,,,,,,,,,,,,,,,,,,,0,
7/10/2015,8:11,School St & Medford St,Somerville,MA,2,1,3,1,2,3,,1,1,,1,1,,,,,,,,,,,,,,,,,0,0,0,,,,,1,,0,48,4,1,,,,,,,,,,,,,,,,,0,
7/9/2015,19:30,179 School St,Somerville,MA,1,1,1,1,1,4,,1,1,,1,,,,,,,,,,,,,,,,,,0,0,0,,,,,0,,,,,,,,,,,,,,,,,,,,,,0,