Date,Time,Location,City,State,Weather (2&3),Road Surface (6),Traffic Control Device (4),Intersection Type (7),Traffic Way Desc (8),Collision Manner (11),# of Involved Vehicles,Vehicle1 Configuration (21),Driver1 Contrib Code1 (25),Driver1 Contrib Code2 (25),Vehicle2 Configuration (21),Driver2 Contrib Code1 (25),Driver2 Contrib Code2 (25),Vehicle3 Configuration (21),Driver3 Contrib Code1 (25),Driver3 Contrib Code2 (25),Vehicle4 Configuration (21),Driver4 Contrib Code1 (25),Driver4 Contrib Code2 (25),Vehicle5 Configuration (21),Driver5 Contrib Code1 (25),Driver5 Contrib Code2 (25),Vehicle6 Configuration (21),Driver6 Contrib Code1 (25),Driver6 Contrib Code2 (25),Vehicle7 Configuration (21),Driver7 Contrib Code1 (25),Driver7 Contrib Code2 (25),Bicycle,Pedestrian,Non-MV,Non-Motorist Location (16),Non-Motorist Action (15),Non-Motorist Type,Manner of Non-Motorist (Person) Collision,Injury,Multiple,Gender1,Age1,Severity1,Hospital1,Gender2,Age2,Severity2,Hospital2,Gender3,Age3,Severity3,Hospital3,Gender4,Age4,Severity4,Hospital4,Gender5,Age5,Severity5,Hospital5,City Vehicle?,Notes
7/8/2015,12:37,Warner St & Broadway,Somerville,MA,1,1,4,7,1,4,1,2,1,,,,,,,,,,,,,,,,,,,,1,0,0,4,2,,1,1,,1,38,3,0,,,,,,,,,,,,,,,,,0,
7/7/2015,15:13,278 Broadway,Somerville,MA,1,1,1,1,2,2,,1,1,,1,19,,,,,,,,,,,,,,,,,0,0,0,,,,,0,,,,,,,,,,,,,,,,,,,,,,0,
7/7/2015,19:30,Broadway & Temple St,Somerville,MA,1,1,3,3,2,2,,1,7,3,1,1,,,,,,,,,,,,,,,,,0,0,0,,,,,1,2,0,63,4,1,0,48,4,1,,,,,,,,,,,,,0,
7/7/2015,2:33,Lee St & Richdale St,Somerville,MA,1,1,1,1,4,4,,1,99,,8,1,,,,,,,,,,,,,,,,,0,0,0,,,,,0,,,,,,,,,,,,,,,,,,,,,,0,
7/6/2015,15:11,Craigie St & Somerville Ave,Somerville,MA,1,1,2,3,1,2,,2,97,,1,1,,,,,,,,,,,,,,,,,0,0,0,,,,,0,,,,,,,,,,,,,,,,,,,,,,0,
7/5/2015,17:41,21 Chetwynd Rd,Somerville,MA,1,1,1,1,4,2,,2,1,,,99,,,,,,,,,,,,,,,,,0,0,0,,,,,0,,,,,,,,,,,,,,,,,,,,,,0,
7/5/2015,17:03,Highland Ave & School St,Somerville,MA,1,1,3,3,1,3,,1,99,,1,99,,,,,,,,,,,,,,,,,0,0,0,,,,,0,,,,,,,,,,,,,,,,,,,,,,0,
7/3/2015,2:50,55 School St,Somerville,MA,1,1,99,1,4,5,,1,1,,1,8,,,,,,,,,,,,,,,,,0,0,0,,,,,0,,,,,,,,,,,,,,,,,,,,,,0,
7/2/2015,18:15,Jaques St & Bond St,Somerville,MA,1,1,1,3,4,2,,2,1,,2,10,,,,,,,,,,,,,,,,,0,0,0,,,,,0,,,,,,,,,,,,,,,,,,,,,,0,
7/1/2015,8:45,Glenwood Rd & Medford St,Somerville,MA,3,2,2,3,1,3,,2,1,,2,4,,,,,,,,,,,,,,,,,0,0,0,,,,,0,,,,,,,,,,,,,,,,,,,,,,0,
7/1/2015,14:23,Central St & Vernon St,Somerville,MA,1,1,2,3,1,3,,1,99,,1,1,,,,,,,,,,,,,,,,,0,0,0,,,,,0,,,,,,,,,,,,,,,,,,,,,,0,
6/30/2015,20:23,Temple Rd & Putnam Rd,Somerville,MA,2,1,2,2,4,1,1,2,7,10,,,,,,,,,,,,,,,,,,,0,0,1,,,Residence,,0,,,,,,,,,,,,,,,,,,,,,,0,
6/29/2015,7:15,701 Somerville Ave,Somerville,MA,99,99,99,99,99,2,2,2,4,,,1,,,,,,,,,,,,,,,,,0,0,1,10,2,Moped,1,1,,1,29,4,1,,,,,,,,,,,,,,,,,0,
6/27/2015,15:16,59 Grant St,Somerville,MA,1,1,1,1,4,4,,1,1,,1,1,,,,,,,,,,,,,,,,,0,0,0,,,,,0,,,,,,,,,,,,,,,,,,,,,,0,
6/27/2015,22:23,Broadway & Main St,Somerville,MA,3,2,3,3,3,3,,1,99,,1,99,,,,,,,,,,,,,,,,,0,0,0,,,,,0,,,,,,,,,,,,,,,,,,,,,,0,
6/26/2015,17:47,17 Beacon St,Somerville,MA,1,1,1,1,1,1,,2,5,19,1,1,,1,1,,,,,,,,,,,,,,0,0,0,,,,,1,,1,21,3,1,,,,,,,,,,,,,,,,,0,
6/25/2015,9:15,Broadway & Kenneson Rd,Somerville,MA,1,1,1,3,2,2,,1,1,,1,97,6,,,,,,,,,,,,,,,,0,0,0,,,,,0,,,,,,,,,,,,,,,,,,,,,,0,
6/25/2015,9:06,Revolution Dr & Great River Rd,Somerville,MA,1,1,1,1,1,5,2,8,1,,1,,,,,,,,,,,,,,,,,,0,0,1,,,2 metal columns,,0,,,,,,,,,,,,,,,,,,,,,,0,
6/24/2015,18:03,499 Foley St,Somerville,MA,1,1,1,1,1,3,1,1,99,,99,99,,,,,,,,,,,,,,,,,1,0,0,4,7,,4,1,,1,15,3,1,,,,,,,,,,,,,,,,,0,
6/24/2015,9:45,Concord Ave & Beacon St,Somerville,MA,2,1,1,3,99,1,2,1,1,,97,1,,,,,,,,,,,,,,,,,0,0,0,,,,,0,,,,,,,,,,,,,,,,,,,,,,1,SFD engine making turn sideswiped MV pulled over due to 3rd MV parked too far into street
6/23/2015,8:51,Elm St,Somerville,MA,2,1,1,1,1,3,1,6,1,,,1,,,,,,,,,,,,,,,,,1,0,0,4,2,,5,0,,,,,,,,,,,,,,,,,,,,,,0,
6/23/2015,16:16,301 Medford St,Somerville,MA,1,1,1,1,4,4,,1,99,,1,99,,,,,,,,,,,,,,,,,0,0,0,,,,,0,,,,,,,,,,,,,,,,,,,,,,0,
6/22/2015,10:16,43 Third Ave,Somerville,MA,1,1,1,1,2,4,,8,99,,1,99,,,,,,,,,,,,,,,,,0,0,0,,,,,0,,,,,,,,,,,,,,,,,,,,,,0,
6/22/2015,8:17,Rossmore St & Washington St,Somerville,MA,1,1,1,3,1,2,,1,1,,2,99,,1,1,,,,,,,,,,,,,,0,0,0,,,,,0,,,,,,,,,,,,,,,,,,,,,,0,
6/21/2015,10:15,Webster Ave & Newton St,Somerville,MA,3,2,1,3,1,2,,1,1,1,1,5,5,,,,,,,,,,,,,,,,0,0,0,,,,,1,2,0,36,4,1,1,81,4,1,,,,,,,,,,,,,0,
6/21/2015,1:01,101 Highland Ave,Somerville,MA,3,2,1,1,1,99,,1,7,,1,1,,1,1,,,,,,,,,,,,,,0,0,0,,,,,0,,,,,,,,,,,,,,,,,,,,,,0,
6/21/2015,0:01,Beacon St & Washington St,Somerville,MA,3,2,3,2,1,3,,1,1,,1,1,,,,,,,,,,,,,,,,,0,0,0,,,,,0,,,,,,,,,,,,,,,,,,,,,,0,
6/21/2015,0:01,366 Somerville Ave,Somerville,MA,3,2,1,1,4,4,,2,9,11,1,1,,,,,,,,,,,,,,,,,0,0,0,,,,,1,,0,35,4,0,,,,,,,,,,,,,,,,,0,
6/20/2015,12:49,373 Broadway,Somerville,MA,1,1,99,99,99,2,,2,1,1,2,1,,,,,,,,,,,,,,,,,0,0,0,,,,,1,,1,49,3,0,,,,,,,,,,,,,,,,,0,
6/20/2015,15:55,Highland Ave & Walnut St,Somerville,MA,1,1,3,2,2,1,1,1,4,,,,,,,,,,,,,,,,,,,,0,1,0,1,1,,2,1,,0,79,4,1,,,,,,,,,,,,,,,,,0,
6/20/2015,13:35,151 Linwood St,Somerville,MA,1,1,1,9,1,4,,8,1,,1,,,,,,,,,,,,,,,,,,0,0,0,,,,,0,,,,,,,,,,,,,,,,,,,,,,0,
6/20/2015,9:29,374 Mystic Ave,Somerville,MA,1,1,1,1,1,99,,1,1,,99,99,,,,,,,,,,,,,,,,,0,0,0,,,,,0,,,,,,,,,,,,,,,,,,,,,,0,Possible hit & run
6/20/2015,2:35,51 Bow St,Somerville,MA,1,1,99,1,4,2,,1,1,,1,1,,,,,,,,,,,,,,,,,0,0,0,,,,,0,,,,,,,,,,,,,,,,,,,,,,0,Hit & run
6/20/2015,2:15,66 Central St,Somerville,MA,1,1,1,1,1,5,,2,10,,2,1,,1,1,,,,,,,,,,,,,,0,0,0,,,,,0,,,,,,,,,,,,,,,,,,,,,,0,
6/19/2015,17:24,261 Highland Ave,Somerville,MA,1,1,1,1,1,4,,1,97,,2,1,,,,,,,,,,,,,,,,,0,0,0,,,,,0,,,,,,,,,,,,,,,,,,,,,,0,
6/18/2015,10:06,570 Somerville Ave,Somerville,MA,1,1,1,1,1,2,,1,97,,1,1,,2,1,,,,,,,,,,,,,,0,0,0,,,,,1,,0,60,4,1,,,,,,,,,,,,,,,,,0,
6/17/2015,8:30,Washington St & Myrtle St,Somerville,MA,1,1,1,3,1,3,1,15,99,,1,99,,,,,,,,,,,,,,,,,0,0,1,2,1,Moped,2,1,,1,52,3,1,,,,,,,,,,,,,,,,,0,
6/16/2015,18:47,Broadway & Willow Ave,Somerville,MA,2,1,3,2,1,3,,2,1,,1,4,,,,,,,,,,,,,,,,,0,0,0,,,,,0,,,,,,,,,,,,,,,,,,,,,,0,
6/16/2015,16:43,Willow Ave & Highland Ave,Somerville,MA,2,1,3,2,1,2,,1,19,,1,1,,,,,,,,,,,,,,,,,0,0,0,,,,,0,,,,,,,,,,,,,,,,,,,,,,0,
6/16/2015,8:35,College Ave & Talbot Ave,Somerville,MA,3,2,1,3,2,2,,1,1,,1,97,,,,,,,,,,,,,,,,,0,0,0,,,,,1,2,0,47,4,0,1,38,4,0,,,,,,,,,,,,,0,
6/15/2015,7:26,Heath St & Temple St,Somerville,MA,3,2,2,2,1,3,,1,4,,1,1,,,,,,,,,,,,,,,,,0,0,0,,,,,0,,,,,,,,,,,,,,,,,,,,,,0,
6/15/2015,10:35,75 Myrtle St,Somerville,MA,3,2,1,1,1,3,,1,99,,,1,,,,,,,,,,,,,,,,,0,0,0,,,,,0,,,,,,,,,,,,,,,,,,,,,,0,
6/14/2015,11:06,Medford St & School St,Somerville,MA,1,1,3,2,1,3,,1,1,,1,1,,1,,,,,,,,,,,,,,,0,0,0,,,,,1,,0,29,3,1,,,,,,,,,,,,,,,,,0,
6/13/2015,19:12,Broadway & Walnut St,Somerville,MA,1,1,1,3,2,2,,2,5,19,1,1,,,,,,,,,,,,,,,,,0,0,0,,,,,0,,,,,,,,,,,,,,,,,,,,,,0,
6/13/2015,2:26,Powder House Blvd & Curtis St,Somerville,MA,3,1,3,2,2,1,,1,4,4,1,1,1,,,,,,,,,,,,,,,,0,0,0,,,,,0,,,,,,,,,,,,,,,,,,,,,,0,
6/12/2015,13:55,238 Somerville Ave,Somerville,MA,1,1,3,1,2,1,1,1,14,,,,,,,,,,,,,,,,,,,,0,0,1,,,Tree,,1,,1,71,3,0,,,,,,,,,,,,,,,,,0,
6/11/2015,8:44,Washington St & Tufts St,Somerville,MA,2,1,1,3,1,1,1,1,4,,,,,,,,,,,,,,,,,,,,1,0,0,2,1,,2,1,,0,34,4,0,,,,,,,,,,,,,,,,,0,
6/11/2015,16:22,Washington St & Inner Belt Rd,Somerville,MA,1,1,3,3,1,2,,2,5,19,1,5,,2,1,,,,,,,,,,,,,,0,0,0,,,,,1,,1,44,4,1,,,,,,,,,,,,,,,,,0,
6/11/2015,20:17,Broadway & Mt. Vernon St,Somerville,MA,2,1,3,3,4,3,1,2,1,,97,3,4,,,,,,,,,,,,,,,,1,0,0,10,1,,5,1,,1,21,3,1,,,,,,,,,,,,,,,,,1,SPD cruiser struck bike traveling against light at intersection
6/10/2015,4:55,10C Memorial Rd,Somerville,MA,1,1,1,1,1,4,,1,2,10,1,,,1,,,,,,,,,,,,,,,0,0,1,,,Fence,,1,2,0,24,3,1,0,23,3,1,,,,,,,,,,,,,0,
6/9/2015,2:20,270 Washington St,Somerville,MA,2,1,1,1,1,2,,97,1,,1,1,,,,,,,,,,,,,,,,,0,0,0,,,,,1,,1,37,3,1,,,,,,,,,,,,,,,,,0,
6/8/2015,14:55,428 Broadway,Somerville,MA,1,1,1,1,1,1,1,2,9,3,,,,,,,,,,,,,,,,,,,0,0,1,,,"2 MBTA signs, metal bench, metal trash can",,0,,,,,,,,,,,,,,,,,,,,,,0,
6/7/2015,22:13,124 Cedar St,Somerville,MA,1,1,1,1,1,1,1,1,23,,,,,,,,,,,,,,,,,,,,0,0,1,,,Light pole,,0,,,,,,,,,,,,,,,,,,,,,,0,
6/7/2015,6:54,101 School St,Somerville,MA,1,1,1,1,4,99,,2,1,,2,1,,,,,,,,,,,,,,,,,0,0,0,,,,,0,,,,,,,,,,,,,,,,,,,,,,0,
6/6/2015,22:26,87 Temple St,Somerville,MA,1,1,1,1,1,2,,1,97,,2,1,,2,99,,,,,,,,,,,,,,0,0,0,,,,,0,,,,,,,,,,,,,,,,,,,,,,0,
6/5/2015,8:32,College Ave & Kidder Ave,Somerville,MA,1,1,2,2,1,6,,1,1,,1,4,,,,,,,,,,,,,,,,,0,0,0,,,,,0,,,,,,,,,,,,,,,,,,,,,,0,
6/4/2015,14:22,502B Medford St,Somerville,MA,1,1,1,1,2,1,1,10,99,,,,,,,,,,,,,,,,,,,,0,0,1,,,Light pole,,0,,,,,,,,,,,,,,,,,,,,,,0,
6/4/2015,11:00,220 Broadway,Somerville,MA,1,1,1,1,4,4,,1,4,,13,1,,,,,,,,,,,,,,,,,0,0,0,,,,,0,,,,,,,,,,,,,,,,,,,,,,0,
6/2/2015,17:00,Broadway & Marshall St,Somerville,MA,1,1,3,3,2,3,,1,9,6,2,1,1,,,,,,,,,,,,,,,,0,0,0,,,,,0,,,,,,,,,,,,,,,,,,,,,,0,
6/2/2015,9:10,37 Union Square,Somerville,MA,3,2,1,1,4,4,,1,9,4,7,1,,,,,,,,,,,,,,,,,0,0,0,,,,,0,,,,,,,,,,,,,,,,,,,,,,0,
6/2/2015,1:43,Somerville Ave & Stone St,Somerville,MA,3,2,1,4,4,1,1,1,14,,,,,,,,,,,,,,,,,,,,0,0,1,,,"Cement block, bike rack",,1,,1,58,4,1,,,,,,,,,,,,,,,,,0,
6/1/2015,5:55,780 Broadway,Somerville,MA,3,2,1,1,1,4,2,13,1,,1,,,,,,,,,,,,,,,,,,0,0,0,,,,,0,,,,,,,,,,,,,,,,,,,,,,1,SFD engine sideswiped parked MV
6/1/2015,16:50,Albion St & Lowell St,Somerville,MA,2,2,2,2,1,3,,2,4,,1,1,,,,,,,,,,,,,,,,,0,0,0,,,,,0,,,,,,,,,,,,,,,,,,,,,,0,
6/1/2015,15:03,55 Broadway,Somerville,MA,3,2,1,1,2,2,,1,1,,2,1,,,,,,,,,,,,,,,,,0,0,0,,,,,0,,,,,,,,,,,,,,,,,,,,,,0,
6/1/2015,13:40,Highland Ave & Cherry St,Somerville,MA,3,2,1,3,1,1,1,10,1,,,,,,,,,,,,,,,,,,,,0,0,1,,,Light pole,,0,,,,,,,,,,,,,,,,,,,,,,0,
6/1/2015,12:20,Walnut St & Broadway,Somerville,MA,3,2,4,3,3,3,,1,4,,1,1,,,,,,,,,,,,,,,,,0,0,0,,,,,0,,,,,,,,,,,,,,,,,,,,,,0,
6/1/2015,9:11,Summer St & Lowell St,Somerville,MA,3,2,2,2,1,3,,1,99,,1,99,,,,,,,,,,,,,,,,,0,0,0,,,,,0,,,,,,,,,,,,,,,,,,,,,,0,
5/30/2015,18:56,Park St & Somerville Ave,Somerville,MA,1,1,1,1,1,4,,1,19,,1,,,,,,,,,,,,,,,,,,0,0,0,,,,,1,,0,41,2,1,,,,,,,,,,,,,,,,,0,
5/30/2015,16:56,Grand Union Blvd & Great River Rd,Somerville,MA,2,1,1,7,2,2,,1,1,,2,99,,,,,,,,,,,,,,,,,0,0,0,,,,,1,2,1,29,4,0,1,50,4,0,,,,,,,,,,,,,0,
5/30/2015,10:30,Medford St & School St,Somerville,MA,1,1,1,2,4,4,,1,12,,2,,,,,,,,,,,,,,,,,,0,0,0,,,,,0,,,,,,,,,,,,,,,,,,,,,,0,
5/30/2015,1:40,50 Middlesex Ave,Somerville,MA,1,1,1,1,1,1,1,2,11,,,,,,,,,,,,,,,,,,,,0,0,1,,,Light pole,,1,,0,24,4,1,,,,,,,,,,,,,,,,,0,MV swerve to avoid anmial (not located on scene)
5/28/2015,11:12,Broadway & Temple St,Somerville,MA,1,1,1,1,1,3,,1,4,,1,1,,,,,,,,,,,,,,,,,0,0,0,,,,,1,,1,53,3,1,,,,,,,,,,,,,,,,,0,
5/27/2015,18:11,Broadway & Baystate Ave,Somerville,MA,1,1,1,3,1,2,,2,5,19,2,1,,,,,,,,,,,,,,,,,0,0,0,,,,,1,2,1,39,3,1,1,57,3,,,,,,,,,,,,,,0,
5/26/2015,6:34,Dane St & Dave Ave,Somerville,MA,1,1,2,3,2,4,,1,1,,1,1,,,,,,,,,,,,,,,,,0,0,0,,,,,1,,0,19,4,1,,,,,,,,,,,,,,,,,0,
5/25/2015,19:45,456 Broadway,Somerville,MA,1,1,1,1,1,4,,1,4,,1,1,,1,1,,,,,,,,,,,,,,0,0,0,,,,,0,,,,,,,,,,,,,,,,,,,,,,0,
5/23/2015,1:53,38 Dane St,Somerville,MA,1,1,1,1,2,1,1,1,99,,,,,,,,,,,,,,,,,,,,0,0,1,,,Utility pole,,0,,,,,,,,,,,,,,,,,,,,,,0,
5/22/2015,18:00,608 Somerville Ave,Somerville,MA,1,1,1,1,1,3,,1,19,,6,,,,,,,,,,,,,,,,,,0,0,0,,,,,0,,,,,,,,,,,,,,,,,,,,,,0,
5/22/2015,16:18,Lowell St & Vernon St,Somerville,MA,1,1,2,3,1,3,,1,1,,1,19,,,,,,,,,,,,,,,,,0,0,0,,,,,0,,,,,,,,,,,,,,,,,,,,,,0,
5/21/2015,15:23,Somerville & Craigie St,Somerville,MA,1,1,2,3,1,3,,2,19,,1,18,,,,,,,,,,,,,,,,,0,0,0,,,,,0,,,,,,,,,,,,,,,,,,,,,,0,
5/20/2015,23:22,288 Cedar St,Somerville,MA,1,1,1,1,1,4,,1,1,,1,99,,,,,,,,,,,,,,,,,0,0,0,,,,,0,,,,,,,,,,,,,,,,,,,,,,0,
5/20/2015,14:55,Broadway & Walnut St,Somerville,MA,1,1,3,2,3,4,,1,1,,1,1,,1,99,,,,,,,,,,,,,,0,0,0,,,,,0,,,,,,,,,,,,,,,,,,,,,,0,
5/20/2015,13:58,Somerville Ave & Prospect St,Somerville,MA,1,1,3,2,1,1,,1,1,1,8,3,3,,,,,,,,,,,,,,,,0,0,0,,,,,1,,1,63,4,1,,,,,,,,,,,,,,,,,0,
5/19/2015,17:22,403 Highland Ave,Somerville,MA,2,2,1,1,4,1,,2,19,4,,1,,,,,,,,,,,,,,,,,1,0,0,4,2,,3,1,,0,27,2,1,,,,,,,,,,,,,,,,,0,
5/19/2015,15:58,16 Franklin St,Somerville,MA,1,1,1,9,4,3,,1,97,,1,,,,,,,,,,,,,,,,,,0,0,0,,,,,0,,,,,,,,,,,,,,,,,,,,,,0,
5/18/2015,0:39,Magnus Ave & Washington St,Somerville,MA,1,1,1,3,4,3,,2,1,,1,1,,,,,,,,,,,,,,,,,0,0,0,,,,,0,,,,,,,,,,,,,,,,,,,,,,0,
5/17/2015,3:31,32 Princeton St,Somerville,MA,1,1,1,1,1,6,,1,2,20,1,,,1,,,,,,,,,,,,,,,0,0,0,,,,,0,,,,,,,,,,,,,,,,,,,,,,0,
5/16/2015,14:45,Columbus Ave & Washington St,Somerville,MA,1,1,2,3,1,1,1,2,1,1,,3,3,,,,,,,,,,,,,,,,1,0,0,4,1,,5,1,,1,21,3,1,,,,,,,,,,,,,,,,,0,
5/16/2015,9:51,365 Somerville Ave,Somerville,MA,2,1,1,1,4,1,1,2,1,,,,,,,,,,,,,,,,,,,,1,0,0,10,2,,3,0,,,,,,,,,,,,,,,,,,,,,,0,
5/15/2015,10:15,Heath St & Bond St,Somerville,MA,1,1,1,9,1,1,1,2,19,,1,1,,,,,,,,,,,,,,,,,0,0,1,,,Fence,,0,,,,,,,,,,,,,,,,,,,,,,0,
5/15/2015,8:30,Beacon St & Kent St,Somerville,MA,1,1,3,2,1,2,,1,1,,1,20,5,,,,,,,,,,,,,,,,0,0,0,,,,,1,,1,28,3,1,,,,,,,,,,,,,,,,,0,
5/15/2015,17:07,Broadway & Walker St,Somerville,MA,1,1,2,1,1,3,2,2,9,99,2,1,,,,,,,,,,,,,,,,,0,0,1,,,"Post, building (872 Broadway)",,1,2,0,65,3,1,0,51,3,0,,,,,,,,,,,,,0,
5/15/2015,18:00,12 Burnham St,Somerville,MA,1,1,1,1,1,4,2,7,1,,1,,,,,,,,,,,,,,,,,,0,0,0,,,,,0,,,,,,,,,,,,,,,,,,,,,,1,SFD engine sideswiped parked car while avoiding opposite traffic on narrow street
5/15/2015,7:52,60 Jaques St,Somerville,MA,1,1,1,1,4,1,1,2,19,4,,,,,,,,,,,,,,,,,,,0,1,0,4,1,,4,1,,0,90,3,1,,,,,,,,,,,,,,,,,0,
5/15/2015,18:45,Temple St & Sydney St,Somerville,MA,1,1,1,1,2,"3, 4",,2,1,,1,97,,,,,,,,,,,,,,,,,0,0,0,,,,,0,,,,,,,,,,,,,,,,,,,,,,0,
5/13/2015,8:00,141 Highland Ave,Somerville,MA,1,1,1,1,1,unk,1,1,1,,,,,,,,,,,,,,,,,,,,1,0,0,4,2,,3,1,,1,23,3,1,,,,,,,,,,,,,,,,,0,
5/13/2015,8:41,Broadway & Walnut St,Somerville,MA,1,1,4,3,2,3,,1,1,,2,4,,,,,,,,,,,,,,,,,0,0,0,,,,,0,,,,,,,,,,,,,,,,,,,,,,0,
5/12/2015,22:37,262 School St,Somerville,MA,1,1,1,1,1,5,,1,1,,1,10,,,,,,,,,,,,,,,,,0,0,0,,,,,0,,,,,,,,,,,,,,,,,,,,,,0,
5/11/2015,16:39,620 Broadway,Somerville,MA,1,1,1,1,1,2,,1,5,,2,,,,,,,,,,,,,,,,,,0,0,0,,,,,1,,1,26,3,0,,,,,,,,,,,,,,,,,0,
5/8/2015,9:00,Sanborn Ave & Warren Ave,Somerville,MA,1,1,2,3,1,1,1,7,12,,,,,,,,,,,,,,,,,,,,0,0,1,,,Stop sign,,0,,,,,,,,,,,,,,,,,,,,,,0,
5/6/2015,21:56,Beacon St & Prentiss St,Somerville,MA,1,1,1,3,1,1,1,1,4,,,,,,,,,,,,,,,,,,,,1,0,0,2,2,,2,1,,0,25,3,1,,,,,,,,,,,,,,,,,0,
5/6/2015,23:46,22 Puritan Rd,Somerville,MA,2,1,1,1,1,3,,2,99,,1,1,,,,,,,,,,,,,,,,,0,0,0,,,,,0,,,,,,,,,,,,,,,,,,,,,,0,
5/6/2015,22:26,Broadway & Cross St,Somerville,MA,1,1,3,2,2,3,2,2,3,4,,,,,,,,,,,,,,,,,,,0,0,1,2,1,Scooter,2,1,,1,32,3,1,,,,,,,,,,,,,,,,,0,
5/6/2015,16:00,165 Lowell St,Somerville,MA,99,99,99,99,99,unk,,1,1,,,1,,,,,,,,,,,,,,,,,0,0,0,,,,,0,,,,,,,,,,,,,,,,,,,,,,0,
5/2/2015,9:05,Somerville Ave & Prospect St,Somerville,MA,1,1,3,2,4,4,,2,9,,1,1,,,,,,,,,,,,,,,,,0,0,0,,,,,0,,,,,,,,,,,,,,,,,,,,,,0,
5/2/2015,23:15,Broadway & Walnut St,Somerville,MA,1,1,3,3,2,5,,1,99,,2,99,,,,,,,,,,,,,,,,,0,0,0,,,,,0,,,,,,,,,,,,,,,,,,,,,,0,
5/1/2015,14:08,Rush St & Brook St,Somerville,MA,99,99,99,99,99,unk,,2,4,,2,1,,,,,,,,,,,,,,,,,0,0,0,,,,,0,,,,,,,,,,,,,,,,,,,,,,0,
5/1/2015,8:57,Burnham St & Broadway,Somerville,MA,2,1,2,3,1,3,,2,99,,1,99,,,,,,,,,,,,,,,,,0,0,0,,,,,0,,,,,,,,,,,,,,,,,,,,,,0,
5/1/2015,15:37,201 Highland Ave,Somerville,MA,1,1,1,1,1,3,,1,21,10,1,2,,,,,,,,,,,,,,,,,0,0,0,,,,,0,,,,,,,,,,,,,,,,,,,,,,0,
4/30/2015,15:00,205 Washington St,Somerville,MA,1,1,1,1,1,2,,1,19,,1,1,,,,,,,,,,,,,,,,,0,0,0,,,,,1,,1,46,3,1,,,,,,,,,,,,,,,,,0,
4/30/2015,9:43,Summer St & Harvard St,Somerville,MA,1,1,2,3,2,1,1,2,1,1,,,,,,,,,,,,,,,,,,,1,0,0,2,1,,5,0,,,,,,,,,,,,,,,,,,,,,,0,
4/29/2015,7:31,Pearl St & McGrath Hwy,Somerville,MA,1,1,3,2,2,2,,1,99,,2,99,,,,,,,,,,,,,,,,,0,0,0,,,,,1,4,1,40,4,0,0,1,4,0,0,28,4,0,1,6,4,0,,,,,0,
4/26/2015,13:00,Grand Union Blvd & Foley St,Somerville,MA,99,99,99,99,99,unk,,1,4,,2,1,,,,,,,,,,,,,,,,,0,0,0,,,,,0,,,,,,,,,,,,,,,,,,,,,,0,
4/25/2015,21:31,Grove St & Highland Ave,Somerville,MA,1,1,1,2,4,3,,1,4,,1,1,,1,1,,,,,,,,,,,,,,0,0,0,,,,,0,,,,,,,,,,,,,,,,,,,,,,0,
4/25/2015,12:04,48 Holyoke Rd,Somerville,MA,1,1,1,1,1,2,,1,18,,1,1,,,,,,,,,,,,,,,,,0,0,0,,,,,0,,,,,,,,,,,,,,,,,,,,,,0,
4/24/2015,19:11,Beacon St & Oxford St,Somerville,MA,1,1,2,3,1,1,1,1,1,1,,,,,,,,,,,,,,,,,,,1,0,0,4,2,,7,0,,,,,,,,,,,,,,,,,,,,,,0,
4/24/2015,9:15,Elm St & Grove St,Somerville,MA,1,1,5,3,1,3,1,1,4,,97,,,,,,,,,,,,,,,,,,0,1,0,1,1,,2,1,,0,63,4,0,,,,,,,,,,,,,,,,,0,
4/23/2015,14:24,Bow St & Union Sq,Somerville,MA,2,1,1,4,4,2,,1,1,,1,5,5,,,,,,,,,,,,,,,,0,0,0,,,,,0,,,,,,,,,,,,,,,,,,,,,,0,
4/23/2015,9:45,71 Heath St,Somerville,MA,1,1,1,1,1,3,,2,1,,2,97,,,,,,,,,,,,,,,,,0,0,0,,,,,0,,,,,,,,,,,,,,,,,,,,,,0,
4/23/2015,7:55,212 Elm St,Somerville,MA,1,1,1,1,4,1,1,10,1,,,,,,,,,,,,,,,,,,,,0,0,1,,,Light pole,,0,,,,,,,,,,,,,,,,,,,,,,0,
4/23/2015,19:10,Washington St & Webster Ave,Somerville,MA,1,1,3,2,2,2,,1,99,,1,1,,,,,,,,,,,,,,,,,0,0,0,,,,,1,,0,41,3,0,,,,,,,,,,,,,,,,,0,
4/21/2015,15:30,45 Endicott Ave,Somerville,MA,1,1,1,9,1,1,1,1,99,,,,,,,,,,,,,,,,,,,,0,0,1,,,Mason wall,,0,,,,,,,,,,,,,,,,,,,,,,0,
4/20/2015,19:30,60 College Ave,Somerville,MA,3,2,1,1,1,"5, 6",,1,1,,1,1,2,8,,,,,,,,,,,,,,,0,0,0,,,,,1,2,0,63,3,1,1,55,3,1,,,,,,,,,,,,,0,
4/20/2015,19:14,36 Bow St,Somerville,MA,3,2,3,4,4,2,,1,1,,1,1,,2,99,,,,,,,,,,,,,,0,0,0,,,,,0,,,,,,,,,,,,,,,,,,,,,,0,