Date,Time,Location,City,State,Weather (2&3),Road Surface (6),Traffic Control Device (4),Intersection Type (7),Traffic Way Desc (8),Collision Manner (11),# of Involved Vehicles,Vehicle1 Configuration (21),Driver1 Contrib Code1 (25),Driver1 Contrib Code2 (25),Vehicle2 Configuration (21),Driver2 Contrib Code1 (25),Driver2 Contrib Code2 (25),Vehicle3 Configuration (21),Driver3 Contrib Code1 (25),Driver3 Contrib Code2 (25),Vehicle4 Configuration (21),Driver4 Contrib Code1 (25),Driver4 Contrib Code2 (25),Vehicle5 Configuration (21),Driver5 Contrib Code1 (25),Driver5 Contrib Code2 (25),Vehicle6 Configuration (21),Driver6 Contrib Code1 (25),Driver6 Contrib Code2 (25),Vehicle7 Configuration (21),Driver7 Contrib Code1 (25),Driver7 Contrib Code2 (25),Bicycle,Pedestrian,Non-MV,Non-Motorist Location (16),Non-Motorist Action (15),Non-Motorist Type,Manner of Non-Motorist (Person) Collision,Injury,Multiple,Gender1,Age1,Severity1,Hospital1,Gender2,Age2,Severity2,Hospital2,Gender3,Age3,Severity3,Hospital3,Gender4,Age4,Severity4,Hospital4,Gender5,Age5,Severity5,Hospital5,City Vehicle?,Notes
4/20/2015,15:19,Revolution Dr & Middlesex Ave,Somerville,MA,3,2,1,2,3,3,,2,1,,1,4,,,,,,,,,,,,,,,,,0,0,0,,,,,0,,,,,,,,,,,,,,,,,,,,,,0,
4/20/2015,19:30,Edgar Ave & Douglas Ave,Somerville,MA,3,2,1,3,1,2,,1,19,,2,,,,,,,,,,,,,,,,,,0,0,0,,,,,0,,,,,,,,,,,,,,,,,,,,,,0,
4/18/2015,13:38,Boston Ave & Mystic Valley Pkwy,Somerville,MA,1,1,3,1,2,4,,1,1,,1,99,,,,,,,,,,,,,,,,,0,0,0,,,,,0,,,,,,,,,,,,,,,,,,,,,,0,
4/17/2015,16:18,Cross St & Pearl St,Somerville,MA,99,99,99,99,99,unk,1,1,1,,,,,,,,,,,,,,,,,,,,0,1,0,4,1,,5,0,,,,,,,,,,,,,,,,,,,,,,0,
4/16/2015,18:17,540 Broadway,Somerville,MA,1,1,1,3,1,6,,2,1,,1,9,,,,,,,,,,,,,,,,,0,0,0,,,,,0,,,,,,,,,,,,,,,,,,,,,,0,
4/16/2015,10:20,School St & Medford St,Somerville,MA,1,1,3,2,4,4,,2,99,,2,99,,,,,,,,,,,,,,,,,0,0,0,,,,,0,,,,,,,,,,,,,,,,,,,,,,0,
4/16/2015,17:30,Summer St & Central St,Somerville,MA,1,1,3,1,1,4,1,2,1,,1,10,,,,,,,,,,,,,,,,,1,0,0,4,2,,7,0,,,,,,,,,,,,,,,,,,,,,,0,Bicyclist cited
4/15/2015,21:45,Warren Ave & Columbus Ave,Somerville,MA,1,1,2,3,1,1,1,10,6,19,,,,,,,,,,,,,,,,,,,0,0,1,,,"Fence, street sign",,0,,,,,,,,,,,,,,,,,,,,,,0,
4/14/2015,12:00,Summer St & School St,Somerville,MA,1,1,3,3,1,1,,2,3,3,1,1,1,,,,,,,,,,,,,,,,0,0,0,,,,,1,,0,39,4,0,,,,,,,,,,,,,,,,,0,
4/14/2015,20:40,College Ave & Lower Campus Way,Somerville,MA,1,1,1,3,1,3,1,1,1,,97,1,,,,,,,,,,,,,,,,,1,0,0,2,1,,2,1,,1,29,3,1,,,,,,,,,,,,,,,,,0,
4/12/2015,20:32,1 Dartmouth St,Somerville,MA,1,1,1,1,4,99,2,1,99,,1,,,,,,,,,,,,,,,,,,0,0,1,,,Fence,,0,,,,,,,,,,,,,,,,,,,,,,0,Parked car
4/12/2015,5:00,124 College Ave,Somerville,MA,1,1,1,1,1,6,,1,21,21,1,1,1,1,1,1,1,1,1,1,1,1,,,,,,,0,0,0,,,,,0,,,,,,,,,,,,,,,,,,,,,,0,
4/12/2015,1:16,15 Elm St,Somerville,MA,1,1,1,1,2,6,,3,8,,1,1,1,,,,,,,,,,,,,,,,0,0,0,,,,,1,,1,29,4,1,,,,,,,,,,,,,,,,,0,
4/11/2015,8:22,53 Prescott St,Somerville,MA,1,1,1,1,1,4,,1,4,,2,1,,,,,,,,,,,,,,,,,0,0,0,,,,,0,,,,,,,,,,,,,,,,,,,,,,0,
4/11/2015,7:13,26 Central St,Somerville,MA,1,1,2,1,4,4,,2,1,1,1,4,4,,,,,,,,,,,,,,,,0,0,0,,,,,0,,,,,,,,,,,,,,,,,,,,,,0,
4/10/2015,20:27,31 Washington St,Somerville,MA,2,1,1,1,1,2,,1,5,,1,5,,,,,,,,,,,,,,,,,0,0,0,,,,,1,,0,26,4,0,,,,,,,,,,,,,,,,,0,
4/10/2015,16:26,72 Cross St,Somerville,MA,2,1,1,1,1,4,,2,1,,1,97,,,,,,,,,,,,,,,,,0,0,0,,,,,0,,,,,,,,,,,,,,,,,,,,,,0,
4/10/2015,15:48,Middlesex Ave & Foley St,Somerville,MA,2,1,3,3,1,3,,1,1,,1,4,,,,,,,,,,,,,,,,,0,0,0,,,,,0,,,,,,,,,,,,,,,,,,,,,,0,
4/10/2015,8:14,691 Somerville Ave,Somerville,MA,1,1,1,1,4,4,,6,1,,2,,,2,,,,,,,,,,,,,,,0,0,0,,,,,0,,,,,,,,,,,,,,,,,,,,,,0,
4/9/2015,7:51,858 Broadway,Somerville,MA,3,2,1,1,1,4,,1,99,,1,99,,,,,,,,,,,,,,,,,0,0,0,,,,,0,,,,,,,,,,,,,,,,,,,,,,0,
4/8/2015,2:35,McGrath Hwy & Greenville St,Somerville,MA,1,1,1,1,3,4,2,2,10,,2,1,,,,,,,,,,,,,,,,,0,0,0,,,,,0,,,,,,,,,,,,,,,,,,,,,,1,"SPD cruiser trying to stop MV; MV sweerved into cruiser, striking bumper"
4/8/2015,20:04,8 Union Sq,Somerville,MA,3,2,1,1,1,2,,1,5,19,1,1,,2,1,,,,,,,,,,,,,,0,0,0,,,,,1,,1,49,3,1,,,,,,,,,,,,,,,,,0,
4/8/2015,17:54,1370 Broadway,Somerville,MA,3,2,4,1,1,2,,1,1,,1,1,,,,,,,,,,,,,,,,,0,0,0,,,,,0,,,,,,,,,,,,,,,,,,,,,,0,
4/7/2015,17:42,Somerville Ave & Kent St,Somerville,MA,99,99,99,99,99,99,,2,4,,1,1,,,,,,,,,,,,,,,,,0,0,0,,,,,1,,0,22,4,1,,,,,,,,,,,,,,,,,0,
4/7/2015,17:40,138 Highland Ave,Somerville,MA,3,2,1,1,1,4,,1,1,,2,1,,,,,,,,,,,,,,,,,0,0,0,,,,,0,,,,,,,,,,,,,,,,,,,,,,0,
4/6/2015,12:01,Mansfield & Washington St,Somerville,MA,1,1,2,3,4,3,,6,1,,1,3,,,,,,,,,,,,,,,,,0,0,0,,,,,0,,,,,,,,,,,,,,,,,,,,,,0,
4/5/2015,8:10,500 Boradway,Somerville,MA,1,1,3,2,2,1,1,1,99,,,,,,,,,,,,,,,,,,,,0,0,1,,,"Light poles, ATM window",,1,,1,54,4,1,,,,,,,,,,,,,,,,,0,
4/4/2015,16:14,Windsor St & South St,Somerville,MA,2,1,1,3,1,1,1,1,1,,,,,,,,,,,,,,,,,,,,0,0,1,,,Telephone pole,,0,,,,,,,,,,,,,,,,,,,,,,0,
4/3/2015,21:12,152 Pearl St,Somerville,MA,2,1,1,1,2,"2, 3",,1,1,,2,97,,,,,,,,,,,,,,,,,0,0,0,,,,,0,,,,,,,,,,,,,,,,,,,,,,0,
4/3/2015,13:15,403 Highland Ave,Somerville,MA,2,1,1,1,4,4,,1,5,,2,1,,,,,,,,,,,,,,,,,0,0,0,,,,,1,3,1,27,4,0,1,26,4,0,1,47,4,0,,,,,,,,,0,
4/2/2015,16:25,Summer St & Lowell St,Somerville,MA,1,1,2,3,1,3,,1,1,,1,1,,,,,,,,,,,,,,,,,0,0,0,,,,,0,,,,,,,,,,,,,,,,,,,,,,0,
4/1/2015,17:10,Highland Ave & Grove St,Somerville,MA,1,1,1,2,1,3,,1,13,,,,,,,,,,,,,,,,,,,,0,1,0,1,1,,2,1,,0,27,3,0,,,,,,,,,,,,,,,,,0,
4/1/2015,20:41,14 Tyler St,Somerville,MA,1,1,1,1,1,5,,1,23,,1,,,,,,,,,,,,,,,,,,0,0,0,,,,,0,,,,,,,,,,,,,,,,,,,,,,0,
3/30/2015,7:40,366 Lowell St,Somerville,MA,1,1,1,1,1,1,1,6,99,,,,,,,,,,,,,,,,,,,,0,0,1,,,Tree,,0,,,,,,,,,,,,,,,,,,,,,,0,
3/29/2015,19:29,Walnut St & Columbus Ave,Somerville,MA,1,1,1,3,4,4,,1,20,,1,1,,,,,,,,,,,,,,,,,0,0,0,,,,,0,,,,,,,,,,,,,,,,,,,,,,0,
3/29/2015,16:20,Broadway & School St,Somerville,MA,99,99,99,99,99,99,,1,3,,2,1,,,,,,,,,,,,,,,,,0,0,0,,,,,1,,1,75,4,0,,,,,,,,,,,,,,,,,0,
3/29/2015,14:00,53 Sycamore St,Somerville,MA,1,1,1,1,4,2,,1,99,,1,1,,,,,,,,,,,,,,,,,0,0,0,,,,,1,2,0,85,3,1,0,92,3,1,,,,,,,,,,,,,0,
3/28/2015,14:44,643 Broadway,Somerville,MA,4,2,1,1,2,99,,2,1,,2,99,,,,,,,,,,,,,,,,,0,0,0,,,,,0,,,,,,,,,,,,,,,,,,,,,,0,
3/26/2015,11:34,College Ave & Dearborn Rd,Somerville,MA,2,1,1,3,1,2,,1,1,,1,1,,,,,,,,,,,,,,,,,0,0,0,,,,,1,,0,67,4,1,,,,,,,,,,,,,,,,,0,
3/25/2015,23:12,35 Warwick St,Somerville,MA,3,2,1,1,4,4,,1,99,,1,,,,,,,,,,,,,,,,,,0,0,0,,,,,0,,,,,,,,,,,,,,,,,,,,,,0,
3/25/2015,12:15,570 Somerville Ave,Somerville,MA,1,1,3,1,1,2,,2,20,,1,1,,,,,,,,,,,,,,,,,0,0,0,,,,,1,,0,62,3,1,,,,,,,,,,,,,,,,,0,
3/25/2015,7:54,Beacon St & Kent St,Somerville,MA,1,1,4,3,1,1,1,7,9,,,,,,,,,,,,,,,,,,,,0,0,1,,,Traffic sign,,0,,,,,,,,,,,,,,,,,,,,,,0,
3/23/2015,16:05,Highland Ave & School St,Somerville,MA,1,1,3,3,1,4,1,1,99,,,,,,,,,,,,,,,,,,,,0,1,0,4,1,,1,1,,0,16,4,1,,,,,,,,,,,,,,,,,0,
3/23/2015,15:39,Broadway & Cross St,Somerville,MA,1,1,3,3,1,2,,1,1,,1,99,,,,,,,,,,,,,,,,,0,0,0,,,,,1,2,0,53,3,1,1,49,4,1,,,,,,,,,,,,,0,
3/23/2015,13:38,Ivaloo St & Mondamin Ct,Somerville,MA,1,1,1,3,1,1,1,7,1,,,,,,,,,,,,,,,,,,,,0,0,1,4,97,Sink hole,,0,,,,,,,,,,,,,,,,,,,,,,0,
3/23/2015,12:12,Walnut St & Medford St,Somerville,MA,1,1,3,2,2,3,,1,3,13,1,1,1,,,,,,,,,,,,,,,,0,0,0,,,,,0,,,,,,,,,,,,,,,,,,,,,,0,
3/22/2015,19:24,Temple St & Jaques St,Somerville,MA,1,1,3,2,2,2,,1,1,1,,,,,,,,,,,,,,,,,,,0,0,0,,,,,0,,,,,,,,,,,,,,,,,,,,,,0,
3/22/2015,15:14,Kidder Ave & Lowden Ave,Somerville,MA,1,1,2,2,1,3,,97,3,,,1,,,,,,,,,,,,,,,,,0,0,0,,,,,0,,,,,,,,,,,,,,,,,,,,,,0,
3/22/2015,10:45,84 Ten Hills Rd,Somerville,MA,1,1,1,1,1,1,1,2,99,99,,,,,,,,,,,,,,,,,,,0,0,1,,,Front stairs,,0,,,,,,,,,,,,,,,,,,,,,,0,
3/22/2015,2:30,Franklin St & Broadway,Somerville,MA,1,1,3,3,3,6,,2,3,,1,1,,,,,,,,,,,,,,,,,0,0,0,,,,,0,,,,,,,,,,,,,,,,,,,,,,0,
3/20/2015,8:44,125 Central St,Somerville,MA,99,99,99,99,99,99,,1,99,,1,,,,,,,,,,,,,,,,,,0,0,0,,,,,0,,,,,,,,,,,,,,,,,,,,,,0,
3/15/2015,15:20,39 Pearson Rd,Somerville,MA,3,2,1,1,4,2,2,2,1,,1,,,,,,,,,,,,,,,,,,0,0,0,,,,,0,,,,,,,,,,,,,,,,,,,,,,1,SPD cruiser backed up into parked MV
3/15/2015,1:21,Cameron Ave & Holland St,Somerville,MA,2,1,1,3,2,1,1,1,14,14,,,,,,,,,,,,,,,,,,,0,0,1,,,Bus enclosure,,0,,,,,,,,,,,,,,,,,,,,,,0,
3/14/2015,19:26,38 Medford St,Somerville,MA,3,2,1,1,1,4,,1,97,,6,1,,,,,,,,,,,,,,,,,0,0,0,,,,,0,,,,,,,,,,,,,,,,,,,,,,0,
3/14/2015,18:19,Washington St & Beacon St,Somerville,MA,3,2,3,2,1,1,1,1,1,,,,,,,,,,,,,,,,,,,,0,1,0,1,1,,2,0,,,,,,,,,,,,,,,,,,,,,,0,
3/14/2015,19:14,490 Broadway,Somerville,MA,3,2,3,1,2,2,,1,19,,1,1,,,,,,,,,,,,,,,,,0,0,0,,,,,0,,,,,,,,,,,,,,,,,,,,,,0,
3/14/2015,3:00,16 Lee St,Somerville,MA,3,2,1,1,1,4,,1,1,,1,99,,,,,,,,,,,,,,,,,0,0,0,,,,,0,,,,,,,,,,,,,,,,,,,,,,0,
3/12/2015,15:06,150 Lowell St,Somerville,MA,1,1,1,9,4,1,1,13,1,,,,,,,,,,,,,,,,,,,,0,0,1,,,Tree,,0,,,,,,,,,,,,,,,,,,,,,,0,
3/12/2015,19:45,Pearl St & Marshall St,Somerville,MA,1,1,2,3,1,6,1,1,99,,,99,,,,,,,,,,,,,,,,,1,0,0,2,1,,5,1,,1,24,4,1,,,,,,,,,,,,,,,,,0,
3/10/2015,6:09,Highland Ave & Walnut St,Somerville,MA,1,1,3,2,99,99,2,1,3,,1,1,,,,,,,,,,,,,,,,,0,0,1,,,"Trash barrel, MBTA glass display",,1,2,1,73,4,1,0,72,4,1,,,,,,,,,,,,,0,
3/7/2015,11:52,500 Broadway,Somerville,MA,1,1,3,1,2,2,,1,99,,2,99,,,,,,,,,,,,,,,,,0,0,0,,,,,1,2,0,23,4,1,0,57,4,1,,,,,,,,,,,,,0,
3/7/2015,20:00,471 Somerville Ave,Somerville,MA,1,1,1,1,1,4,,1,1,,1,9,,,,,,,,,,,,,,,,,0,0,0,,,,,0,,,,,,,,,,,,,,,,,,,,,,0,
3/6/2015,8:45,Packard Ave & Sawyer Ave,Somerville,MA,1,7,1,1,1,4,,1,97,,2,1,,,,,,,,,,,,,,,,,0,0,0,,,,,0,,,,,,,,,,,,,,,,,,,,,,0,
3/6/2015,16:49,Mt Pleasant St & Perkins St,Somerville,MA,1,1,1,3,4,3,2,99,1,,1,,,,,,,,,,,,,,,,,,0,0,0,,,,,0,,,,,,,,,,,,,,,,,,,,,,1,"SFD engine turning, tried to avoid MV parked too far into street, struck parked MV on other side of street"
3/5/2015,18:20,College Ave & Morrison Ave,Somerville,MA,1,1,3,3,1,2,,1,1,,1,6,,,,,,,,,,,,,,,,,0,0,0,,,,,0,,,,,,,,,,,,,,,,,,,,,,0,
3/4/2015,12:30,Broadway & Cross St,Somerville,MA,2,1,3,2,2,4,,1,1,,6,6,,,,,,,,,,,,,,,,,0,0,0,,,,,0,,,,,,,,,,,,,,,,,,,,,,0,
3/4/2015,11:34,212 Somerville Ave,Somerville,MA,2,2,1,1,1,4,,1,1,,1,1,,1,99,,,,,,,,,,,,,,0,0,0,,,,,0,,,,,,,,,,,,,,,,,,,,,,0,
3/4/2015,7:47,Somerville Ave & Washington St,Somerville,MA,2,2,3,3,2,3,,2,1,,1,99,,,,,,,,,,,,,,,,,0,0,0,,,,,0,,,,,,,,,,,,,,,,,,,,,,0,
3/3/2015,9:16,Grand Union Blvd & Revolution Drive,Somerville,MA,1,1,3,2,1,2,2,1,20,,2,1,,,,,,,,,,,,,,,,,0,0,0,,,,,0,,,,,,,,,,,,,,,,,,,,,,1,MV rear-ended SPD Traffic cruiser
3/3/2015,16:10,390 Broadway,Somerville,MA,2,1,3,3,1,1,1,2,1,,,,,,,,,,,,,,,,,,,,1,0,0,4,2,,5,0,,,,,,,,,,,,,,,,,,,,,,0,
3/2/2015,9:40,Holland St & Cameron Ave,Somerville,MA,99,99,99,99,99,99,,1,5,,1,1,,,,,,,,,,,,,,,,,0,0,0,,,,,0,,,,,,,,,,,,,,,,,,,,,,0,
3/2/2015,11:15,5 Seven Pines Ave,Somerville,MA,99,99,99,99,99,99,,2,99,,1,1,,,,,,,,,,,,,,,,,0,0,0,,,,,0,,,,,,,,,,,,,,,,,,,,,,0,
3/2/2015,8:36,Broadway & Cutter St,Somerville,MA,1,6,1,3,2,2,,7,5,,1,1,,2,1,,,,,,,,,,,,,,0,0,0,,,,,1,,0,61,4,1,,,,,,,,,,,,,,,,,0,
3/2/2015,6:35,New Rd,Somerville,MA,4,3,1,2,3,6,,2,1,,1,4,,,,,,,,,,,,,,,,,0,0,0,,,,,0,,,,,,,,,,,,,,,,,,,,,,0,
3/1/2015,8:30,51 Alston St,Somerville,MA,1,1,1,1,4,2,,1,99,,1,,,,,,,,,,,,,,,,,,0,0,0,,,,,0,,,,,,,,,,,,,,,,,,,,,,0,
2/28/2015,22:00,24 Century St,Somerville,MA,1,4,1,1,1,5,2,2,1,,,1,,,,,,,,,,,,,,,,,0,0,0,,,,,0,,,,,,,,,,,,,,,,,,,,,,1,"SPD cruiser, responding to call, struck mirror of opposite facing MV (parked?)"
2/26/2015,10:56,63 Putnam St,Somerville,MA,2,7,1,1,1,4,2,2,1,,1,,,,,,,,,,,,,,,,,,0,0,0,,,,,0,,,,,,,,,,,,,,,,,,,,,,1,DPW vehicle sideswiped parked MV while trying to avoid oncoming MV on narrow road; struck MV out from curb
2/24/2015,10:27,Marshall St & Pearl St,Somerville,MA,1,1,2,3,4,2,,1,1,,1,1,,,,,,,,,,,,,,,,,0,0,0,,,,,1,,1,44,4,0,,,,,,,,,,,,,,,,,0,
2/23/2015,11:43,Highland Ave & Hamlet St,Somerville,MA,1,1,3,1,3,4,,1,99,,7,99,,,,,,,,,,,,,,,,,0,0,0,,,,,0,,,,,,,,,,,,,,,,,,,,,,0,
2/22/2015,3:02,Shore Dr & Puritan Rd,Somerville,MA,"4, 8",3,99,1,2,1,1,1,1,1,,,,,,,,,,,,,,,,,,,0,0,1,,,Light pole,,0,,,,,,,,,,,,,,,,,,,,,,0,
2/20/2015,11:00,13 Atherton St,Somerville,MA,1,7,1,1,4,4,2,1,1,,1,1,,,,,,,,,,,,,,,,,0,0,0,,,,,0,,,,,,,,,,,,,,,,,,,,,,1,SFD engine sideswiped parked MV
2/20/2015,19:26,Everett St & Newton St,Somerville,MA,4,4,1,3,4,2,,1,1,,,,,,,,,,,,,,,,,,,,0,0,0,,,,,0,,,,,,,,,,,,,,,,,,,,,,0,
2/20/2015,14:10,8 Tyler St,Somerville,MA,1,6,1,1,1,4,,2,1,,2,,,,,,,,,,,,,,,,,,0,0,0,,,,,0,,,,,,,,,,,,,,,,,,,,,,0,
2/19/2015,6:15,Revolution Dr,Somerville,MA,2,3,2,2,2,3,,1,1,,1,97,,,,,,,,,,,,,,,,,0,0,0,,,,,0,,,,,,,,,,,,,,,,,,,,,,0,
2/19/2015,5:50,Washington St & Beacon St,Somerville,MA,2,2,3,2,1,6,,1,99,,1,99,,,,,,,,,,,,,,,,,0,0,0,,,,,0,,,,,,,,,,,,,,,,,,,,,,0,
2/18/2015,11:27,28 Elmwood St,Somerville,MA,1,3,1,1,1,3,2,2,99,,2,99,,,,,,,,,,,,,,,,,0,0,0,,,,,0,,,,,,,,,,,,,,,,,,,,,,1,"MV, backing out of driveway, struck DPW travelling up street"
2/17/2015,16:45,20 Mt Vernon St,Somerville,MA,4,"3, 7",1,3,4,3,,1,1,,1,4,,,,,,,,,,,,,,,,,0,0,0,,,,,0,,,,,,,,,,,,,,,,,,,,,,0,
2/17/2015,9:16,265 Medford St,Somerville,MA,2,4,1,1,3,2,2,2,1,,1,1,,,,,,,,,,,,,,,,,0,0,0,,,,,0,,,,,,,,,,,,,,,,,,,,,,1,SPD cruiser rear-ended MV due to slick road conditions
2/16/2015,14:26,531 Somerville Ave,Somerville,MA,"4, 97",7,1,1,2,2,,1,1,99,1,1,,1,,,2,,,2,,,,,,,,,0,0,0,,,,,0,,,,,,,,,,,,,,,,,,,,,,0,
2/16/2015,17:23,273 Broadway,Somerville,MA,99,99,99,99,99,99,,1,1,,1,1,,,,,,,,,,,,,,,,,0,0,0,,,,,0,,,,,,,,,,,,,,,,,,,,,,0,
2/15/2015,8:56,Harding St & South St,Somerville,MA,4,"3, 4",2,2,4,3,2,2,99,,2,99,,,,,,,,,,,,,,,,,0,0,0,,,,,0,,,,,,,,,,,,,,,,,,,,,,1,DPW MV & Uhaul collided at intersection
2/15/2015,0:35,Wigglesworth St,Somerville,MA,2,3,1,1,4,2,1,1,10,,,,,,,,,,,,,,,,,,,,0,1,0,4,7,,4,0,,,,,,,,,,,,,,,,,,,,,,0,
2/15/2015,20:10,80 Webster Ave,Somerville,MA,1,3,1,1,2,2,,1,1,,2,14,,,,,,,,,,,,,,,,,0,0,0,,,,,0,,,,,,,,,,,,,,,,,,,,,,0,
2/14/2015,21:52,15 Pitman St,Somerville,MA,"4,8",3,2,3,4,3,2,6,1,,1,1,,,,,,,,,,,,,,,,,0,0,0,,,,,0,,,,,,,,,,,,,,,,,,,,,,1,"As SFD engine turned, lost traction in heavy slush & struck parked MV"
2/14/2015,14:10,532 Medford St,Somerville,MA,4,1,1,1,2,3,,1,99,,1,,,,,,,,,,,,,,,,,,0,0,0,,,,,1,,1,39,4,0,,,,,,,,,,,,,,,,,0,
2/14/2015,11:45,162 Broadway,Somerville,MA,2,2,1,1,1,6,,1,4,,,1,,,,,,,,,,,,,,,,,0,0,0,,,,,1,,1,58,3,1,,,,,,,,,,,,,,,,,0,
2/14/2015,2:25,25 Victoria St,Somerville,MA,2,1,1,1,4,2,,1,1,1,1,10,10,,,,,,,,,,,,,,,,0,0,0,,,,,0,,,,,,,,,,,,,,,,,,,,,,0,
2/14/2015,2:10,Curtis St & Fairmount Ave,Somerville,MA,1,4,1,3,4,2,,1,99,,1,99,,,,,,,,,,,,,,,,,0,0,0,,,,,0,,,,,,,,,,,,,,,,,,,,,,0,
2/13/2015,22:10,21 School St,Somerville,MA,1,2,1,1,4,4,,1,99,,1,99,,,,,,,,,,,,,,,,,0,0,0,,,,,0,,,,,,,,,,,,,,,,,,,,,,0,
2/13/2015,16:18,45 Union Sq,Somerville,MA,1,3,3,4,3,2,2,97,1,,1,1,,,,,,,,,,,,,,,,,0,0,0,,,,,0,,,,,,,,,,,,,,,,,,,,,,1,"Snow removal pushed bike rack into street; MV tried to avoid by changing lanes, sideswiping City MV"
2/12/2015,8:05,Cross St & Tufts St,Somerville,MA,2,7,2,3,1,3,,2,4,,1,1,,,,,,,,,,,,,,,,,0,0,0,,,,,0,,,,,,,,,,,,,,,,,,,,,,0,
2/12/2015,23:45,Edgar Ave & Edgar Terr,Somerville,MA,"4, 8",3,1,1,1,4,,1,99,,2,1,,,,,,,,,,,,,,,,,0,0,0,,,,,0,,,,,,,,,,,,,,,,,,,,,,0,
2/10/2015,15:27,Medford St & Central St,Somerville,MA,2,3,3,2,1,1,1,8,1,,,,,,,,,,,,,,,,,,,,0,1,0,4,2,,7,0,,,,,,,,,,,,,,,,,,,,,,0,
2/9/2015,10:00,53 Montrose St,Somerville,MA,"2, 9",3,1,1,4,5,2,2,99,,1,1,,,,,,,,,,,,,,,,,0,0,0,,,,,0,,,,,,,,,,,,,,,,,,,,,,1,"DPW vehicle allegedly sideswiped parked MV, pushing into intersection; op. denies"
2/9/2015,13:41,118 Prospect St,Somerville,MA,"4, 97",7,1,9,1,3,,2,1,,2,99,,,,,,,,,,,,,,,,,0,0,0,,,,,0,,,,,,,,,,,,,,,,,,,,,,0,
2/9/2015,13:00,Broadway & Belknap St,Somerville,MA,4,3,1,3,1,3,,1,1,,2,1,,,,,,,,,,,,,,,,,0,0,0,,,,,0,,,,,,,,,,,,,,,,,,,,,,0,
2/9/2015,10:40,Broadway & Marshall St,Somerville,MA,"4, 8",3,1,3,2,2,,2,5,7,1,1,,,,,,,,,,,,,,,,,0,0,0,,,,,0,,,,,,,,,,,,,,,,,,,,,,0,
2/9/2015,9:36,Broadway & Charles E. Ryan Rd,Somerville,MA,"4, 5",3,1,3,1,4,,1,99,,2,97,,,,,,,,,,,,,,,,,0,0,0,,,,,0,,,,,,,,,,,,,,,,,,,,,,0,
2/9/2015,16:09,51 Montrose St,Somerville,MA,3,3,1,1,4,4,2,2,99,,1,1,,,,,,,,,,,,,,,,,0,0,0,,,,,0,,,,,,,,,,,,,,,,,,,,,,1,DPW vehicle sideswiped parked MV (see also 53 Montrose St)
2/8/2015,12:03,Franey Rd & Cedar St,Somerville,MA,4,2,1,3,1,4,2,2,1,,,,,,,,,,,,,,,,,,,,0,0,0,,,,,0,,,,,,,,,,,,,,,,,,,,,,1,DPW vehicle sideswiped parked MV
2/8/2015,16:00,56 Broadway,Somerville,MA,"4, 5",3,1,1,3,3,,1,1,,1,,,,,,,,,,,,,,,,,,0,0,0,,,,,0,,,,,,,,,,,,,,,,,,,,,,0,
2/8/2015,12:25,20 Canal Lane,Somerville,MA,4,7,1,1,1,4,,1,1,,1,1,,,,,,,,,,,,,,,,,0,0,0,,,,,0,,,,,,,,,,,,,,,,,,,,,,0,
2/8/2015,1:00,101 Pearl St,Somerville,MA,4,3,2,2,1,1,1,1,99,,,,,,,,,,,,,,,,,,,,0,0,1,,,fence,,0,,,,,,,,,,,,,,,,,,,,,,0,Lost control
2/8/2015,19:58,Garden Ct,Somerville,MA,"4,8",3,1,1,1,1,2,2,1,,7,99,,,,,,,,,,,,,,,,,0,0,0,,,,,0,,,,,,,,,,,,,,,,,,,,,,1,Contractor; struck parked MV during snow removal
2/7/2015,14:37,622 Somerville Ave,Somerville,MA,2,2,1,1,1,5,,2,4,,1,1,,2,1,,,,,,,,,,,,,,0,0,0,,,,,0,,,,,,,,,,,,,,,,,,,,,,0,
2/6/2015,10:45,50 Highland Ave,Somerville,MA,1,7,1,1,1,4,2,1,1,,2,1,,,,,,,,,,,,,,,,,0,0,0,,,,,0,,,,,,,,,,,,,,,,,,,,,,1,MV passing DPW vehicle struck open door
2/6/2015,16:59,Medford St & Highland Ave,Somerville,MA,1,2,1,3,1,3,,2,1,1,1,4,4,,,,,,,,,,,,,,,,0,0,0,,,,,0,,,,,,,,,,,,,,,,,,,,,,0,
2/6/2015,9:15,68 Rogers Ave,Somerville,MA,2,3,1,1,4,4,,1,99,,6,99,,1,99,,,,,,,,,,,,,,0,0,0,,,,,0,,,,,,,,,,,,,,,,,,,,,,0,