Date,Time,Location,City,State,Weather (2&3),Road Surface (6),Traffic Control Device (4),Intersection Type (7),Traffic Way Desc (8),Collision Manner (11),# of Involved Vehicles,Vehicle1 Configuration (21),Driver1 Contrib Code1 (25),Driver1 Contrib Code2 (25),Vehicle2 Configuration (21),Driver2 Contrib Code1 (25),Driver2 Contrib Code2 (25),Vehicle3 Configuration (21),Driver3 Contrib Code1 (25),Driver3 Contrib Code2 (25),Vehicle4 Configuration (21),Driver4 Contrib Code1 (25),Driver4 Contrib Code2 (25),Vehicle5 Configuration (21),Driver5 Contrib Code1 (25),Driver5 Contrib Code2 (25),Vehicle6 Configuration (21),Driver6 Contrib Code1 (25),Driver6 Contrib Code2 (25),Vehicle7 Configuration (21),Driver7 Contrib Code1 (25),Driver7 Contrib Code2 (25),Bicycle,Pedestrian,Non-MV,Non-Motorist Location (16),Non-Motorist Action (15),Non-Motorist Type,Manner of Non-Motorist (Person) Collision,Injury,Multiple,Gender1,Age1,Severity1,Hospital1,Gender2,Age2,Severity2,Hospital2,Gender3,Age3,Severity3,Hospital3,Gender4,Age4,Severity4,Hospital4,Gender5,Age5,Severity5,Hospital5,City Vehicle?,Notes
12/1/2014,23:07,660 Broadway,Somerville,MA,1,1,2,2,1,3,2,1,1,,1,1,,,,,,,,,,,,,,,,,0,0,0,,,,,0,,,,,,,,,,,,,,,,,,,,,,0,
11/29/2014,10:46,Broadway & Garfield Ave,Somerville,MA,1,1,3,3,3,3,2,1,3,,1,1,,,,,,,,,,,,,,,,,0,0,0,,,,,1,2,1,57,2,1,0,31,2,1,1,4,5,1,1,6,5,1,,,,,0,
11/28/2014,21:20,Highland Ave & Central St,Somerville,MA,1,1,3,2,1,3,2,1,3,,1,1,,,,,,,,,,,,,,,,,0,0,0,,,,,0,,,,,,,,,,,,,,,,,,,,,,0,
11/27/2014,22:10,64 Union Square,Somerville,MA,4,2,1,1,1,1,1,2,2,9,,,,,,,,,,,,,,,,,,,0,0,1,,,"Trash barrel, tree, bench",,1,3,0,58,3,1,1,58,3,1,1,21,3,1,,,,,,,,,0,
11/26/2014,15:09,88 Beacon St,Somerville,MA,5,2,1,1,1,4,2,1,10,,2,1,,,,,,,,,,,,,,,,,0,0,0,,,,,0,,,,,,,,,,,,,,,,,,,,,,0,
11/25/2014,9:14,Beacon St & Washington St,Somerville,MA,1,1,1,2,1,2,2,1,1,,1,5,,,,,,,,,,,,,,,,,0,0,0,,,,,1,,0,51,4,0,,,,,,,,,,,,,,,,,0,
11/23/2014,19:25,Burnside Ave,Somerville,MA,1,1,1,1,4,4,2,7,1,,1,,,,,,,,,,,,,,,,,,0,0,0,,,,,0,,,,,,,,,,,,,,,,,,,,,,0,
11/23/2014,3:40,Temple St & Memorial Rd,Somerville,MA,1,1,1,3,1,2,2,1,5,,1,1,,,,,,,,,,,,,,,,,0,0,0,,,,,1,3,1,26,4,0,1,29,4,0,1,29,4,0,,,,,,,,,0,
11/21/2014,11:25,Beacon St & Park St,Somerville,MA,1,1,3,1,1,6,2,13,99,,1,99,,,,,,,,,,,,,,,,,0,0,0,,,,,0,,,,,,,,,,,,,,,,,,,,,,0,
11/21/2014,21:34,Morrison Ave & Cedar St,Somerville,MA,1,1,1,1,1,1,1,2,4,,,,,,,,,,,,,,,,,,,,0,1,0,4,1,,2,1,,0,41,2,1,,,,,,,,,,,,,,,,,0,
11/20/2014,8:00,87 Summer St,Somerville,MA,1,1,1,1,1,3,3,1,1,,1,,,1,,,,,,,,,,,,,,,0,0,0,,,,,0,,,,,,,,,,,,,,,,,,,,,,0,
11/20/2014,14:55,54 Union Square,Somerville,MA,1,1,1,1,4,4,2,3,9,,6,,,,,,,,,,,,,,,,,,0,0,0,,,,,0,,,,,,,,,,,,,,,,,,,,,,0,
11/19/2014,8:11,Webster Ave & Tremont St,Somerville,MA,1,1,2,3,1,1,1,2,4,,,,,,,,,,,,,,,,,,,,1,0,0,2,1,,5,0,,,,,,,,,,,,,,,,,,,,,,0,
11/17/2014,10:52,341 Broadway,Somerville,MA,3,2,3,2,3,2,2,1,99,,1,1,,,,,,,,,,,,,,,,,0,0,0,,,,,0,,,,,,,,,,,,,,,,,,,,,,1,City vehicle rear ended at red light
11/17/2014,12:20,Elm St & Grove St,Somerville,MA,3,2,1,3,4,4,2,1,1,,1,1,,,,,,,,,,,,,,,,,0,0,0,,,,,0,,,,,,,,,,,,,,,,,,,,,,0,
11/17/2014,20:50,188 Willow Ave,Somerville,MA,3,2,1,1,1,2,1,1,1,18,,,,,,,,,,,,,,,,,,,0,1,0,4,1,,5,1,,1,24,3,1,,,,,,,,,,,,,,,,,0,
11/16/2014,17:48,Columbia St & Windsor Pl,Somerville,MA,1,1,2,3,1,1,1,1,4,,,,,,,,,,,,,,,,,,,,1,0,0,2,1,,5,1,,1,30,3,1,,,,,,,,,,,,,,,,,0,
11/14/2014,11:57,Broadway & Langmaid Ave,Somerville,MA,1,1,3,1,2,2,2,2,1,,1,99,,,,,,,,,,,,,,,,,0,0,0,,,,,1,,1,46,4,1,,,,,,,,,,,,,,,,,0,
11/14/2014,15:49,Somerville Ave & Prospect St,Somerville,MA,1,1,3,3,3,3,2,2,1,,1,4,,,,,,,,,,,,,,,,,0,0,0,,,,,0,,,,,,,,,,,,,,,,,,,,,,0,
11/13/2014,7:05,Prospect St & Somerville Ave,Somerville,MA,1,1,3,3,1,6,2,1,1,,1,1,,,,,,,,,,,,,,,,,0,0,0,,,,,1,,0,64,4,1,,,,,,,,,,,,,,,,,0,
11/12/2014,16:00,523 Broadway,Somerville,MA,1,1,1,1,1,2,2,2,1,,2,1,,,,,,,,,,,,,,,,,0,0,0,,,,,1,,0,47,4,1,,,,,,,,,,,,,,,,,0,
11/11/2014,16:46,268 Willow Ave,Somerville,MA,1,1,1,1,1,5,3,2,9,,1,1,,1,,,,,,,,,,,,,,,0,0,0,,,,,0,,,,,,,,,,,,,,,,,,,,,,0,
11/11/2014,8:10,Elm St & Willow Ave,Somerville,MA,1,1,1,3,1,2,3,1,1,,1,1,,1,5,,,,,,,,,,,,,,0,0,0,,,,,0,,,,,,,,,,,,,,,,,,,,,,0,
11/11/2014,17:15,Broadway & College Ave,Somerville,MA,1,1,1,8,1,4,2,1,1,,1,5,,,,,,,,,,,,,,,,,0,0,0,,,,,0,,,,,,,,,,,,,,,,,,,,,,0,
11/9/2014,7:00,Highland Rd & Boston Ave,Somerville,MA,2,1,2,3,1,3,2,1,1,,1,99,,,,,,,,,,,,,,,,,0,0,0,,,,,0,,,,,,,,,,,,,,,,,,,,,,0,
11/9/2014,23:07,Warner St & Broadway,Somerville,MA,1,1,"2,4",7,3,2,2,1,99,,1,1,,,,,,,,,,,,,,,,,0,0,0,,,,,0,,,,,,,,,,,,,,,,,,,,,,0,
11/8/2014,11:20,College Ave & Lower Campus Way,Somerville,MA,1,1,1,3,1,6,2,1,1,,1,4,,,,,,,,,,,,,,,,,0,0,0,,,,,0,,,,,,,,,,,,,,,,,,,,,,0,
11/7/2014,15:00,Central St & Somerville Ave,Somerville,MA,1,1,1,3,4,3,2,1,19,,1,1,,,,,,,,,,,,,,,,,0,0,0,,,,,0,,,,,,,,,,,,,,,,,,,,,,0,
11/7/2014,17:25,Cedar St & Sumemr St,Somerville,MA,1,1,3,2,1,3,2,1,1,,2,3,20,,,,,,,,,,,,,,,,0,0,0,,,,,0,,,,,,,,,,,,,,,,,,,,,,0,
11/5/2014,9:07,27 Union Sq,Somerville,MA,2,1,1,3,2,3,2,1,99,,6,99,,,,,,,,,,,,,,,,,0,0,0,,,,,0,,,,,,,,,,,,,,,,,,,,,,0,
11/4/2014,18:20,Prospect St,Somerville,MA,1,1,1,1,4,2,3,2,19,,1,1,,1,1,,,,,,,,,,,,,,0,0,0,,,,,0,,,,,,,,,,,,,,,,,,,,,,0,
11/2/2014,7:20,North St & Conwell Ave,Somerville,MA,3,2,2,3,2,6,2,1,1,,1,1,,,,,,,,,,,,,,,,,0,0,0,,,,,0,,,,,,,,,,,,,,,,,,,,,,0,
10/31/2014,15:36,Foley St & Middlesex Ave,Somerville,MA,2,1,3,3,1,2,2,6,19,,1,1,,,,,,,,,,,,,,,,,0,0,0,,,,,0,,,,,,,,,,,,,,,,,,,,,,0,
10/29/2014,18:31,Central St & Gibbens St,Somerville,MA,2,1,2,3,1,3,2,1,4,,2,1,,,,,,,,,,,,,,,,,0,0,0,,,,,0,,,,,,,,,,,,,,,,,,,,,,0,
10/29/2014,12:37,17 Belmont St,Somerville,MA,1,1,1,1,4,1,1,3,4,,,,,,,,,,,,,,,,,,,,1,0,0,4,2,,5,1,,1,26,4,1,,,,,,,,,,,,,,,,,0,
10/28/2014,15:09,59 Bow St,Somerville,MA,1,1,1,1,4,1,1,10,1,,,,,,,,,,,,,,,,,,,,0,0,1,9,97,Tree branch,,0,,,,,,,,,,,,,,,,,,,,,,0,
10/27/2014,23:49,McGrath Hwy & Washington St,Somerville,MA,1,1,1,3,1,2,2,3,99,,1,1,,,,,,,,,,,,,,,,,0,0,0,,,,,0,,,,,,,,,,,,,,,,,,,,,,0,
10/27/2014,8:20,Forster St & Central St,Somerville,MA,1,1,2,3,4,3,2,1,1,,1,1,,,,,,,,,,,,,,,,,0,0,0,,,,,0,,,,,,,,,,,,,,,,,,,,,,0,
10/27/2014,9:11,Medford St & Pearl St,Somerville,MA,1,1,1,4,2,6,2,2,4,,3,1,,,,,,,,,,,,,,,,,0,0,1,2,1,Motorcycle,2,1,,1,51,2,1,,,,,,,,,,,,,,,,,1,"SPD motorcycle dumped into skid to avoid accident, struck MV1"
10/26/2014,16:28,114 Temple St,Somerville,MA,2,1,1,1,1,1,1,1,1,,,,,,,,,,,,,,,,,,,,0,1,0,4,1,,5,1,,1,39,4,1,,,,,,,,,,,,,,,,,0,
10/25/2014,12:36,Beacon St & Park St,Somerville,MA,1,1,3,2,1,1,1,2,4,,,,,,,,,,,,,,,,,,,,0,1,0,1,1,,2,1,,1,53,3,1,,,,,,,,,,,,,,,,,0,
10/21/2014,14:00,44 Broadway,Somerville,MA,3,2,3,1,2,4,2,2,17,,2,1,,,,,,,,,,,,,,,,,0,0,0,,,,,1,,1,35,4,1,,,,,,,,,,,,,,,,,0,
10/18/2014,4:08,84 Elm St,Somerville,MA,1,1,1,1,1,6,3,1,21,,1,1,,,,,,,,,,,,,,,,,0,0,0,,,,,0,,,,,,,,,,,,,,,,,,,,,,0,
10/18/2014,20:27,25 Highland Ave,Somerville,MA,1,1,1,1,1,1,1,1,4,18,,,,,,,,,,,,,,,,,,,0,1,0,4,1,,2,1,,1,70,2,1,,,,,,,,,,,,,,,,,0,
10/18/2014,23:09,Foley St,Somerville,MA,2,1,1,1,1,3,2,2,99,,1,99,,,,,,,,,,,,,,,,,0,0,0,,,,,0,,,,,,,,,,,,,,,,,,,,,,0,
10/18/2014,12:15,Middlesex Ave & Foley St,Somerville,MA,2,1,3,3,2,3,2,1,1,,,,,,,,,,,,,,,,,,,,0,0,0,,,,,0,,,,,,,,,,,,,,,,,,,,,,0,
10/18/2014,3:48,66 Jaques St,Somerville,MA,1,1,3,1,1,4,2,1,2,3,1,1,,,,,,,,,,,,,,,,,0,0,0,,,,,1,,,,99,1,,,,,,,,,,,,,,,,,0,
10/17/2014,14:30,25 Melvin St,Somerville,MA,1,1,1,1,4,3,2,1,19,12,2,,,,,,,,,,,,,,,,,,0,0,0,,,,,0,,,,,,,,,,,,,,,,,,,,,,0,
10/17/2014,3:14,337 Washington St,Somerville,MA,3,2,1,1,1,4,2,1,1,,1,,,,,,,,,,,,,,,,,,0,0,0,,,,,0,,,,,,,,,,,,,,,,,,,,,,0,
10/17/2014,19:00,Mystic Ave & Temple St,Somerville,MA,1,1,3,2,1,4,2,1,1,,1,,,,,,,,,,,,,,,,,,0,0,0,,,,,0,,,,,,,,,,,,,,,,,,,,,,0,
10/16/2014,19:45,Broadway & Mt. Vernon St,Somerville,MA,3,2,3,2,1,3,2,1,1,,1,4,,,,,,,,,,,,,,,,,0,0,0,,,,,1,2,1,47,4,0,0,25,4,0,,,,,,,,,,,,,0,
10/15/2014,16:22,74 Dover St,Somerville,MA,1,1,1,1,4,1,1,1,1,,,,,,,,,,,,,,,,,,,,0,1,0,4,1,,5,1,,1,4,4,97,,,,,,,,,,,,,,,,,0,
10/14/2014,12:11,Willow Ave & Highland Ave,Somerville,MA,1,1,3,2,1,3,2,2,99,,1,1,,,,,,,,,,,,,,,,,0,0,0,,,,,0,,,,,,,,,,,,,,,,,,,,,,0,
10/14/2014,11:41,180 Elm St,Somerville,MA,2,1,1,1,2,4,2,1,1,,2,4,,,,,,,,,,,,,,,,,0,0,0,,,,,0,,,,,,,,,,,,,,,,,,,,,,0,
10/14/2014,18:42,Beacon St & Washington St,Somerville,MA,1,1,3,2,2,1,1,1,1,,,,,,,,,,,,,,,,,,,,0,1,0,1,1,,2,1,,1,65,4,1,,,,,,,,,,,,,,,,,0,
10/12/2014,16:36,Grand Union Blvd & Foley St,Somerville,MA,1,1,2,2,1,3,2,1,4,,2,1,,,,,,,,,,,,,,,,,0,0,0,,,,,0,,,,,,,,,,,,,,,,,,,,,,0,
10/12/2014,8:53,Temple St & Heath St,Somerville,MA,1,1,2,3,1,3,2,1,99,,1,99,,,,,,,,,,,,,,,,,0,0,0,,,,,1,,0,27,4,0,,,,,,,,,,,,,,,,,0,
10/10/2014,16:11,Broadway & Boston Ave,Somerville,MA,1,1,3,2,1,2,2,2,5,19,2,1,,,,,,,,,,,,,,,,,0,0,0,,,,,0,,,,,,,,,,,,,,,,,,,,,,0,
10/9/2014,20:29,Park St & Beacon St,Somerville,MA,1,1,3,3,1,3,2,1,7,19,1,1,,,,,,,,,,,,,,,,,0,0,0,,,,,0,,,,,,,,,,,,,,,,,,,,,,0,
10/8/2014,9:27,86 Myrtle St,Somerville,MA,1,1,1,1,1,1,1,2,1,,,,,,,,,,,,,,,,,,,,1,0,0,4,2,,3,1,,0,29,4,1,,,,,,,,,,,,,,,,,0,
10/7/2014,9:19,Washington St & Beacon St,Somerville,MA,2,1,3,1,1,1,1,1,97,,,,,,,,,,,,,,,,,,,,1,0,0,4,2,,3,1,,0,39,4,1,,,,,,,,,,,,,,,,,0,
10/6/2014,7:15,Morrison Ave & Rogers Ave,Somerville,MA,1,1,1,3,1,6,2,2,1,,1,13,,,,,,,,,,,,,,,,,0,0,0,,,,,0,,,,,,,,,,,,,,,,,,,,,,0,
10/6/2014,18:17,Webster Ave & Columbia St,Somerville,MA,1,1,2,3,1,3,3,1,4,,2,1,,1,,,,,,,,,,,,,,,0,0,0,,,,,0,,,,,,,,,,,,,,,,,,,,,,0,
10/4/2014,15:36,304 Beacon St,Somerville,MA,3,2,1,1,2,4,1,1,19,,,,,,,,,,,,,,,,,,,,1,0,0,10,2,,3,1,,1,27,3,1,,,,,,,,,,,,,,,,,0,
10/3/2014,8:00,80 Highland Ave,Somerville,MA,1,1,1,1,1,4,2,1,16,,1,1,,,,,,,,,,,,,,,,,0,0,0,,,,,0,,,,,,,,,,,,,,,,,,,,,,0,
10/2/2014,10:25,43 Pinckney St,Somerville,MA,3,2,1,1,1,4,2,6,1,,1,,,,,,,,,,,,,,,,,,0,0,0,,,,,0,,,,,,,,,,,,,,,,,,,,,,1,"City vehicle opened door in movement, stricking mirror of vehicle 2"
10/1/2014,21:10,College Ave & Morrison Ave,Somerville,MA,1,1,2,3,1,3,2,1,99,,,,,,,,,,,,,,,,,,,,0,0,0,,,,,0,,,,,,,,,,,,,,,,,,,,,,0,
10/1/2014,10:00,Cummings St & Middlesex Ave,Somerville,MA,3,2,2,3,1,3,2,1,99,,1,99,,,,,,,,,,,,,,,,,0,0,0,,,,,0,,,,,,,,,,,,,,,,,,,,,,0,
9/28/2014,17:55,Broadway & School St,Somerville,MA,1,1,3,2,3,2,3,1,1,,1,1,,1,1,,,,,,,,,,,,,,0,0,0,,,,,1,2,0,21,4,0,0,31,4,0,,,,,,,,,,,,,0,
9/28/2014,10:33,Webster Ave & Newton St,Somerville,MA,1,1,1,2,1,1,1,1,2,,,,,,,,,,,,,,,,,,,,0,0,1,,,Guard rail,,0,,,,,,,,,,,,,,,,,,,,,,0,
9/27/2014,4:45,Cross St & Flint St,Somerville,MA,1,1,1,2,1,4,2,1,99,,1,1,,,,,,,,,,,,,,,,,0,0,0,,,,,0,,,,,,,,,,,,,,,,,,,,,,0,
9/27/2014,17:22,9 Lovell St,Somerville,MA,1,1,1,1,4,4,2,2,97,,1,1,,,,,,,,,,,,,,,,,0,0,0,,,,,0,,,,,,,,,,,,,,,,,,,,,,1,Cruiser struck parked MV while parking
9/26/2014,15:40,Powderhouse Blvd & Curtis St,Somerville,MA,99,99,99,99,99,unk,2,1,4,,2,1,,,,,,,,,,,,,,,,,0,0,0,,,,,1,,0,19,4,1,,,,,,,,,,,,,,,,,0,
9/26/2014,19:45,417 Highland Ave,Somerville,MA,1,1,3,1,4,1,1,1,1,,,,,,,,,,,,,,,,,,,,0,1,0,4,1,,5,0,,,,,,,,,,,,,,,,,,,,,,0,
9/25/2014,16:45,Elm St & Linden Ave,Somerville,MA,1,1,1,3,1,2,2,1,1,,2,19,,,,,,,,,,,,,,,,,0,0,0,,,,,0,,,,,,,,,,,,,,,,,,,,,,0,
9/24/2014,12:27,Walnut St & Grandview Ave,Somerville,MA,1,1,1,3,4,1,1,2,1,,,,,,,,,,,,,,,,,,,,1,0,0,2,1,,5,1,,1,25,4,0,,,,,,,,,,,,,,,,,0,
9/22/2014,9:30,175 Fellsway,Somerville,MA,1,1,1,2,3,2,2,4,1,,1,1,,,,,,,,,,,,,,,,,0,0,0,,,,,0,,,,,,,,,,,,,,,,,,,,,,0,
9/21/2014,2:11,44 Paulina St,Somerville,MA,1,1,1,1,4,2,2,1,99,,,,,,,,,,,,,,,,,,,,0,0,0,,,,,0,,,,,,,,,,,,,,,,,,,,,,0,
9/19/2014,11:25,Broadway & Cross St,Somerville,MA,1,1,3,2,3,3,2,1,4,,2,1,,,,,,,,,,,,,,,,,0,0,0,,,,,1,,0,49,4,1,,,,,,,,,,,,,,,,,0,
9/19/2014,23:37,86 Elm St,Somerville,MA,1,1,6,1,1,3,2,1,1,,1,3,6,,,,,,,,,,,,,,,,0,0,0,,,,,0,,,,,,,,,,,,,,,,,,,,,,0,
9/18/2014,22:54,225 Elm St,Somerville,MA,1,1,1,1,4,2,2,1,5,,97,1,,,,,,,,,,,,,,,,,0,0,0,,,,,0,,,,,,,,,,,,,,,,,,,,,,1,Driver rear-ended DPW vehicle
9/17/2014,13:47,Washington St & Rossmore St,Somerville,MA,1,1,1,3,1,2,4,2,97,,2,1,,1,,,1,,,,,,,,,,,,0,0,0,,,,,0,,,,,,,,,,,,,,,,,,,,,,0,
9/15/2014,15:05,Somerville Ave & Craigie St,Somerville,MA,2,1,2,3,1,1,2,6,99,,2,,,,,,,,,,,,,,,,,,0,0,0,,,,,0,,,,,,,,,,,,,,,,,,,,,,0,
9/14/2014,10:15,517 Medford St,Somerville,MA,1,1,1,1,1,4,2,2,1,,1,1,,,,,,,,,,,,,,,,,0,0,0,,,,,0,,,,,,,,,,,,,,,,,,,,,,0,
9/12/2014,5:30,124 Cross St,Somerville,MA,1,1,1,1,1,3,3,1,99,,1,99,,,,,,,,,,,,,,,,,0,0,0,,,,,0,,,,,,,,,,,,,,,,,,,,,,0,
9/12/2014,15:10,292 Broadway,Somerville,MA,1,1,1,3,2,2,2,6,99,,1,1,,,,,,,,,,,,,,,,,0,0,0,,,,,0,,,,,,,,,,,,,,,,,,,,,,0,
9/11/2014,13:20,100 Highland Ave,Somerville,MA,2,1,3,1,1,4,2,6,99,,4,99,,,,,,,,,,,,,,,,,0,0,0,,,,,0,,,,,,,,,,,,,,,,,,,,,,1,MBTA bus rendered door of parked DPW vehicle inoperable
9/10/2014,18:02,Somerville Ave & Properzi Way,Somerville,MA,1,1,1,3,1,1,1,2,4,19,,,,,,,,,,,,,,,,,,,1,0,0,10,1,,2,1,,1,25,2,1,,,,,,,,,,,,,,,,,0,
9/9/2014,7:20,Broadway & Charles E. Ryan Rd,Somerville,MA,1,1,2,3,1,6,2,2,9,,2,1,,,,,,,,,,,,,,,,,0,0,0,,,,,0,,,,,,,,,,,,,,,,,,,,,,0,
9/8/2014,13:38,1374 Broadway,Somerville,MA,1,1,1,1,1,1,1,1,4,,,,,,,,,,,,,,,,,,,,0,1,0,3,1,,2,1,,0,59,4,1,,,,,,,,,,,,,,,,,0,
9/6/2014,8:07,37 Flint St,Somerville,MA,1,1,1,1,1,3,2,6,18,,1,1,,,,,,,,,,,,,,,,,0,0,0,,,,,0,,,,,,,,,,,,,,,,,,,,,,0,
9/6/2014,9:55,406 Washington St,Somerville,MA,1,1,3,1,2,1,2,1,1,,1,1,,,,,,,,,,,,,,,,,0,0,0,,,,,0,,,,,,,,,,,,,,,,,,,,,,0,
9/6/2014,13:44,Grand Union Blvd & Great River Rd,Somerville,MA,1,1,5,7,2,2,2,1,1,,2,99,,,,,,,,,,,,,,,,,0,0,0,,,,,0,,,,,,,,,,,,,,,,,,,,,,0,
9/5/2014,6:05,Quincy St & Summer St,Somerville,MA,1,1,1,3,1,3,2,1,1,,2,97,,,,,,,,,,,,,,,,,0,0,0,,,,,0,,,,,,,,,,,,,,,,,,,,,,0,
9/3/2014,17:15,Webster Ave & Columbia St,Somerville,MA,1,1,1,3,1,2,1,2,99,,,,,,,,,,,,,,,,,,,,1,0,0,2,1,,1,1,,0,32,4,0,,,,,,,,,,,,,,,,,0,
9/2/2014,20:15,76 Cross St,Somerville,MA,1,2,1,1,1,4,2,2,99,,2,1,,,,,,,,,,,,,,,,,0,0,0,,,,,0,,,,,,,,,,,,,,,,,,,,,,0,
9/1/2014,23:30,Somerville Ave & Cragie St,Somerville,MA,1,1,1,1,1,2,2,1,10,,1,1,,,,,,,,,,,,,,,,,0,0,0,,,,,0,,,,,,,,,,,,,,,,,,,,,,0,
8/31/2014,21:57,Dover St & Elm St,Somerville,MA,3,2,3,3,4,1,1,2,1,,,,,,,,,,,,,,,,,,,,0,1,0,4,1,,2,1,,1,54,3,1,,,,,,,,,,,,,,,,,0,
8/30/2014,17:13,Washington St & Dane St,Somerville,MA,1,1,3,2,1,3,2,1,4,,2,1,,,,,,,,,,,,,,,,,0,0,0,,,,,0,,,,,,,,,,,,,,,,,,,,,,0,
8/29/2014,16:36,Elm St & Willow Ave,Somerville,MA,1,1,2,2,1,3,2,1,4,,3,1,,,,,,,,,,,,,,,,,0,0,1,2,1,Motorcycle,5,1,,1,30,3,1,,,,,,,,,,,,,,,,,0,
8/29/2014,16:36,Broadway & Fellsway West,Somerville,MA,1,1,2,3,2,3,2,2,1,,1,1,,,,,,,,,,,,,,,,,0,0,0,,,,,1,,1,8,4,0,,,,,,,,,,,,,,,,,0,
8/28/2014,18:03,Broadway & Cross St,Somerville,MA,1,1,3,2,1,3,2,1,13,,1,1,,,,,,,,,,,,,,,,,0,0,0,,,,,1,,0,36,4,1,,,,,,,,,,,,,,,,,0,
8/27/2014,8:42,41 School St,Somerville,MA,1,1,1,1,4,3,2,2,97,,2,1,,,,,,,,,,,,,,,,,1,0,0,4,2,,3,1,,0,36,4,1,,,,,,,,,,,,,,,,,0,
8/26/2014,21:28,14 Broadway,Somerville,MA,1,1,1,1,4,4,2,1,4,,1,97,,,,,,,,,,,,,,,,,0,0,0,,,,,0,,,,,,,,,,,,,,,,,,,,,,0,
8/26/2014,18:40,65 Temple St,Somerville,MA,1,1,1,1,1,2,2,2,19,,2,1,,,,,,,,,,,,,,,,,0,1,0,4,1,,5,1,2,1,45,2,1,0,23,3,0,,,,,,,,,,,,,0,"MV 2 struck MV 1, bumping into pedestrian; 1 ped injury; driver taken to hospital, ped treated on scene"
8/22/2014,9:35,25 Webster Ave,Somerville,MA,2,1,1,1,4,1,1,2,4,,,,,,,,,,,,,,,,,,,,1,0,0,10,2,,1,1,,0,24,4,1,,,,,,,,,,,,,,,,,0,
8/21/2014,10:02,177 Middlesex Ave,Somerville,MA,1,1,2,2,1,3,2,1,99,,2,99,,,,,,,,,,,,,,,,,0,0,0,,,,,1,,0,57,4,0,,,,,,,,,,,,,,,,,0,
8/21/2014,17:13,Spring St & Pitman St,Somerville,MA,1,1,2,3,4,3,3,1,1,,1,1,,1,1,,,,,,,,,,,,,,0,0,0,,,,,0,,,,,,,,,,,,,,,,,,,,,,0,
8/20/2014,18:14,570 Somerville Ave,Somerville,MA,1,1,1,9,1,1,1,2,4,13,,,,,,,,,,,,,,,,,,,1,0,0,10,2,,2,1,,1,23,3,1,,,,,,,,,,,,,,,,,0,
8/19/2014,18:56,Washington St & New Washington St,Somerville,MA,1,1,1,3,1,2,2,1,19,,2,1,,,,,,,,,,,,,,,,,0,0,0,,,,,0,,,,,,,,,,,,,,,,,,,,,,0,
8/17/2014,19:38,Middlesex Ave,Somerville,MA,1,1,1,1,1,3,2,2,1,,2,6,,,,,,,,,,,,,,,,,0,0,0,,,,,0,,,,,,,,,,,,,,,,,,,,,,0,
8/14/2014,13:25,181 SOMERVILLE AVENUE,Somerville,MA,1,1,1,1,1,1,1,2,1,,,,,,,,,,,,,,,,,,,,0,0,1,,,Bus shelter,,0,,,,,,,,,,,,,,,,,,,,,,0,
8/13/2014,19:17,225 Highland Ave,Somerville,MA,3,2,1,1,2,4,2,1,1,,1,1,,,,,,,,,,,,,,,,,0,0,0,,,,,1,,1,27,4,1,0,23,4,0,,,,,,,,,,,,,0,
8/13/2014,12:29,Central St & Medford St,Somerville,MA,3,2,3,2,1,1,1,8,9,,,,,,,,,,,,,,,,,,,,0,0,1,,,Traffic signal,,0,,,,,,,,,,,,,,,,,,,,,,0,
8/12/2014,15:53,91 Holland St,Somerville,MA,1,1,1,1,1,3,1,1,19,4,,,,,,,,,,,,,,,,,,,1,0,0,4,2,,3,1,,1,31,3,1,,,,,,,,,,,,,,,,,0,
8/12/2014,13:40,265 Willow Ave,Somerville,MA,2,1,1,1,1,2,2,7,99,,1,1,,,,,,,,,,,,,,,,,0,0,0,,,,,1,,1,29,4,1,,,,,,,,,,,,,,,,,0,
8/12/2014,20:57,364 Medford St,Somerville,MA,99,1,99,3,99,3,2,4,1,,1,,,,,,,,,,,,,,,,,,0,0,0,,,,,0,,,,,,,,,,,,,,,,,,,,,,1,City vehicle struck front side of parked MV while pulling into curb
8/11/2014,11:56,195 Elm St,Somerville,MA,1,1,1,1,1,1,1,1,99,,,,,,,,,,,,,,,,,,,,0,0,1,,,Parking meter,,0,,,,,,,,,,,,,,,,,,,,,,0,
8/8/2014,16:00,Mt. Vernon St & Lombardi Way,Somerville,MA,99,1,3,2,2,1,1,99,99,,,,,,,,,,,,,,,,,,,,0,0,1,,,Curb/traffic signal,,0,,,,,,,,,,,,,,,,,,,,,,0,
8/8/2014,17:07,884 Broadway,Somerville,MA,1,1,1,1,1,1,1,2,4,,,,,,,,,,,,,,,,,,,,1,0,0,10,2,,1,1,,0,32,3,1,,,,,,,,,,,,,,,,,0,
8/8/2014,18:15,Broadway & McGrath Hwy,Somerville,MA,1,1,1,2,3,3,2,1,4,,2,3,,,,,,,,,,,,,,,,,0,0,0,,,,,0,,,,,,,,,,,,,,,,,,,,,,0,
8/6/2014,14:50,Somerville Ave & Beech St,Somerville,MA,3,2,3,3,1,1,1,1,1,,,,,,,,,,,,,,,,,,,,0,0,1,,,"Hydrant, fence",,0,,,,,,,,,,,,,,,,,,,,,,0,