Date,Time,Location,City,State,Weather (2&3),Road Surface (6),Traffic Control Device (4),Intersection Type (7),Traffic Way Desc (8),Collision Manner (11),# of Involved Vehicles,Vehicle1 Configuration (21),Driver1 Contrib Code1 (25),Driver1 Contrib Code2 (25),Vehicle2 Configuration (21),Driver2 Contrib Code1 (25),Driver2 Contrib Code2 (25),Vehicle3 Configuration (21),Driver3 Contrib Code1 (25),Driver3 Contrib Code2 (25),Vehicle4 Configuration (21),Driver4 Contrib Code1 (25),Driver4 Contrib Code2 (25),Vehicle5 Configuration (21),Driver5 Contrib Code1 (25),Driver5 Contrib Code2 (25),Vehicle6 Configuration (21),Driver6 Contrib Code1 (25),Driver6 Contrib Code2 (25),Vehicle7 Configuration (21),Driver7 Contrib Code1 (25),Driver7 Contrib Code2 (25),Bicycle,Pedestrian,Non-MV,Non-Motorist Location (16),Non-Motorist Action (15),Non-Motorist Type,Manner of Non-Motorist (Person) Collision,Injury,Multiple,Gender1,Age1,Severity1,Hospital1,Gender2,Age2,Severity2,Hospital2,Gender3,Age3,Severity3,Hospital3,Gender4,Age4,Severity4,Hospital4,Gender5,Age5,Severity5,Hospital5,City Vehicle?,Notes
8/5/2014,1:45,Elm St & Somerville Ave,Somerville,MA,1,1,1,1,2,1,1,1,1,,,,,,,,,,,,,,,,,,,,0,0,1,,,Median/Curb,,1,,0,24,3,0,,,,,,,,,,,,,,,,,0,
8/4/2014,7:51,303 Beacon St,Somerville,MA,1,1,1,1,1,4,2,7,9,,1,1,,,,,,,,,,,,,,,,,0,0,0,,,,,0,,,,,,,,,,,,,,,,,,,,,,0,
8/3/2014,10:05,Lewis St & Magnus Ave,Somerville,MA,2,1,1,1,4,4,2,6,1,,2,1,,,,,,,,,,,,,,,,,0,0,0,,,,,0,,,,,,,,,,,,,,,,,,,,,,1,Fire truck struck parked car while responding to call
8/3/2014,22:00,Memorial Rd & River Rd,Somerville,MA,1,1,1,3,4,1,1,2,1,,,,,,,,,,,,,,,,,,,,0,0,1,2,1,Scooter,5,1,,1,16,4,1,,,,,,,,,,,,,,,,,0,
8/3/2014,17:28,Highland Ave & Prescott St,Somerville,MA,2,1,2,3,1,99,1,1,1,,,,,,,,,,,,,,,,,,,,0,0,1,1,1,Skateboarder,5,1,,1,24,4,1,,,,,,,,,,,,,,,,,0,
8/2/2014,12:04,12 Newbury St,Somerville,MA,1,1,1,1,4,4,2,1,12,,2,99,,,,,,,,,,,,,,,,,0,0,0,,,,,0,,,,,,,,,,,,,,,,,,,,,,0,
8/2/2014,1:17,Day St & Orchard St,Somerville,MA,1,1,2,3,1,1,2,1,99,,1,99,,,,,,,,,,,,,,,,,0,0,0,,,,,0,,,,,,,,,,,,,,,,,,,,,,0,
7/31/2014,9:29,Broadway & Clarendon Ave,Somerville,MA,1,1,1,1,1,1,2,1,1,,5,1,,,,,,,,,,,,,,,,,0,0,0,,,,,0,,,,,,,,,,,,,,,,,,,,,,0,
7/28/2014,11:14,Webster Ave & Norfolk St,Somerville,MA,1,1,2,3,1,3,2,2,9,,1,1,,,,,,,,,,,,,,,,,0,0,0,,,,,0,,,,,,,,,,,,,,,,,,,,,,0,
7/27/2014,21:07,460 Medford St,Somerville,MA,2,1,1,1,1,1,2,1,14,23,,,,,,,,,,,,,,,,,,,0,0,0,99,97,,,1,,0,28,3,1,,,,,,,,,,,,,,,,,0,
7/27/2014,16:33,12 Putnam St,Somerville,MA,1,1,1,1,1,4,2,1,20,19,,1,,,,,,,,,,,,,,,,,0,0,0,,,,,0,,,,,,,,,,,,,,,,,,,,,,0,
7/26/2014,3:09,6 Summer St,Somerville,MA,1,1,2,3,1,6,3,2,97,,1,1,,,,,,,,,,,,,,,,,0,0,0,,,,,0,,,,,,,,,,,,,,,,,,,,,,0,
7/21/2014,8:14,Bowers Ave & Elm St,Somerville,MA,1,1,2,2,4,1,1,10,1,,,,,,,,,,,,,,,,,,,,0,0,1,,,Light pole,,0,,,,,,,,,,,,,,,,,,,,,,0,
7/20/2014,8:18,113 Washington Street,Somerville,MA,2,1,1,1,1,3,2,1,1,,2,1,,,,,,,,,,,,,,,,,0,0,0,,,,,0,,,,,,,,,,,,,,,,,,,,,,0,
7/17/2014,17:30,155 Beacon St,Somerville,MA,1,1,1,1,1,2,2,1,1,,2,5,,,,,,,,,,,,,,,,,0,0,0,,,,,0,,,,,,,,,,,,,,,,,,,,,,0,
7/16/2014,11:15,590 Broadway,Somerville,MA,3,2,3,1,1,2,2,2,5,,1,1,,,,,,,,,,,,,,,,,0,0,0,,,,,0,,,,,,,,,,,,,,,,,,,,,,0,
7/16/2014,17:05,241 Beacon St,Somerville,MA,3,2,4,1,1,99,1,1,99,,,99,,,,,,,,,,,,,,,,,1,0,0,10,2,,3,1,,1,25,4,1,,,,,,,,,,,,,,,,,0,
7/15/2014,16:43,College Ave & Francesca Ave,Somerville,MA,1,1,1,3,1,2,2,2,21,,1,,,,,,,,,,,,,,,,,,0,0,0,,,,,1,,1,51,3,1,,,,,,,,,,,,,,,,,0,
7/14/2014,19:21,Conwell Ave & Hillside Rd,Somerville,MA,2,2,1,3,1,1,1,2,19,,,,,,,,,,,,,,,,,,,,0,0,1,,,Stop sign & storefront,,0,,,,,,,,,,,,,,,,,,,,,,0,
7/14/2014,15:30,Prospect St & Somerville Ave,Somerville,MA,1,1,3,2,4,1,1,2,4,,,,,,,,,,,,,,,,,,,,0,1,0,1,1,,4,1,,1,48,3,0,,,,,,,,,,,,,,,,,0,
7/12/2014,21:11,15 Central St,Somerville,MA,1,1,1,3,4,2,3,2,9,10,1,,,,,,,,,,,,,,,,,,0,0,0,,,,,0,,,,,,,,,,,,,,,,,,,,,,0,
7/11/2014,8:57,855 Broadway,Somerville,MA,1,1,3,7,2,1,1,4,99,,,,,,,,,,,,,,,,,,,,0,0,0,,,Pole,,0,,,,,,,,,,,,,,,,,,,,,,0,MBTA bus hit pole
7/10/2014,9:31,115 Shore Dr,Somerville,MA,1,1,1,1,2,4,3,1,97,,2,,,1,,,,,,,,,,,,,,,0,0,0,,,,,0,,,,,,,,,,,,,,,,,,,,,,0,
7/8/2014,16:03,Broadway & Winchester St,Somerville,MA,1,1,2,3,1,3,2,2,4,,1,1,,,,,,,,,,,,,,,,,0,0,0,,,,,0,,,,,,,,,,,,,,,,,,,,,,0,
7/8/2014,8:59,Webster Ave & Prospect St,Somerville,MA,1,1,3,2,4,3,2,2,1,,,8,,,,,,,,,,,,,,,,,1,0,0,2,1,,5,0,,,,,,,,,,,,,,,,,,,,,,0,
7/7/2014,13:40,402 Washington St,Somerville,MA,1,1,1,1,1,2,2,1,9,,,,,,,,,,,,,,,,,,,,0,0,0,,,,,1,,0,69,3,1,,,,,,,,,,,,,,,,,0,
7/3/2014,10:00,Somerville Ave & Laurel St,Somerville,MA,2,1,1,3,1,2,2,1,5,,1,1,,,,,,,,,,,,,,,,,0,0,0,,,,,0,,,,,,,,,,,,,,,,,,,,,,0,
7/2/2014,14:30,Artisan Way,Somerville,MA,1,1,1,1,1,1,1,97,19,,,,,,,,,,,,,,,,,,,,0,0,1,9,97,Fire Pull Box,,0,,,,,,,,,,,,,,,,,,,,,,0,
7/2/2014,11:41,Summer St & Central St,Somerville,MA,1,1,3,2,1,3,2,99,99,,99,99,,,,,,,,,,,,,,,,,0,0,0,,,,,0,,,,,,,,,,,,,,,,,,,,,,1,"DPW possibly ran red light, striking vehicle passing through intersection"
6/28/2014,12:05,751 Somerville Ave,Somerville,MA,unk,unk,unk,unk,unk,unk,2,1,1,,1,1,,,,,,,,,,,,,,,,,0,0,0,,,,,0,,,,,,,,,,,,,,,,,,,,,,0,
6/28/2014,5:58,Washington St & Inner Belt Rd,Somerville,MA,1,1,3,3,1,6,2,1,4,,1,1,,,,,,,,,,,,,,,,,0,0,0,,,,,1,2,0,31,4,1,0,28,4,1,,,,,,,,,,,,,0,
6/27/2014,10:13,12 Warwick St,Somerville,MA,1,1,1,1,4,3,2,8,12,,1,,,,,,,,,,,,,,,,,,0,0,0,,,,,0,,,,,,,,,,,,,,,,,,,,,,0,
6/26/2014,11:15,163 Washington St,Somerville,MA,2,1,1,1,1,3,2,1,6,4,1,1,,,,,,,,,,,,,,,,,0,0,0,,,,,0,,,,,,,,,,,,,,,,,,,,,,0,
6/25/2014,9:09,491 Broadway,Somerville,MA,1,1,3,1,1,3,2,2,9,97,3,1,,,,,,,,,,,,,,,,,0,0,1,4,2,Moped,7,1,,1,70,4,1,,,,,,,,,,,,,,,,,0,
6/25/2014,13:09,355 Highland Ave,Somerville,MA,1,1,1,1,2,2,2,1,99,,1,,,,,,,,,,,,,,,,,,0,0,0,,,,,1,,0,61,4,1,,,,,,,,,,,,,,,,,0,
6/25/2014,18:19,303 Washington St,Somerville,MA,1,1,1,1,1,7,2,2,99,,1,,,,,,,,,,,,,,,,,,0,0,0,,,,,0,,,,,,,,,,,,,,,,,,,,,,0,
6/24/2014,16:24,Elm St & Moreland St,Somerville,MA,unk,unk,unk,unk,unk,unk,1,7,99,,,,,,,,,,,,,,,,,,,,1,0,0,2,1,,1,0,,,,,,,,,,,,,,,,,,,,,,0,
6/22/2014,23:36,Holland St & Claremon St,Somerville,MA,1,1,1,3,1,unk,3,1,21,16,2,1,,1,1,,,,,,,,,,,,,,0,0,0,,,,,1,,0,29,3,1,,,,,,,,,,,,,,,,,0,
6/21/2014,18:08,645 Broadway,Somerville,MA,1,1,3,1,2,2,2,1,99,,1,99,,,,,,,,,,,,,,,,,0,0,0,,,,,0,,,,,,,,,,,,,,,,,,,,,,0,
6/21/2014,22:21,Dane St & Tyler St,Somerville,MA,1,1,1,3,1,2,2,3,99,,1,1,,,,,,,,,,,,,,,,,0,0,0,,,,,1,,1,47,4,1,0,0,5,1,,,,,,,,,,,,,0,
6/21/2014,19:43,369 Broadway,Somerville,MA,1,1,1,1,99,3,2,1,13,,1,,,,,,,,,,,,,,,,,,0,0,0,,,,,0,,,,,,,,,,,,,,,,,,,,,,0,
6/20/2014,18:05,Highland Ave & Willow Ave,Somerville,MA,1,1,3,2,1,2,2,1,5,20,1,1,,,,,,,,,,,,,,,,,0,0,0,,,,,0,,,,,,,,,,,,,,,,,,,,,,0,
6/20/2014,7:49,Temple St & Jaques St,Somerville,MA,1,1,3,2,1,1,1,1,4,,,,,,,,,,,,,,,,,,,,0,1,0,1,1,,1,1,,0,57,4,1,,,,,,,,,,,,,,,,,0,
6/20/2014,18:07,Somerville Ave & Dane St,Somerville,MA,1,1,3,3,2,6,2,1,13,,,,,,,,,,,,,,,,,,,,1,0,0,2,1,,2,1,,0,19,3,1,,,,,,,,,,,,,,,,,0,
6/19/2014,18:50,Somerville Ave & Spring St,Somerville,MA,1,1,2,3,1,3,2,1,3,10,1,1,,,,,,,,,,,,,,,,,0,0,0,,,,,1,,0,71,3,1,,,,,,,,,,,,,,,,,0,
6/19/2014,16:59,Somerville Ave & Park St,Somerville,MA,1,1,3,3,1,1,1,1,1,,,3,,,,,,,,,,,,,,,,,1,0,0,2,1,,2,1,,1,28,3,1,,,,,,,,,,,,,,,,,0,
6/19/2014,17:29,195 Highland Ave,Somerville,MA,2,2,2,3,1,3,1,1,4,,,,,,,,,,,,,,,,,,,,1,0,0,4,2,,3,1,,0,25,4,0,,,,,,,,,,,,,,,,,0,
6/18/2014,11:21,Holland St & Buena Vista Rd,Somerville,MA,1,1,1,3,1,3,2,1,99,,1,99,,,,,,,,,,,,,,,,,0,0,0,,,,,1,2,0,11,3,1,0,44,3,0,,,,,,,,,,,,,0,
6/18/2014,11:31,Broadway & Walnut St,Somerville,MA,1,1,"2,4",3,3,3,2,2,97,,2,4,,,,,,,,,,,,,,,,,0,0,0,,,,,1,,1,52,3,1,,,,,,,,,,,,,,,,,1,"MV struck cruiser, entering intersection w. blue lights; sight blocked by fire truck"
6/18/2014,17:19,Walnut St & Highland Ave,Somerville,MA,1,1,1,1,4,4,2,1,19,,2,1,,,,,,,,,,,,,,,,,0,0,0,,,,,0,,,,,,,,,,,,,,,,,,,,,,0,
6/17/2014,12:15,New Washington St & Cobble Hill Rd,Somerville,MA,1,1,1,3,1,4,2,1,99,,6,99,,,,,,,,,,,,,,,,,0,0,0,,,,,0,,,,,,,,,,,,,,,,,,,,,,0,
6/16/2014,14:30,Webster Ave & Prospect St,Somerville,MA,1,1,3,2,1,1,1,2,1,,,1,,,,,,,,,,,,,,,,,1,0,0,2,1,,1,1,,0,28,3,99,,,,,,,,,,,,,,,,,0,
6/16/2014,18:50,182 Washington St,Somerville,MA,1,1,1,1,1,4,2,1,99,,1,99,,,,,,,,,,,,,,,,,0,0,0,,,,,0,,,,,,,,,,,,,,,,,,,,,,0,
6/16/2014,8:08,366 Broadway,Somerville,MA,1,1,1,1,2,4,2,1,1,,4,99,,,,,,,,,,,,,,,,,0,0,0,,,,,0,,,,,,,,,,,,,,,,,,,,,,0,MBTA bus sideswipped parked vehicle
6/15/2014,12:20,100 Cross St,Somerville,MA,1,1,1,1,1,3,2,1,12,,2,,,,,,,,,,,,,,,,,,0,0,0,,,,,0,,,,,,,,,,,,,,,,,,,,,,0,
6/15/2014,20:20,River Rd & Canal Ln,Somerville,MA,1,1,1,4,1,5,3,1,6,9,2,1,,1,1,,,,,,,,,,,,,,0,0,0,,,,,0,,,,,,,,,,,,,,,,,,,,,,0,
6/15/2014,18:08,7 Union Sq,Somerville,MA,1,1,1,9,1,1,1,1,4,,,,,,,,,,,,,,,,,,,,1,0,0,4,2,,2,1,,1,60,3,1,,,,,,,,,,,,,,,,,0,
6/14/2014,11:18,Cross St & Ellsworth St,Somerville,MA,2,1,1,2,1,3,1,1,99,,,,,,,,,,,,,,,,,,,,0,1,0,1,1,,5,1,,0,2,2,1,,,,,,,,,,,,,,,,,0,
6/14/2014,20:30,Washington St & Webster Ave,Somerville,MA,1,1,3,2,3,1,1,1,1,,,3,,,,,,,,,,,,,,,,,1,0,0,2,1,,5,1,,1,24,99,99,,,,,,,,,,,,,,,,,0,
6/13/2014,5:55,Somerville Ave & Hawkins St,Somerville,MA,3,2,1,1,1,3,2,1,1,,1,1,,,,,,,,,,,,,,,,,0,0,0,,,,,0,,,,,,,,,,,,,,,,,,,,,,0,
6/13/2014,12:06,261 Washington St,Somerville,MA,3,2,1,1,1,4,2,1,99,,2,4,,,,,,,,,,,,,,,,,0,0,0,,,,,0,,0,26,4,0,,,,,,,,,,,,,,,,,0,
6/13/2014,8:46,131 Central St,Somerville,MA,1,2,1,1,1,3,2,1,1,,1,4,,,,,,,,,,,,,,,,,0,0,0,,,,,0,,,,,,,,,,,,,,,,,,,,,,0,
6/12/2014,7:30,Broadway & Boston Ave,Somerville,MA,3,2,3,2,1,6,2,1,1,,1,1,,,,,,,,,,,,,,,,,0,0,0,,,,,0,,,,,,,,,,,,,,,,,,,,,,0,
6/12/2014,7:40,Broadway & Grant St,Somerville,MA,1,1,1,3,2,3,2,2,1,,1,4,,,,,,,,,,,,,,,,,0,0,0,,,,,0,,,,,,,,,,,,,,,,,,,,,,0,
6/12/2014,10:21,Dover St & Holland St,Somerville,MA,1,1,3,2,1,1,1,6,1,,,,,,,,,,,,,,,,,,,,0,1,0,1,1,,1,1,,0,90,1,1,,,,,,,,,,,,,,,,,0,
6/11/2014,9:10,Broadway & Wheatland St,Somerville,MA,1,1,2,3,2,3,2,1,18,,1,18,,,,,,,,,,,,,,,,,0,0,0,,,,,0,,,,,,,,,,,,,,,,,,,,,,0,
6/11/2014,17:35,59 Union Sq,Somerville,MA,1,1,3,1,1,2,2,1,1,,2,1,,,,,,,,,,,,,,,,,0,0,0,,,,,0,,,,,,,,,,,,,,,,,,,,,,0,
6/11/2014,14:51,699 Broadway,Somerville,MA,1,1,1,1,2,4,2,2,99,,1,99,,,,,,,,,,,,,,,,,0,0,0,,,,,1,,0,71,4,1,,,,,,,,,,,,,,,,,0,
6/9/2014,13:27,406 Highland Ave,Somerville,MA,1,1,1,1,4,1,1,1,1,,,,,,,,,,,,,,,,,,,,0,1,0,4,1,,5,1,,0,44,4,1,,,,,,,,,,,,,,,,,0,
6/7/2014,22:20,24 Lincoln St,Somerville,MA,2,1,1,1,4,4,3,2,97,,2,1,,2,97,,,,,,,,,,,,,,0,0,0,,,,,0,,,,,,,,,,,,,,,,,,,,,,0,
6/7/2014,9:51,Grand Union Blvd & Canal St,Somerville,MA,1,1,1,2,1,1,1,1,99,,,,,,,,,,,,,,,,,,,,0,1,0,4,1,,5,1,,0,4,4,1,,,,,,,,,,,,,,,,,0,
6/7/2014,15:20,480 Mystic Ave,Somerville,MA,1,1,1,1,2,2,2,1,1,,1,5,,,,,,,,,,,,,,,,,0,0,0,,,,,1,,1,55,3,1,,,,,,,,,,,,,,,,,1,Crusier rear-ended MV
6/6/2014,17:13,Elm St & Cherry St,Somerville,MA,1,1,2,3,1,1,1,2,4,,,,,,,,,,,,,,,,,,,,1,0,0,2,1,,5,1,,1,27,3,0,,,,,,,,,,,,,,,,,0,
6/5/2014,14:22,South St & Harding St,Somerville,MA,3,2,2,3,1,3,2,1,1,,1,3,4,,,,,,,,,,,,,,,,0,0,0,,,,,0,,,,,,,,,,,,,,,,,,,,,,0,
6/5/2014,13:10,Medford St & School St,Somerville,MA,3,2,3,2,1,2,4,1,1,,1,1,,2,5,99,1,1,,,,,,,,,,,0,0,0,,,,,0,,,,,,,,,,,,,,,,,,,,,,0,
6/5/2014,8:07,Mystic Ave & Lombardi Way,Somerville,MA,3,2,3,2,"3,4",3,2,1,99,,1,99,,,,,,,,,,,,,,,,,0,0,0,,,,,0,,,,,,,,,,,,,,,,,,,,,,0,
6/5/2014,16:07,59 North St,Somerville,MA,2,2,3,1,1,4,1,1,20,,,,,,,,,,,,,,,,,,,,0,0,1,,,Utility pole,,0,,,,,,,,,,,,,,,,,,,,,,0,
6/3/2014,18:38,New Washington St,Somerville,MA,2,1,1,1,2,1,1,2,99,,,,,,,,,,,,,,,,,,,,0,0,1,49,2,Dog,,0,,,,,,,,,,,,,,,,,,,,,,0,
6/2/2014,6:58,855 Broadway,Somerville,MA,1,1,1,7,4,2,2,2,99,,1,99,,,,,,,,,,,,,,,,,0,0,0,,,,,1,,1,52,4,1,,,,,,,,,,,,,,,,,0,
6/2/2014,9:13,Webster Ave & Newton St,Somerville,MA,1,1,2,2,1,3,2,1,4,,15,1,,,,,,,,,,,,,,,,,0,0,1,,,Moped,,1,2,1,37,4,0,0,34,4,0,,,,,,,,,,,,,0,
6/1/2014,4:50,McGrath Hwy & Chester Ave,Somerville,MA,1,1,3,3,3,2,2,1,1,,1,1,,,,,,,,,,,,,,,,,0,0,0,,,,,1,,0,30,3,1,,,,,,,,,,,,,,,,,0,
6/1/2014,13:54,61 Florence St,Somerville,MA,1,1,1,1,1,5,2,6,99,,2,1,,,,,,,,,,,,,,,,,0,0,0,,,,,0,,,,,,,,,,,,,,,,,,,,,,0,
6/1/2014,18:24,Bow St & Warren Ave,Somerville,MA,1,1,3,2,4,2,2,1,19,,1,1,,,,,,,,,,,,,,,,,0,0,0,,,,,1,,0,44,4,1,,,,,,,,,,,,,,,,,0,
5/28/2014,9:18,Dane Ave & Dane St,Somerville,MA,3,2,2,2,1,3,2,1,3,,2,1,,,,,,,,,,,,,,,,,0,0,0,,,,,0,,,,,,,,,,,,,,,,,,,,,,0,
5/28/2014,13:35,119 Beacon St,Somerville,MA,2,1,1,1,1,1,1,1,1,,,,,,,,,,,,,,,,,,,,1,0,0,2,1,,7,1,,1,56,4,1,,,,,,,,,,,,,,,,,0,
5/27/2014,15:46,237 Elm St,Somerville,MA,1,1,1,1,4,4,2,1,99,,,99,,,,,,,,,,,,,,,,,0,0,0,,,,,0,,,,,,,,,,,,,,,,,,,,,,0,
5/25/2014,19:35,Broadway & Garfield St,Somerville,MA,1,1,3,2,1,3,2,1,3,23,1,1,,,,,,,,,,,,,,,,,0,0,0,,,,,1,,0,16,2,1,,,,,,,,,,,,,,,,,0,
5/24/2014,13:55,280 Highland Ave,Somerville,MA,1,1,3,1,1,2,2,1,1,,2,10,,,,,,,,,,,,,,,,,0,0,0,,,,,1,,1,64,4,0,,,,,,,,,,,,,,,,,0,
5/24/2014,0:00,98 Albion St,Somerville,MA,1,1,1,1,4,4,2,1,99,,,,,,,,,,,,,,,,,,,,0,0,0,,,,,0,,,,,,,,,,,,,,,,,,,,,,0,
5/22/2014,19:32,Tremont St & Webster Ave,Somerville,MA,2,1,1,3,1,1,1,1,1,,,,,,,,,,,,,,,,,,,,1,0,0,2,1,,2,1,,1,33,3,1,,,,,,,,,,,,,,,,,0,
5/19/2014,12:16,Medford St & Partridge Ave,Somerville,MA,2,1,2,2,1,2,2,1,99,,1,99,,,,,,,,,,,,,,,,,0,0,0,,,,,1,2,1,78,4,1,1,6,4,1,,,,,,,,,,,,,0,
5/19/2014,18:28,Newton St & Webster St,Somerville,MA,2,1,2,3,4,99,2,1,99,,1,99,,,,,,,,,,,,,,,,,0,0,0,,,,,0,,,,,,,,,,,,,,,,,,,,,,0,
5/17/2014,16:28,289 Lowell St,Somerville,MA,1,1,1,1,1,4,2,1,10,9,2,,,,,,,,,,,,,,,,,,0,0,0,,,,,1,,1,47,4,1,,,,,,,,,,,,,,,,,0,
5/15/2014,18:34,74 Perkins St,Somerville,MA,99,99,99,99,99,99,1,1,99,,,,,,,,,,,,,,,,,,,,0,0,0,,,,,0,,,,,,,,,,,,,,,,,,,,,,0,
5/15/2014,15:10,Central St & Monmouth St,Somerville,MA,2,1,2,3,4,3,3,1,4,,2,1,,1,,,,,,,,,,,,,,,0,0,0,,,,,1,,1,88,3,0,,,,,,,,,,,,,,,,,0,
5/15/2014,10:35,Broadway & Temple St,Somerville,MA,1,1,3,3,2,2,2,1,97,,2,1,,,,,,,,,,,,,,,,,0,0,0,,,,,1,,1,44,4,1,,,,,,,,,,,,,,,,,0,
5/15/2014,18:00,Broadway & Warner St,Somerville,MA,1,1,4,7,4,3,1,2,1,,,9,,,,,,,,,,,,,,,,,1,0,0,4,2,,7,1,2,1,25,3,0,0,85,4,1,,,,,,,,,,,,,0,Bicyclist not tranported; driver was
5/15/2014,18:25,411 Highland Ave,Somerville,MA,1,1,1,1,4,3,1,1,97,,,,,,,,,,,,,,,,,,,,1,0,0,4,2,,3,1,,1,57,3,1,,,,,,,,,,,,,,,,,0,
5/14/2014,17:20,14 Hawkins St,Somerville,MA,1,1,1,1,4,3,3,1,4,,1,1,,1,,,,,,,,,,,,,,,0,0,0,,,,,0,,,,,,,,,,,,,,,,,,,,,,0,
5/14/2014,11:44,5 Cutter Ave,Somerville,MA,1,1,1,1,4,2,2,1,1,,2,99,,,,,,,,,,,,,,,,,0,0,0,,,,,1,,1,22,4,1,,,,,,,,,,,,,,,,,1,DPW rear-ended MV that stopped for pedestrian not in crosswalk
5/12/2014,17:09,120 Bartlett St,Somerville,MA,1,1,1,1,4,4,2,1,1,,2,,,,,,,,,,,,,,,,,,0,0,0,,,,,0,,,,,,,,,,,,,,,,,,,,,,0,
5/12/2014,17:03,Myrtle St & Washington St,Somerville,MA,1,1,1,3,1,1,1,1,19,,,,,,,,,,,,,,,,,,,,0,0,1,,,Sign,,1,,1,52,5,1,,,,,,,,,,,,,,,,,0,
5/11/2014,18:50,Meacham Rd & Orchard St,Somerville,MA,1,1,1,3,4,1,1,1,18,,,,,,,,,,,,,,,,,,,,0,1,0,4,6,,1,1,,1,23,4,0,,,,,,,,,,,,,,,,,0,
5/8/2014,8:31,Hall Ave & College Ave,Somerville,MA,1,1,2,3,1,3,2,1,1,,2,4,,,,,,,,,,,,,,,,,0,0,0,,,,,1,2,1,29,4,0,1,60,4,0,,,,,,,,,,,,,0,
5/7/2014,9:00,Webster Ave & Tremont St,Somerville,MA,1,1,1,4,2,4,2,1,19,,1,1,,,,,,,,,,,,,,,,,0,0,0,,,,,0,,,,,,,,,,,,,,,,,,,,,,0,
5/5/2014,8:18,201 Willow Ave,Somerville,MA,1,1,1,1,1,4,2,2,9,,2,1,,,,,,,,,,,,,,,,,0,0,0,,,,,0,,,,,,,,,,,,,,,,,,,,,,0,
5/5/2014,15:13,Grove St & Elm St,Somerville,MA,1,1,1,3,2,1,1,3,99,,,,,,,,,,,,,,,,,,,,0,0,1,4,2,Vespa Scooter,,1,,1,52,3,1,,,,,,,,,,,,,,,,,0,
5/4/2014,0:30,58 Bow St,Somerville,MA,1,1,1,1,4,4,4,2,1,,1,1,,1,1,,2,9,,,,,,,,,,,0,0,0,,,,,0,,,,,,,,,,,,,,,,,,,,,,0,
5/2/2014,6:10,Flint St & Glen St,Somerville,MA,1,1,2,2,1,6,4,1,4,,1,99,,1,1,,1,1,,,,,,,,,,,0,0,0,,,,,0,,,,,,,,,,,,,,,,,,,,,,0,
5/2/2014,21:40,Medford St,Somerville,MA,1,1,1,1,2,1,1,1,21,9,,,,,,,,,,,,,,,,,,,0,0,1,,,Tree,,0,,,,,,,,,,,,,,,,,,,,,,0,
5/1/2014,17:25,Broadway & College Ave,Somerville,MA,1,1,1,7,4,4,2,1,99,,2,99,,,,,,,,,,,,,,,,,0,0,0,,,,,1,,0,88,4,1,,,,,,,,,,,,,,,,,0,
4/30/2014,14:40,101 Highland Ave,Somerville,MA,2,1,1,1,1,4,2,1,99,,97,99,,,,,,,,,,,,,,,,,0,0,0,,,,,0,,,,,,,,,,,,,,,,,,,,,,1,Car sideswipped parked fire truck
4/30/2014,14:41,McGrath Hwy & Medford St,Somerville,MA,1,1,3,1,1,1,2,2,1,,1,10,,,,,,,,,,,,,,,,,0,0,0,,,,,0,,,,,,,,,,,,,,,,,,,,,,0,
4/29/2014,19:10,119 College Ave,Somerville,MA,2,1,1,1,1,3,3,1,1,,1,19,,1,1,,,,,,,,,,,,,,0,0,0,,,,,0,,,,,,,,,,,,,,,,,,,,,,0,
4/29/2014,17:59,Broadway & Alfred St,Somerville,MA,2,1,1,3,1,3,2,1,4,6,1,1,,,,,,,,,,,,,,,,,0,0,0,,,,,0,,,,,,,,,,,,,,,,,,,,,,0,
4/29/2014,14:55,49 Porter St,Somerville,MA,2,1,1,1,1,2,2,2,10,19,1,1,,,,,,,,,,,,,,,,,0,0,0,,,,,1,,0,27,3,1,,,,,,,,,,,,,,,,,0,
4/29/2014,11:51,Foley St & Grand Union Blvd,Somerville,MA,2,1,2,2,1,3,2,1,4,,1,1,,,,,,,,,,,,,,,,,0,0,0,,,,,0,,,,,,,,,,,,,,,,,,,,,,0,
4/27/2014,9:10,Central St & Vernon St,Somerville,MA,2,2,2,3,1,3,2,1,1,,1,1,,,,,,,,,,,,,,,,,0,0,0,,,,,0,,,,,,,,,,,,,,,,,,,,,,0,
4/26/2014,2:10,32 Beacon St,Somerville,MA,1,1,99,1,1,2,3,1,1,,1,10,,1,1,,,,,,,,,,,,,,0,0,0,,,,,0,,,,,,,,,,,,,,,,,,,,,,0,
4/26/2014,2:57,Myrtle St & Perkins St,Somerville,MA,1,1,1,3,1,1,2,97,1,,1,,,,,,,,,,,,,,,,,,0,0,0,,,,,0,,,,,,,,,,,,,,,,,,,,,,1,Fire truck struck parked MV while turning
4/25/2014,17:36,Warren St & Medford St,Somerville,MA,1,1,2,3,4,4,2,2,2,,1,97,,,,,,,,,,,,,,,,,0,0,0,,,,,0,,,,,,,,,,,,,,,,,,,,,,0,