Date,Time,Location,City,State,Weather (2&3),Road Surface (6),Traffic Control Device (4),Intersection Type (7),Traffic Way Desc (8),Collision Manner (11),# of Involved Vehicles,Vehicle1 Configuration (21),Driver1 Contrib Code1 (25),Driver1 Contrib Code2 (25),Vehicle2 Configuration (21),Driver2 Contrib Code1 (25),Driver2 Contrib Code2 (25),Vehicle3 Configuration (21),Driver3 Contrib Code1 (25),Driver3 Contrib Code2 (25),Vehicle4 Configuration (21),Driver4 Contrib Code1 (25),Driver4 Contrib Code2 (25),Vehicle5 Configuration (21),Driver5 Contrib Code1 (25),Driver5 Contrib Code2 (25),Vehicle6 Configuration (21),Driver6 Contrib Code1 (25),Driver6 Contrib Code2 (25),Vehicle7 Configuration (21),Driver7 Contrib Code1 (25),Driver7 Contrib Code2 (25),Bicycle,Pedestrian,Non-MV,Non-Motorist Location (16),Non-Motorist Action (15),Non-Motorist Type,Manner of Non-Motorist (Person) Collision,Injury,Multiple,Gender1,Age1,Severity1,Hospital1,Gender2,Age2,Severity2,Hospital2,Gender3,Age3,Severity3,Hospital3,Gender4,Age4,Severity4,Hospital4,Gender5,Age5,Severity5,Hospital5,City Vehicle?,Notes
4/25/2014,14:00,Broadway & Wallace St,Somerville,MA,unk,unk,unk,unk,unk,unk,2,1,1,,2,19,,,,,,,,,,,,,,,,,0,0,0,,,,,1,,1,25,4,0,,,,,,,,,,,,,,,,,0,
4/24/2014,1:48,30 Dane St,Somerville,MA,1,1,1,1,99,2,2,1,1,,2,99,,,,,,,,,,,,,,,,,0,0,0,,,,,0,,,,,,,,,,,,,,,,,,,,,,0,
4/23/2014,19:49,39 Montrose St,Somerville,MA,1,1,1,1,4,4,2,1,99,,1,,,,,,,,,,,,,,,,,,0,0,0,,,,,0,,,,,,,,,,,,,,,,,,,,,,0,
4/22/2014,6:33,Broadway & Mason St,Somerville,MA,1,1,2,3,2,3,2,2,99,,1,99,,,,,,,,,,,,,,,,,0,0,0,,,,,1,,1,25,4,0,,,,,,,,,,,,,,,,,0,
4/22/2014,20:53,333 Highland Ave,Somerville,MA,1,1,unk,1,2,4,4,2,14,,1,,,1,,,1,,,,,,,,,,,,0,0,0,,,,,0,,,,,,,,,,,,,,,,,,,,,,0,
4/21/2014,12:30,41 Florence St,Somerville,MA,1,1,1,1,4,1,1,13,97,,,,,,,,,,,,,,,,,,,,0,0,1,,,Tree,,0,,,,,,,,,,,,,,,,,,,,,,0,
4/20/2014,11:58,Highland Ave & Waldo St,Somerville,MA,unk,unk,unk,unk,unk,unk,2,1,1,,2,1,,,,,,,,,,,,,,,,,0,0,0,,,,,0,,,,,,,,,,,,,,,,,,,,,,0,
4/20/2014,15:26,Webster Ave & Prospect St,Somerville,MA,1,1,3,2,2,4,1,1,1,,,,,,,,,,,,,,,,,,,,1,0,0,4,2,,1,1,,0,33,4,1,,,,,,,,,,,,,,,,,0,
4/19/2014,13:20,255 Medford St,Somerville,MA,1,1,1,1,unk,4,2,2,1,,3,,,,,,,,,,,,,,,,,,0,0,1,4,2,Motorcycle,7,1,,1,52,2,1,,,,,,,,,,,,,,,,,1,SPD motorcycle struck by MV pulling to right
4/18/2014,10:52,296 Broadway,Somerville,MA,2,1,1,1,2,2,2,1,97,14,1,1,,,,,,,,,,,,,,,,,0,0,0,,,,,1,2,0,27,4,1,1,90,4,0,,,,,,,,,,,,,0,
4/17/2014,17:29,300 Somerville Ave,Somerville,MA,unk,unk,unk,unk,unk,unk,1,1,4,,,,,,,,,,,,,,,,,,,,0,1,0,1,1,,5,0,,,,,,,,,,,,,,,,,,,,,,0,
4/15/2014,14:25,42 Crescent St,Somerville,MA,3,2,1,1,4,2,2,2,18,,1,1,,,,,,,,,,,,,,,,,0,0,0,,,,,0,,,,,,,,,,,,,,,,,,,,,,1,DPW backed into MV
4/14/2014,11:51,Properzi Way & Elliot St,Somerville,MA,unk,unk,unk,unk,unk,unk,2,1,1,,,,,,,,,,,,,,,,,,,,0,0,0,,,,,0,,,,,,,,,,,,,,,,,,,,,,0,
4/13/2014,7:57,Columbus Ave & Bonner Ave,Somerville,MA,2,1,2,3,4,3,2,6,1,,2,1,,,,,,,,,,,,,,,,,0,0,0,,,,,0,,,,,,,,,,,,,,,,,,,,,,1,Fire truck? Turning struck parked MV far from curb
4/12/2014,17:02,Washington St & Rossmore St,Somerville,MA,1,1,1,3,1,3,2,1,4,19,1,1,,,,,,,,,,,,,,,,,0,0,0,,,,,0,,,,,,,,,,,,,,,,,,,,,,0,
4/11/2014,10:30,237 Washington St,Somerville,MA,2,1,7,1,1,6,2,2,16,8,1,1,,,,,,,,,,,,,,,,,0,0,0,,,,,1,,1,48,4,1,,,,,,,,,,,,,,,,,0,
4/11/2014,8:26,Central St & Berkeley St,Somerville,MA,2,1,2,3,1,6,2,1,6,,1,1,,,,,,,,,,,,,,,,,0,0,0,,,,,0,,,,,,,,,,,,,,,,,,,,,,0,
4/11/2014,13:31,23-25 Washington St,Somerville,MA,2,1,1,1,2,3,2,2,1,,2,4,,,,,,,,,,,,,,,,,0,0,0,,,,,1,2,1,34,4,1,1,34,4,2,,,,,,,,,,,,,0,
4/11/2014,20:44,6 Lowell Terrace,Somerville,MA,2,1,1,1,1,1,1,2,99,,,,,,,,,,,,,,,,,,,,0,0,1,,,Fence,,1,,1,50,2,1,,,,,,,,,,,,,,,,,0,
4/10/2014,8:13,Windsor St & South St,Somerville,MA,1,1,2,3,1,3,2,1,1,,,3,,,,,,,,,,,,,,,,,0,0,0,,,,,0,,,,,,,,,,,,,,,,,,,,,,0,
4/10/2014,0:06,181 Boston Ave,Somerville,MA,1,1,1,1,2,1,3,1,20,,,1,,,1,,,,,,,,,,,,,,0,0,0,,,,,0,,,,,,,,,,,,,,,,,,,,,,0,
4/8/2014,14:41,30 Summer St,Somerville,MA,2,2,1,9,1,3,1,1,4,,,,,,,,,,,,,,,,,,,,1,0,0,10,2,,1,1,,0,26,4,0,,,,,,,,,,,,,,,,,0,
4/6/2014,0:30,9 Bond St,Somerville,MA,1,1,1,1,4,3,2,2,20,,2,99,,,,,,,,,,,,,,,,,0,0,0,,,,,0,,,,,,,,,,,,,,,,,,,,,,0,
4/5/2014,8:48,Broadway & Garfield St,Somerville,MA,3,2,3,2,1,3,2,2,99,,1,99,,,,,,,,,,,,,,,,,0,0,0,,,,,1,2,1,36,3,1,1,41,3,1,,,,,,,,,,,,,0,
4/5/2014,12:17,180 Somerville Ave,Somerville,MA,1,1,1,1,1,1,2,1,1,,1,5,,,,,,,,,,,,,,,,,0,0,0,,,,,0,,,,,,,,,,,,,,,,,,,,,,0,
4/4/2014,17:29,238 Elm St,Somerville,MA,2,2,1,1,4,1,1,1,4,,,,,,,,,,,,,,,,,,,,1,0,0,4,2,,3,1,,1,24,3,0,,,,,,,,,,,,,,,,,0,
4/3/2014,8:00,Broadway & Cross St,Somerville,MA,1,1,3,2,3,2,2,1,13,99,1,5,,,,,,,,,,,,,,,,,0,0,0,,,,,0,,,,,,,,,,,,,,,,,,,,,,0,
4/2/2014,15:43,Broadway & Leonard St,Somerville,MA,unk,unk,unk,unk,unk,unk,3,2,99,,1,,,2,,,,,,,,,,,,,,,0,0,0,,,,,0,,,,,,,,,,,,,,,,,,,,,,0,
4/1/2014,15:31,Pearl St & McGrath Hwy,Somerville,MA,1,1,3,2,1,2,2,2,1,,2,10,26,,,,,,,,,,,,,,,,0,0,0,,,,,1,2,0,47,4,1,1,11,4,1,,,,,,,,,,,,,0,
4/1/2014,22:51,75 North St,Somerville,MA,1,1,1,1,1,1,1,1,1,,,,,,,,,,,,,,,,,,,,0,0,1,,,Fire hydrant,,0,,,,,,,,,,,,,,,,,,,,,,0,
3/30/2014,14:42,Dane St & Washington St,Somerville,MA,2,2,3,2,2,3,2,1,99,,2,99,,,,,,,,,,,,,,,,,0,0,0,,,,,0,,,,,,,,,,,,,,,,,,,,,,0,
3/29/2014,21:28,Somerville Ave & Medford St,Somerville,MA,3,2,3,2,2,1,1,1,18,,,,,,,,,,,,,,,,,,,,0,0,1,,,Traffic light,,0,,,,,,,,,,,,,,,,,,,,,,0,
3/27/2014,9:53,100 Cross St,Somerville,MA,1,1,1,1,1,4,2,8,99,,1,1,,,,,,,,,,,,,,,,,0,0,0,,,,,0,,,,,,,,,,,,,,,,,,,,,,1,DPW struck parked car
3/27/2014,14:40,167 Holland St,Somerville,MA,99,99,99,99,99,99,2,2,1,,2,4,,,,,,,,,,,,,,,,,0,0,0,,,,,0,,,,,,,,,,,,,,,,,,,,,,0,
3/26/2014,11:00,403 Highland Ave,Somerville,MA,2,1,1,1,4,2,2,1,99,,1,99,,,,,,,,,,,,,,,,,0,0,0,,,,,0,,,,,,,,,,,,,,,,,,,,,,0,
3/25/2014,14:17,Grand Union Blvd & Revolution Dr,Somerville,MA,1,1,1,3,2,1,1,1,19,20,,,,,,,,,,,,,,,,,,,0,0,1,,,Fire hydrant,,0,,,,,,,,,,,,,,,,,,,,,,0,
3/21/2014,10:10,38 Russell St,Somerville,MA,1,1,1,1,4,1,1,10,99,,,,,,,,,,,,,,,,,,,,0,0,1,,,Tree,,0,,,,,,,,,,,,,,,,,,,,,,0,
3/21/2014,17:47,Cedar St,Somerville,MA,1,1,7,1,1,2,2,2,19,,2,1,,,,,,,,,,,,,,,,,0,0,0,,,,,0,,,,,,,,,,,,,,,,,,,,,,0,
3/21/2014,13:31,518 Medford St,Somerville,MA,1,1,1,1,1,4,2,2,1,,1,,,,,,,,,,,,,,,,,,0,0,0,,,,,0,,,,,,,,,,,,,,,,,,,,,,0,
3/21/2014,3:40,60 Broadway,Somerville,MA,1,1,1,1,1,2,2,1,10,,1,,,,,,,,,,,,,,,,,,0,0,1,,,Light pole,,0,,,,,,,,,,,,,,,,,,,,,,0,
3/20/2014,15:58,Lowell St & Hudson St,Somerville,MA,1,1,2,2,1,3,2,2,1,,2,4,3,,,,,,,,,,,,,,,,0,0,0,,,,,1,,0,23,4,1,,,,,,,,,,,,,,,,,0,
3/20/2014,9:33,76 Middlesex Ave,Somerville,MA,2,1,1,1,1,3,2,1,6,,1,1,,,,,,,,,,,,,,,,,0,0,0,,,,,0,,,,,,,,,,,,,,,,,,,,,,0,
3/19/2014,18:43,139 Alewife Brook Parkway,Somerville,MA,1,1,1,1,99,5,3,1,99,,1,1,,1,1,,,,,,,,,,,,,,0,0,0,,,,,0,,,,,,,,,,,,,,,,,,,,,,0,
3/19/2014,0:12,19 Teele Ave,Somerville,MA,1,1,1,1,4,1,1,1,1,,,,,,,,,,,,,,,,,,,,0,0,0,,,,,0,,,,,,,,,,,,,,,,,,,,,,0,
3/18/2014,7:35,Franklin St & Washington St,Somerville,MA,1,1,2,3,4,99,2,1,1,,1,99,,,,,,,,,,,,,,,,,0,0,0,,,,,0,,,,,,,,,,,,,,,,,,,,,,0,
3/16/2014,2:05,282 Somerville Ave,Somerville,MA,3,1,3,2,3,2,2,1,19,,1,1,,,,,,,,,,,,,,,,,0,0,0,,,,,0,,,,,,,,,,,,,,,,,,,,,,0,
3/15/2014,16:05,Talbot Ave & College Ave,Somerville,MA,2,1,2,3,1,4,2,1,99,,1,99,,,,,,,,,,,,,,,,,0,0,0,,,,,0,,,,,,,,,,,,,,,,,,,,,,0,
3/13/2014,21:00,Russell St & Elm St,Somerville,MA,unk,unk,unk,unk,unk,unk,2,1,1,,1,3,,,,,,,,,,,,,,,,,0,0,0,,,,,0,,,,,,,,,,,,,,,,,,,,,,0,
3/13/2014,20:59,Central St,Somerville,MA,1,1,1,1,1,2,2,1,1,,1,,,,,,,,,,,,,,,,,,0,0,0,,,,,0,,,,,,,,,,,,,,,,,,,,,,0,
3/12/2014,20:58,Somerville Ave & Spring St,Somerville,MA,3,2,1,3,1,1,1,1,1,,,,,,,,,,,,,,,,,,,,0,1,0,4,1,,2,1,,1,53,4,1,,,,,,,,,,,,,,,,,0,
3/9/2014,1:48,1303 Broadway,Somerville,MA,1,1,1,1,1,4,4,1,99,,1,,,1,,,1,,,,,,,,,,,,0,0,0,,,,,1,,0,31,4,1,,,,,,,,,,,,,,,,,0,
3/9/2014,14:42,Washington St & Washington Terrace,Somerville,MA,1,1,1,3,1,6,2,1,99,,1,99,,,,,,,,,,,,,,,,,0,0,0,,,,,1,,0,13,4,1,,,,,,,,,,,,,,,,,0,
3/9/2014,3:04,Mossland St & Somerville Ave,Somerville,MA,1,1,1,3,1,2,2,1,5,,1,1,,,,,,,,,,,,,,,,,0,0,0,,,,,0,,,,,,,,,,,,,,,,,,,,,,0,
3/8/2014,10:50,Orchard St & Day St,Somerville,MA,1,1,2,3,4,99,2,1,3,,1,1,,,,,,,,,,,,,,,,,0,0,0,,,,,0,,,,,,,,,,,,,,,,,,,,,,0,
3/7/2014,17:39,15 Elm St,Somerville,MA,1,1,1,9,1,3,2,2,10,97,2,4,,,,,,,,,,,,,,,,,0,0,0,,,,,0,,,,,,,,,,,,,,,,,,,,,,0,
3/7/2014,9:52,9 Union Sq,Somerville,MA,"1,97","1,4",1,1,"2,3",4,2,2,99,,1,1,,,,,,,,,,,,,,,,,0,0,0,,,,,0,,,,,,,,,,,,,,,,,,,,,,0,
3/7/2014,7:25,44 Highland Ave,Somerville,MA,1,1,2,1,1,6,3,1,18,,1,1,,1,1,,,,,,,,,,,,,,0,0,0,,,,,1,2,0,31,3,1,1,6,3,1,,,,,,,,,,,,,0,
3/6/2014,20:34,Ivaloo St & Mondamin Ct,Somerville,MA,1,1,1,3,1,4,2,13,1,,1,,,,,,,,,,,,,,,,,,0,0,0,,,,,0,,,,,,,,,,,,,,,,,,,,,,1,Fire struck parked vehicle while responding to fire
3/6/2014,17:53,Somerville Ave & Quincy St,Somerville,MA,1,1,1,3,1,4,1,2,19,9,,9,,,,,,,,,,,,,,,,,1,0,0,10,2,,7,1,,0,24,4,1,,,,,,,,,,,,,,,,,0,
3/6/2014,9:13,Broadway & Pearson Rd,Somerville,MA,1,1,1,1,1,2,2,2,1,,1,99,,,,,,,,,,,,,,,,,0,0,0,,,,,0,,,,,,,,,,,,,,,,,,,,,,0,
3/3/2014,22:52,Walnut St & Highland Ave,Somerville,MA,1,2,3,2,4,1,1,2,1,,,,,,,,,,,,,,,,,,,,0,1,0,1,1,,2,1,,1,44,3,1,,,,,,,,,,,,,,,,,0,
3/3/2014,9:26,138 Orchard St,Somerville,MA,1,1,1,1,4,4,2,6,1,,1,1,,,,,,,,,,,,,,,,,0,0,0,,,,,0,,,,,,,,,,,,,,,,,,,,,,0,
3/1/2014,22:29,1 Union Sq,Somerville,MA,1,1,3,2,1,4,2,8,1,,1,97,,,,,,,,,,,,,,,,,0,0,0,,,,,0,,,,,,,,,,,,,,,,,,,,,,0,
3/1/2014,15:30,453 Somerville Ave,Somerville,MA,1,1,1,1,1,3,2,1,1,,1,4,,,,,,,,,,,,,,,,,0,0,0,,,,,0,,,,,,,,,,,,,,,,,,,,,,0,
3/1/2014,3:20,Boston St & Washington St,Somerville,MA,1,1,2,1,4,4,2,1,99,,1,1,,,,,,,,,,,,,,,,,0,0,0,,,,,0,,,,,,,,,,,,,,,,,,,,,,0,
3/1/2014,2:49,Medford St & School St,Somerville,MA,1,1,99,3,1,6,2,1,1,,1,99,,,,,,,,,,,,,,,,,0,0,0,,,,,0,,,,,,,,,,,,,,,,,,,,,,0,
2/28/2014,9:28,Highland Ave & Willow Ave,Somerville,MA,1,1,3,2,1,1,2,1,99,,1,1,,,,,,,,,,,,,,,,,0,0,0,,,,,1,,1,52,2,1,,,,,,,,,,,,,,,,,0,
2/28/2014,11:51,Broadway & Clarendon Ave,Somerville,MA,1,1,1,3,1,6,2,1,4,,1,1,,,,,,,,,,,,,,,,,0,0,0,,,,,0,,,,,,,,,,,,,,,,,,,,,,0,
2/28/2014,8:50,70 Innerbelt Rd,Somerville,MA,1,1,1,1,1,1,1,6,1,,,,,,,,,,,,,,,,,,,,0,0,1,9,7,Utility pole,,0,,,,,,,,,,,,,,,,,,,,,,0,
2/26/2014,7:30,Sycamore St & Pembroke St,Somerville,MA,1,1,2,3,4,3,2,1,99,,1,99,,,,,,,,,,,,,,,,,0,0,0,,,,,1,,0,36,4,0,,,,,,,,,,,,,,,,,0,
2/25/2014,8:53,Broadway & Main St,Somerville,MA,1,1,3,4,2,3,2,2,3,,1,1,,,,,,,,,,,,,,,,,0,0,0,,,,,0,,,,,,,,,,,,,,,,,,,,,,0,
2/22/2014,13:33,Cutter Ave,Somerville,MA,1,1,1,1,4,3,2,2,4,97,4,1,,,,,,,,,,,,,,,,,0,0,0,,,,,0,,,,,,,,,,,,,,,,,,,,,,0,
2/22/2014,12:52,Putnam St & Summer St,Somerville,MA,1,1,2,3,1,1,1,1,11,,,,,,,,,,,,,,,,,,,,0,1,1,5,7,Fence,8,1,3,0,18,3,0,0,26,4,0,0,25,4,0,,,,,,,,,0,
2/22/2014,15:20,44 Banks St,Somerville,MA,1,1,1,1,4,4,2,1,97,,1,,,,,,,,,,,,,,,,,,0,0,0,,,,,0,,,,,,,,,,,,,,,,,,,,,,0,
2/22/2014,11:08,709 McGrath Hwy,Somerville,MA,1,2,1,1,99,99,2,1,99,,1,1,,,,,,,,,,,,,,,,,0,0,0,,,,,1,,0,64,3,1,,,,,,,,,,,,,,,,,0,
2/20/2014,19:52,38 Glen St,Somerville,MA,3,2,1,1,4,5,2,1,8,,1,,,,,,,,,,,,,,,,,,0,0,0,,,,,0,,,,,,,,,,,,,,,,,,,,,,0,
2/20/2014,11:20,97 Washington St,Somerville,MA,1,1,1,1,1,2,2,1,1,,2,5,,,,,,,,,,,,,,,,,0,0,0,,,,,0,,,,,,,,,,,,,,,,,,,,,,0,
2/19/2014,12:54,Washington St & Webster Ave,Somerville,MA,2,2,3,2,1,3,2,2,3,,2,1,,,,,,,,,,,,,,,,,0,0,0,,,,,0,,,,,,,,,,,,,,,,,,,,,,1,Plow clearing snow in left only; MV turned left into plow from center
2/18/2014,14:50,2 Union Sq,Somerville,MA,4,3,1,1,1,2,2,2,99,,2,99,,,,,,,,,,,,,,,,,0,0,0,,,,,0,,,,,,,,,,,,,,,,,,,,,,0,
2/17/2014,15:21,Elm St & Burnside Ave,Somerville,MA,1,1,5,3,1,2,2,2,1,,6,22,,,,,,,,,,,,,,,,,0,0,0,,,,,1,,0,54,3,1,,,,,,,,,,,,,,,,,0,
2/17/2014,8:31,62 Central St,Somerville,MA,1,1,1,1,1,2,3,1,5,,1,1,,2,1,,,,,,,,,,,,,,0,0,0,,,,,0,,,,,,,,,,,,,,,,,,,,,,0,
2/15/2014,17:03,Cross St & Bonair St,Somerville,MA,4,3,1,3,1,3,2,2,4,,1,1,,,,,,,,,,,,,,,,,0,0,0,,,,,0,,,,,,,,,,,,,,,,,,,,,,0,
2/15/2014,16:45,85 Central St,Somerville,MA,4,3,3,1,1,2,2,99,5,,99,1,,,,,,,,,,,,,,,,,0,0,0,,,,,1,,1,46,4,0,,,,,,,,,,,,,,,,,1,Cruiser struck from behind waiting in traffic
2/15/2014,23:08,Broadway & Medford Street,Somerville,MA,4,3,3,8,1,2,2,1,1,,2,99,,,,,,,,,,,,,,,,,0,0,0,,,,,0,,,,,,,,,,,,,,,,,,,,,,0,
2/14/2014,12:25,Broadway & Boston Ave,Somerville,MA,1,2,3,2,1,2,2,1,19,,2,1,,,,,,,,,,,,,,,,,0,0,0,,,,,1,,0,26,3,1,,,,,,,,,,,,,,,,,0,
2/13/2014,9:41,9 Davis Sq,Somerville,MA,4,2,1,1,4,3,2,2,99,,2,99,,,,,,,,,,,,,,,,,0,0,0,,,,,0,,,,,,,,,,,,,,,,,,,,,,0,
2/13/2014,14:08,Washinton St & Joy St,Somerville,MA,4,3,1,3,1,2,2,4,8,,1,8,7,,,,,,,,,,,,,,,,0,0,0,,,,,0,,,,,,,,,,,,,,,,,,,,,,0,
2/13/2014,13:30,McGrath Hwy & Pearl St,Somerville,MA,4,3,1,1,3,2,2,2,1,,1,7,,,,,,,,,,,,,,,,,0,0,0,,,,,0,,,,,,,,,,,,,,,,,,,,,,0,
2/13/2014,13:19,292 Beacon St,Somerville,MA,4,3,1,1,1,3,2,2,6,4,2,1,,,,,,,,,,,,,,,,,0,0,0,,,,,0,,,,,,,,,,,,,,,,,,,,,,0,
2/12/2014,14:23,265 Highland Ave,Somerville,MA,1,1,1,1,1,2,2,1,97,,1,1,,,,,,,,,,,,,,,,,0,0,0,,,,,0,,,,,,,,,,,,,,,,,,,,,,0,
2/12/2014,18:43,Beacon St & Miller St,Somerville,MA,1,1,1,3,1,2,2,1,1,,2,10,19,,,,,,,,,,,,,,,,0,0,0,,,,,1,,0,34,3,1,,,,,,,,,,,,,,,,,0,
2/12/2014,7:30,720 Broadway,Somerville,MA,1,1,2,1,2,2,2,2,1,,1,1,,,,,,,,,,,,,,,,,0,0,0,,,,,0,,,,,,,,,,,,,,,,,,,,,,0,
2/11/2014,18:34,30 Broadway,Somerville,MA,2,1,3,1,3,3,3,2,97,,1,1,,1,1,,,,,,,,,,,,,,0,0,0,,,,,0,,,,,,,,,,,,,,,,,,,,,,0,
2/11/2014,7:49,Broadway & Medford Street,Somerville,MA,1,1,3,2,2,3,1,1,13,,,,,,,,,,,,,,,,,,,,0,1,0,1,1,,5,1,,1,22,3,1,,,,,,,,,,,,,,,,,0,
2/11/2014,12:42,Medford St & Somerville Ave,Somerville,MA,4,1,1,1,4,4,2,1,1,,2,99,,,,,,,,,,,,,,,,,0,0,0,,,,,0,,,,,,,,,,,,,,,,,,,,,,0,
2/10/2014,15:28,Revolution Drive,Somerville,MA,1,1,2,3,2,3,2,2,4,19,1,1,,,,,,,,,,,,,,,,,0,0,0,,,,,0,,,,,,,,,,,,,,,,,,,,,,0,
2/10/2014,7:35,Summer St & Spring St,Somerville,MA,1,2,6,3,2,1,1,1,13,,,,,,,,,,,,,,,,,,,,0,1,0,1,3,,5,1,,1,69,4,0,,,,,,,,,,,,,,,,,1,Crossing guard
2/10/2014,0:04,Henderson St & Richardson St,Somerville,MA,4,3,1,3,1,4,2,97,9,,1,,,,,,,,,,,,,,,,,,0,0,0,,,,,0,,,,,,,,,,,,,,,,,,,,,,1,DPW sander sideswipped parked car
2/10/2014,15:25,100 Dover St,Somerville,MA,1,1,1,1,4,4,2,13,1,,1,1,,,,,,,,,,,,,,,,,0,0,0,,,,,0,,,,,,,,,,,,,,,,,,,,,,0,
2/8/2014,22:35,20 School St,Somerville,MA,4,2,1,1,4,4,2,1,1,,1,99,,,,,,,,,,,,,,,,,0,0,0,,,,,0,,,,,,,,,,,,,,,,,,,,,,0,
2/8/2014,13:16,643 Broadway,Somerville,MA,1,1,1,1,2,2,2,1,99,,1,1,,,,,,,,,,,,,,,,,0,0,0,,,,,0,,,,,,,,,,,,,,,,,,,,,,0,
2/7/2014,10:08,720 Somerville Ave,Somerville,MA,1,2,3,1,1,3,1,1,99,,,,,,,,,,,,,,,,,,,,0,1,0,4,1,,5,1,,1,45,3,1,,,,,,,,,,,,,,,,,0,
2/6/2014,15:48,Lowell St & Lowell St Bridge,Somerville,MA,1,2,2,3,1,3,2,1,4,,1,1,,,,,,,,,,,,,,,,,0,0,0,,,,,1,3,0,22,2,1,1,26,3,1,0,49,3,0,,,,,,,,,0,
2/4/2014,18:42,Washington St & Tufts St,Somerville,MA,1,1,1,3,1,3,2,2,4,,3,3,10,,,,,,,,,,,,,,,,0,0,1,10,1,Motorcycle,2,1,,1,32,4,1,,,,,,,,,,,,,,,,,0,
2/4/2014,21:14,Highland Ave & Holland Street,Somerville,MA,1,1,3,8,2,3,2,2,3,,1,1,,,,,,,,,,,,,,,,,0,0,0,,,,,0,,,,,,,,,,,,,,,,,,,,,,0,
2/4/2014,5:48,51 Central St,Somerville,MA,4,4,1,1,1,4,3,1,1,,1,1,,1,1,,,,,,,,,,,,,,0,0,0,,,,,0,,,,,,,,,,,,,,,,,,,,,,0,
2/2/2014,11:09,Somerville Ave & Hawkins St,Somerville,MA,1,1,1,1,4,4,2,1,4,9,99,1,,,,,,,,,,,,,,,,,0,0,0,,,,,1,,1,20,3,0,,,,,,,,,,,,,,,,,0,
2/2/2014,5:36,School St & Montrose St,Somerville,MA,1,1,1,99,4,2,2,1,9,,2,1,,,,,,,,,,,,,,,,,0,0,0,,,,,0,,,,,,,,,,,,,,,,,,,,,,0,
2/1/2014,5:07,240 Summer St,Somerville,MA,1,1,99,7,2,4,2,1,21,,1,99,,,,,,,,,,,,,,,,,0,0,0,,,,,0,,,,,,,,,,,,,,,,,,,,,,0,
2/1/2014,0:30,115 Broadway,Somerville,MA,1,1,1,1,3,6,2,1,99,,97,,,,,,,,,,,,,,,,,,0,0,1,,,Jersey Barrier,,0,,,,,,,,,,,,,,,,,,,,,,0,
1/31/2014,19:44,Washington St & Florence St,Somerville,MA,1,1,1,3,1,2,3,2,19,,2,1,,1,1,,,,,,,,,,,,,,0,0,0,,,,,1,,1,38,3,0,,,,,,,,,,,,,,,,,0,
1/31/2014,18:21,Broadway & Garfield Ave,Somerville,MA,1,1,3,3,2,3,2,1,3,10,1,1,,,,,,,,,,,,,,,,,0,0,0,,,,,1,,0,38,3,1,,,,,,,,,,,,,,,,,0,
1/29/2014,10:00,358 Somerville Ave,Somerville,MA,4,6,1,1,4,2,2,1,1,,1,5,,,,,,,,,,,,,,,,,0,0,0,,,,,0,,,,,,,,,,,,,,,,,,,,,,0,
1/29/2014,13:04,65 Mystic Ave,Somerville,MA,1,1,1,1,1,3,1,8,99,,,,,,,,,,,,,,,,,,,,0,0,1,,,Metal pole,,0,,,,,,,,,,,,,,,,,,,,,,0,
1/29/2014,4:17,Cross St & Fountain Ave,Somerville,MA,1,1,1,99,1,2,2,1,97,,2,99,,,,,,,,,,,,,,,,,0,0,0,,,,,0,,,,,,,,,,,,,,,,,,,,,,0,
1/28/2014,9:46,Holland St & Simpson Ave,Somerville,MA,1,1,2,3,1,3,2,2,4,,2,1,,,,,,,,,,,,,,,,,0,0,0,,,,,1,2,0,63,3,1,0,40,4,1,,,,,,,,,,,,,0,
1/28/2014,11:40,Somerville Ave & Elm St,Somerville,MA,1,1,1,1,2,4,1,1,4,,,,,,,,,,,,,,,,,,,,1,0,0,10,2,,1,1,,1,27,3,1,,,,,,,,,,,,,,,,,0,
1/28/2014,17:03,114 Temple St,Somerville,MA,1,"1,2",1,1,2,"3,4",2,2,1,,2,99,,,,,,,,,,,,,,,,,0,0,0,,,,,0,,,,,,,,,,,,,,,,,,,,,,0,
1/26/2014,11:30,Derby St & Grant St,Somerville,MA,1,1,1,2,99,5,2,2,1,,13,1,,,,,,,,,,,,,,,,,0,0,0,,,,,0,,,,,,,,,,,,,,,,,,,,,,1,Fire truck scraped cruiser while responding to fire
1/24/2014,18:58,Cedar St & Elm St,Somerville,MA,"4,8",3,1,1,4,1,1,1,1,,,,,,,,,,,,,,,,,,,,0,0,1,,,Metal box,,0,,,,,,,,,,,,,,,,,,,,,,0,
1/24/2014,15:02,Broadway & MacArthur St,Somerville,MA,1,1,1,3,3,3,2,6,99,,1,99,,,,,,,,,,,,,,,,,0,0,0,,,,,0,,,,,,,,,,,,,,,,,,,,,,0,
1/23/2014,8:39,Lowell St & Hudson St,Somerville,MA,1,1,1,3,1,2,2,1,9,,1,,,,,,,,,,,,,,,,,,0,0,0,,,,,0,,,,,,,,,,,,,,,,,,,,,,0,