Date,Time,Location,City,State,Weather (2&3),Road Surface (6),Traffic Control Device (4),Intersection Type (7),Traffic Way Desc (8),Collision Manner (11),# of Involved Vehicles,Vehicle1 Configuration (21),Driver1 Contrib Code1 (25),Driver1 Contrib Code2 (25),Vehicle2 Configuration (21),Driver2 Contrib Code1 (25),Driver2 Contrib Code2 (25),Vehicle3 Configuration (21),Driver3 Contrib Code1 (25),Driver3 Contrib Code2 (25),Vehicle4 Configuration (21),Driver4 Contrib Code1 (25),Driver4 Contrib Code2 (25),Vehicle5 Configuration (21),Driver5 Contrib Code1 (25),Driver5 Contrib Code2 (25),Vehicle6 Configuration (21),Driver6 Contrib Code1 (25),Driver6 Contrib Code2 (25),Vehicle7 Configuration (21),Driver7 Contrib Code1 (25),Driver7 Contrib Code2 (25),Bicycle,Pedestrian,Non-MV,Non-Motorist Location (16),Non-Motorist Action (15),Non-Motorist Type,Manner of Non-Motorist (Person) Collision,Injury,Multiple,Gender1,Age1,Severity1,Hospital1,Gender2,Age2,Severity2,Hospital2,Gender3,Age3,Severity3,Hospital3,Gender4,Age4,Severity4,Hospital4,Gender5,Age5,Severity5,Hospital5,City Vehicle?,Notes
1/21/2014,8:19,Medford St & Walnut St,Somerville,MA,2,1,3,2,1,2,2,1,19,,2,1,,,,,,,,,,,,,,,,,0,0,0,,,,,0,,,,,,,,,,,,,,,,,,,,,,0,
1/21/2014,21:54,30 Washington St,Somerville,MA,4,3,1,1,1,6,2,1,14,,1,1,,,,,,,,,,,,,,,,,0,0,1,,,Brick Barrier,,0,,,,,,,,,,,,,,,,,,,,,,0,Brick barrier fell onto 2nd vehicle
1/21/2014,12:53,Cross St & Brooks St,Somerville,MA,2,1,1,3,1,2,2,2,9,,2,1,,,,,,,,,,,,,,,,,0,0,0,,,,,1,,1,27,3,1,,,,,,,,,,,,,,,,,0,
1/20/2014,16:35,Elm St & Beech St,Somerville,MA,1,1,1,2,1,2,2,1,5,,2,1,,,,,,,,,,,,,,,,,0,0,0,,,,,0,,,,,,,,,,,,,,,,,,,,,,0,
1/17/2014,9:27,Broadway & Bay State Ave,Somerville,MA,1,1,1,3,1,3,2,2,8,,1,1,,,,,,,,,,,,,,,,,0,0,0,,,,,0,,,,,,,,,,,,,,,,,,,,,,0,
1/17/2014,8:21,56 Beacon St,Somerville,MA,1,1,1,1,2,1,3,1,10,,1,,,1,1,1,,,,,,,,,,,,,0,0,0,,,,,1,,0,29,4,1,,,,,,,,,,,,,,,,,0,
1/16/2014,12:04,14 McGrath Hwy,Somerville,MA,2,2,1,1,1,1,1,2,3,,,,,,,,,,,,,,,,,,,,0,1,0,1,1,,5,0,,,,,,,,,,,,,,,,,,,,,,0,
1/16/2014,8:00,Central St & Forster St,Somerville,MA,99,99,2,3,99,3,2,1,4,,1,1,,,,,,,,,,,,,,,,,0,0,0,,,,,0,,,,,,,,,,,,,,,,,,,,,,0,
1/15/2014,9:46,Medford St & Warren St,Somerville,MA,1,1,2,3,1,3,2,1,1,,1,4,3,,,,,,,,,,,,,,,,0,0,0,,,,,0,,,,,,,,,,,,,,,,,,,,,,0,
1/14/2014,9:30,727 Somerville Ave,Somerville,MA,3,2,1,1,unk,3,2,1,1,,2,1,,,,,,,,,,,,,,,,,0,0,0,,,,,0,,,,,,,,,,,,,,,,,,,,,,0,
1/13/2014,12:29,Grant Street & Broadway,Somerville,MA,1,1,2,1,4,1,1,1,11,,,,,,,,,,,,,,,,,,,,0,0,1,,,Tree,,0,,,,,,,,,,,,,,,,,,,,,,0,
1/13/2014,9:45,Cedar Street & Franey Road,Somerville,MA,1,1,1,3,1,3,2,2,1,,1,4,,,,,,,,,,,,,,,,,0,0,0,,,,,0,,,,,,,,,,,,,,,,,,,,,,0,
1/10/2014,5:35,7 Washington Street,Somerville,MA,1,1,1,1,2,6,1,2,1,,,8,9,,,,,,,,,,,,,,,,1,0,0,10,2,,6,1,,1,36,3,1,,,,,,,,,,,,,,,,,0,
1/9/2014,19:02,250 Elm Street,Somerville,MA,99,99,1,1,99,3,2,1,4,,13,1,,,,,,,,,,,,,,,,,0,0,0,,,,,0,,,,,,,,,,,,,,,,,,,,,,1,MV changed lanes into DPW MV
1/8/2014,15:37,Washington Street & Mansfield Street,Somerville,MA,1,1,1,3,1,3,3,2,1,,2,1,,1,3,4,,,,,,,,,,,,,0,0,0,,,,,0,,,,,,,,,,,,,,,,,,,,,,0,
1/8/2014,8:00,Lowell Street & Albion Street,Somerville,MA,1,1,2,2,1,3,2,1,4,,2,1,,,,,,,,,,,,,,,,,0,0,0,,,,,0,,,,,,,,,,,,,,,,,,,,,,0,
1/7/2014,23:30,76 Thurston Street,Somerville,MA,1,4,1,1,4,4,2,13,1,,1,,,,,,,,,,,,,,,,,,0,0,0,,,,,0,,,,,,,,,,,,,,,,,,,,,,1,Fire truck struck parked MV responding to alarm
1/7/2014,8:45,Pearl Street and Walnut Street,Somerville,MA,2,99,3,2,1,6,2,1,3,,2,1,,,,,,,,,,,,,,,,,0,0,1,,,Traffic Light,,1,2,1,19,4,1,0,39,4,0,,,,,,,,,,,,,0,Collided with traffic light after being struck
1/4/2014,16:07,Blakely Ave & McGrath Hwy,Somerville,MA,1,"2,3",3,3,"2,3",3,2,1,99,,2,99,,,,,,,,,,,,,,,,,0,0,0,,,,,0,,,,,,,,,,,,,,,,,,,,,,0,
1/2/2014,9:20,Cross Street & Flint Street,Somerville,MA,4,3,1,2,1,1,2,2,11,,2,11,,,,,,,,,,,,,,,,,0,0,0,,,,,0,,,,,,,,,,,,,,,,,,,,,,0,
12/30/2013,12:30,BROADWAY & MCGRATH HIGHWAY,Somerville,MA,1,1,3,2,3,3,2,1,1,,1,1,,,,,,,,,,,,,,,,,0,0,0,,,,,0,,,,,,,,,,,,,,,,,,,,,,1,
12/29/2013,17:10,Highland Ave & Medford St,Somerville,MA,unk,unk,unk,unk,unk,unk,2,1,1,,2,,,,,,,,,,,,,,,,,,0,0,0,,,,,0,,,,,,,,,,,,,,,,,,,,,,0,
12/28/2013,14:00,Grant St & Sewall St,Somerville,MA,1,1,2,3,4,3,2,1,1,,2,3,4,,,,,,,,,,,,,,,,0,0,0,,,,,0,,,,,,,,,,,,,,,,,,,,,,0,
12/28/2013,15:00,186 Lowell St,Somerville,MA,1,1,1,1,1,4,2,1,1,,1,4,,,,,,,,,,,,,,,,,0,0,0,,,,,0,,,,,,,,,,,,,,,,,,,,,,0,
12/23/2013,17:00,Cedar St & Hudson St,Somerville,MA,1,1,unk,unk,1,unk,1,1,19,,,,,,,,,,,,,,,,,,,,0,1,0,4,1,,2,1,,0,35,4,1,,,,,,,,,,,,,,,,,0,
12/22/2013,2:51,130 Walnut St,Somerville,MA,1,2,1,1,4,3,2,1,99,,1,1,,,,,,,,,,,,,,,,,0,0,0,,,,,0,,,,,,,,,,,,,,,,,,,,,,0,
12/20/2013,19:23,Pearl St & Marshall St,Somerville,MA,2,2,2,3,1,3,2,2,1,,2,3,,,,,,,,,,,,,,,,,0,0,0,,,,,0,,,,,,,,,,,,,,,,,,,,,,0,
12/20/2013,1:30,354 Somerville Ave,Somerville,MA,1,2,1,1,4,1,2,1,99,,,,,,,,,,,,,,,,,,,,0,0,0,,,,,0,,,,,,,,,,,,,,,,,,,,,,0,
12/18/2013,17:39,10 Cross St East,Somerville,MA,1,3,1,1,1,5,2,2,1,,1,1,,,,,,,,,,,,,,,,,0,0,0,,,,,0,,,,,,,,,,,,,,,,,,,,,,1,
12/17/2013,13:20,91 Highland Ave,Somerville,MA,4,2,1,9,1,3,2,2,99,,2,99,,,,,,,,,,,,,,,,,0,0,0,,,,,0,,,,,,,,,,,,,,,,,,,,,,0,
12/17/2013,22:09,50 Bartlett St,Somerville,MA,4,3,1,1,4,4,2,1,1,,6,6,,,,,,,,,,,,,,,,,0,0,0,,,,,0,,,,,,,,,,,,,,,,,,,,,,1,
12/17/2013,21:45,106 Governor Winthrop Rd,Somerville,MA,"4,8",3,1,1,4,4,2,6,1,,1,1,,,,,,,,,,,,,,,,,0,0,0,,,,,0,,,,,,,,,,,,,,,,,,,,,,1,
12/17/2013,12:15,North St & Hamilton Rd,Somerville,MA,4,4,2,3,1,3,2,1,99,,1,1,,,,,,,,,,,,,,,,,0,0,0,,,,,0,,,,,,,,,,,,,,,,,,,,,,0,
12/13/2013,8:30,Newton St & Webster Ave,Somerville,MA,1,1,1,3,4,1,2,1,1,,1,1,,,,,,,,,,,,,,,,,0,0,0,,,,,0,,,,,,,,,,,,,,,,,,,,,,0,
12/13/2013,0:56,North St & Gordon St,Somerville,MA,1,1,unk,1,1,1,3,1,99,,1,1,,1,3,,,,,,,,,,,,,,0,0,0,,,,,0,,,,,,,,,,,,,,,,,,,,,,0,
12/12/2013,16:15,Summer St & Benton Rd,Somerville,MA,1,1,2,2,1,3,2,2,1,,1,19,10,,,,,,,,,,,,,,,,0,0,0,,,,,0,,,,,,,,,,,,,,,,,,,,,,0,
12/12/2013,7:32,Somerville Ave & Lowell St,Somerville,MA,1,1,3,3,1,3,1,1,13,,,,,,,,,,,,,,,,,,,,0,1,0,1,1,,5,1,,1,48,4,1,,,,,,,,,,,,,,,,,0,
12/12/2013,17:19,Highland Ave & Benton Rd,Somerville,MA,1,1,2,2,1,3,2,1,99,,1,99,,,,,,,,,,,,,,,,,0,0,0,,,,,0,,,,,,,,,,,,,,,,,,,,,,0,
12/12/2013,1:30,Liberty Ave & Broadway,Somerville,MA,1,1,2,3,1,4,2,2,1,,1,1,,1,,,,,,,,,,,,,,,0,0,0,,,,,0,,,,,,,,,,,,,,,,,,,,,,0,
12/11/2013,8:12,Highland Ave & Lowell St,Somerville,MA,1,5,3,2,1,3,2,1,99,,6,1,,,,,,,,,,,,,,,,,0,0,0,,,,,0,,,,,,,,,,,,,,,,,,,,,,0,
12/11/2013,11:21,72 Cross St,Somerville,MA,"1,97",4,1,1,1,4,1,1,1,,,,,,,,,,,,,,,,,,,,0,0,0,,,,,0,,,,,,,,,,,,,,,,,,,,,,0,
12/11/2013,10:42,Propsect St & Bennett St,Somerville,MA,1,1,1,3,4,3,2,1,1,,8,1,,,,,,,,,,,,,,,,,0,0,0,,,,,0,,,,,,,,,,,,,,,,,,,,,,0,
12/11/2013,8:00,Powder House Blvd & Harden Rd,Somerville,MA,1,1,2,3,2,3,2,2,4,,1,1,,,,,,,,,,,,,,,,,0,0,0,,,,,0,,,,,,,,,,,,,,,,,,,,,,0,
12/10/2013,17:50,Walnut St & Pearl St,Somerville,MA,97,2,2,3,2,99,2,1,1,,1,3,,,,,,,,,,,,,,,,,0,0,0,,,,,0,,,,,,,,,,,,,,,,,,,,,,0,
12/10/2013,20:52,Mystic Ave & Sturtevant St,Somerville,MA,2,2,3,3,4,3,2,2,99,,1,99,,,,,,,,,,,,,,,,,0,0,0,,,,,0,,,,,,,,,,,,,,,,,,,,,,0,
12/10/2013,19:13,Washington St & New Washington St,Somerville,MA,97,2,99,1,99,2,2,1,1,,1,5,,,,,,,,,,,,,,,,,0,0,0,,,,,0,,,,,,,,,,,,,,,,,,,,,,0,
12/10/2013,16:36,Washington St & Columbus Ave,Somerville,MA,2,2,2,3,1,3,3,1,4,,1,97,,2,,,,,,,,,,,,,,,0,0,0,,,,,1,2,1,37,3,1,1,28,3,1,,,,,,,,,,,,,0,
12/9/2013,19:09,324 Washington St,Somerville,MA,"2,3",2,1,1,1,2,2,1,5,,1,99,,,,,,,,,,,,,,,,,0,0,0,,,,,0,,,,,,,,,,,,,,,,,,,,,,0,
12/9/2013,19:11,Webster Ave & Prospect St,Somerville,MA,unk,unk,unk,unk,unk,unk,2,1,1,,1,5,,,,,,,,,,,,,,,,,0,0,0,,,,,0,,,,,,,,,,,,,,,,,,,,,,0,
12/9/2013,14:23,Albion St & Lowell St,Somerville,MA,"2,5",2,2,3,1,4,2,2,99,,2,99,,,,,,,,,,,,,,,,,0,0,0,,,,,0,,,,,,,,,,,,,,,,,,,,,,0,
12/8/2013,15:35,Lowell St & Hudson St,Somerville,MA,1,1,2,2,1,3,2,1,1,,1,3,4,,,,,,,,,,,,,,,,0,0,0,,,,,0,,,,,,,,,,,,,,,,,,,,,,0,
12/8/2013,16:27,278 Elm St,Somerville,MA,2,1,1,1,4,1,1,1,10,19,,,,,,,,,,,,,,,,,,,0,1,0,4,5,,7,1,,0,65,3,1,,,,,,,,,,,,,,,,,0,
12/8/2013,22:00,Oliver St & Cross St,Somerville,MA,1,1,2,3,4,3,2,6,1,,1,1,,,,,,,,,,,,,,,,,0,0,0,,,,,0,,,,,,,,,,,,,,,,,,,,,,1,
12/7/2013,1:52,380 Washington St,Somerville,MA,5,2,3,2,1,unk,4,1,7,,2,1,,1,1,,1,1,,,,,,,,,,,0,0,0,,,,,0,,,,,,,,,,,,,,,,,,,,,,0,
12/6/2013,23:46,Highland Ave & Walnut St,Somerville,MA,5,2,3,3,1,3,2,2,1,,2,4,,,,,,,,,,,,,,,,,0,0,0,,,,,1,,1,59,3,0,,,,,,,,,,,,,,,,,0,
12/5/2013,9:45,Washington St & Webster Ave,Somerville,MA,2,1,3,2,2,3,2,1,99,,2,99,,,,,,,,,,,,,,,,,0,0,0,,,,,0,,,,,,,,,,,,,,,,,,,,,,0,
12/4/2013,16:56,30 Washington St,Somerville,MA,unk,unk,unk,unk,unk,unk,3,1,5,,2,1,,1,1,,,,,,,,,,,,,,0,0,0,,,,,1,3,0,95,4,1,1,46,4,0,0,37,4,0,,,,,,,,,0,
12/3/2013,18:36,Holland St & Buena Vista Rd,Somerville,MA,1,1,1,3,1,2,4,3,1,,1,1,,1,1,,1,22,,,,,,,,,,,0,0,1,,,Motorcycle,,1,,0,29,4,1,,,,,,,,,,,,,,,,,0,
12/3/2013,8:24,Pearson Rd & Warner St,Somerville,MA,2,1,2,2,1,3,2,1,4,,1,1,,,,,,,,,,,,,,,,,0,0,0,,,,,0,,,,,,,,,,,,,,,,,,,,,,0,
12/1/2013,9:09,Broadway & Warner St,Somerville,MA,2,2,4,7,4,3,2,2,4,,2,99,,,,,,,,,,,,,,,,,0,0,0,,,,,1,5,0,56,4,1,0,65,4,1,0,57,4,1,0,68,4,1,0,3,4,1,0,Powder House Rotary
12/1/2013,16:32,83 Cross St,Somerville,MA,3,2,1,1,1,99,1,1,1,,,,,,,,,,,,,,,,,,,,0,0,0,,,,,0,,,,,,,,,,,,,,,,,,,,,,0,
11/30/2013,1:48,28 Burnham St,Somerville,MA,1,1,1,1,1,5,2,2,20,,2,1,,,,,,,,,,,,,,,,,0,0,0,,,,,0,,,,,,,,,,,,,,,,,,,,,,0,
11/29/2013,22:28,Temple St & Broadway,Somerville,MA,1,1,3,3,2,2,2,1,1,,1,14,,,,,,,,,,,,,,,,,0,0,0,,,,,0,,,,,,,,,,,,,,,,,,,,,,0,
11/28/2013,23:09,Laurel St & Laurel Terr,Somerville,MA,1,1,1,3,4,2,3,1,1,,2,1,,1,1,,,,,,,,,,,,,,0,0,0,,,,,0,,,,,,,,,,,,,,,,,,,,,,0,
11/27/2013,14:20,Harding St & South St,Somerville,MA,3,2,2,3,4,3,2,1,1,,1,4,3,,,,,,,,,,,,,,,,0,0,0,,,,,1,,0,67,3,1,,,,,,,,,,,,,,,,,0,
11/26/2013,10:00,Broadway & Packard Ave,Somerville,MA,unk,unk,unk,unk,unk,unk,2,1,1,,2,1,,,,,,,,,,,,,,,,,0,0,0,,,,,1,3,1,61,3,1,0,56,3,1,0,79,3,1,,,,,,,,,0,
11/25/2013,9:00,Curtis St & Curtis Ave,Somerville,MA,1,1,2,3,1,3,2,6,1,,2,1,,,,,,,,,,,,,,,,,0,0,0,,,,,0,,,,,,,,,,,,,,,,,,,,,,1,
11/25/2013,22:46,Elm St & Cedar St,Somerville,MA,1,1,3,2,1,2,2,2,19,10,1,1,,,,,,,,,,,,,,,,,0,0,0,,,,,0,,,,,,,,,,,,,,,,,,,,,,0,
11/25/2013,20:13,Myrtle St & McGrath Hwy,Somerville,MA,1,1,3,4,1,4,2,1,1,,2,10,9,,,,,,,,,,,,,,,,0,0,0,,,,,0,,,,,,,,,,,,,,,,,,,,,,0,
11/25/2013,11:48,Broadway & Cross St,Somerville,MA,1,1,3,2,3,2,2,1,24,,2,99,,,,,,,,,,,,,,,,,0,0,0,,,,,1,4,0,87,4,0,1,43,4,0,1,51,4,0,1,44,4,0,,,,,0,
11/25/2013,9:02,Broadway & Main St,Somerville,MA,1,1,3,2,2,2,2,2,99,,1,1,,,,,,,,,,,,,,,,,0,0,0,,,,,0,,,,,,,,,,,,,,,,,,,,,,0,
11/25/2013,6:03,Highland Ave & Walnut St,Somerville,MA,1,1,3,2,1,5,2,1,1,,2,3,,,,,,,,,,,,,,,,,0,0,0,,,,,0,,,,,,,,,,,,,,,,,,,,,,0,
11/24/2013,12:55,REVOLUTION DRIVE,Somerville,MA,1,1,1,3,3,3,2,1,4,,1,1,,,,,,,,,,,,,,,,,0,0,0,,,,,0,,,,,,,,,,,,,,,,,,,,,,0,
11/24/2013,13:24,30 College Ave,Somerville,MA,1,1,1,1,1,4,1,2,1,,,,,,,,,,,,,,,,,,,,1,0,0,4,2,,3,0,,,,,,,,,,,,,,,,,,,,,,0,
11/24/2013,22:24,19 Adams St,Somerville,MA,1,1,1,1,4,4,3,1,99,,,1,,,,,,,,,,,,,,,,,0,0,0,,,,,0,,,,,,,,,,,,,,,,,,,,,,0,
11/23/2013,5:53,Walnut St & Gilman St,Somerville,MA,1,1,1,3,4,2,4,1,10,,1,1,,1,1,,1,1,,,,,,,,,,,0,0,0,,,,,1,,0,28,2,1,,,,,,,,,,,,,,,,,0,
11/21/2013,13:07,Prospect St & Somerville Ave,Somerville,MA,1,1,3,2,1,4,2,2,1,,10,1,,,,,,,,,,,,,,,,,0,0,0,,,,,0,,,,,,,,,,,,,,,,,,,,,,0,
11/21/2013,14:00,Washington St & Florence St,Somerville,MA,1,1,1,1,1,1,1,2,1,,,,,,,,,,,,,,,,,,,,1,0,0,4,2,,6,1,,1,74,4,0,,,,,,,,,,,,,,,,,0,
11/20/2013,7:26,Farragut Ave & Hooker Ave,Somerville,MA,1,1,2,3,1,3,2,1,3,,1,1,,,,,,,,,,,,,,,,,0,0,0,,,,,0,,,,,,,,,,,,,,,,,,,,,,0,
11/19/2013,19:00,Somerville Ave & Kent St,Somerville,MA,1,1,1,3,unk,5,1,1,99,,,,,,,,,,,,,,,,,,,,1,0,0,4,2,,2,0,,,,,,,,,,,,,,,,,,,,,,0,
11/19/2013,8:59,605 Broadway,Somerville,MA,1,1,1,1,2,2,2,1,1,,1,97,,,,,,,,,,,,,,,,,0,0,0,,,,,1,2,1,63,4,0,1,41,4,0,,,,,,,,,,,,,0,
11/18/2013,11:53,176 Tremont St,Somerville,MA,1,1,1,1,4,4,2,1,1,,,,,,,,,,,,,,,,,,,,0,0,0,,,,,0,,,,,,,,,,,,,,,,,,,,,,0,
11/18/2013,7:58,Broadway & Fellsway W,Somerville,MA,"2,3",2,"2,5",2,3,3,2,1,1,,2,99,,,,,,,,,,,,,,,,,0,0,0,,,,,0,,,,,,,,,,,,,,,,,,,,,,0,
11/16/2013,16:49,Fellsway & Grand Union Blvd,Somerville,MA,unk,unk,unk,unk,unk,unk,3,1,5,,1,1,,1,1,,,,,,,,,,,,,,0,0,0,,,,,1,,1,31,4,1,,,,,,,,,,,,,,,,,0,
11/16/2013,18:30,Summer St & Cutter Ave,Somerville,MA,1,1,3,3,4,2,3,1,14,17,1,1,,1,,,,,,,,,,,,,,,0,0,0,,,,,1,,1,57,3,1,,,,,,,,,,,,,,,,,0,
11/15/2013,15:49,13 Cutter St,Somerville,MA,1,1,1,1,4,1,1,1,10,,,,,,,,,,,,,,,,,,,,0,0,1,,,Exterior wall of residence; fence,,0,,,,,,,,,,,,,,,,,,,,,,0,
11/15/2013,8:00,157 Beacon St,Somerville,MA,unk,unk,unk,unk,unk,unk,2,1,1,,97,1,,,,,,,,,,,,,,,,,1,0,0,10,2,,3,1,,0,,4,0,,,,,,,,,,,,,,,,,0,
11/14/2013,11:15,689 Somerville Ave,Somerville,MA,1,1,1,1,1,1,1,1,4,,,,,,,,,,,,,,,,,,,,1,0,0,4,2,,2,1,,0,41,3,1,,,,,,,,,,,,,,,,,0,
11/14/2013,15:41,148 Highland Ave,Somerville,MA,2,1,1,1,1,3,2,1,1,,2,3,,,,,,,,,,,,,,,,,0,0,0,,,,,0,,,,,,,,,,,,,,,,,,,,,,0,
11/12/2013,17:40,Washington St & Hawkins St,Somerville,MA,1,1,6,3,1,2,2,1,1,,1,10,19,,,,,,,,,,,,,,,,0,0,0,,,,,0,,,,,,,,,,,,,,,,,,,,,,0,
11/9/2013,19:45,226 Pearl St,Somerville,MA,1,1,1,1,1,4,5,2,9,11,1,1,,1,1,,1,1,,2,1,,,,,,,,0,0,0,,,,,0,,,,,,,,,,,,,,,,,,,,,,0,
11/7/2013,13:18,Somerville Ave & Loring St,Somerville,MA,3,2,1,3,1,1,1,6,4,,,,,,,,,,,,,,,,,,,,1,0,0,4,2,,2,1,,1,33,2,1,,,,,,,,,,,,,,,,,0,
11/5/2013,6:25,Central St & Summer St,Somerville,MA,1,1,3,2,1,3,2,1,1,,1,1,,,,,,,,,,,,,,,,,0,0,0,,,,,1,,1,55,4,0,,,,,,,,,,,,,,,,,0,
11/5/2013,19:53,Paulina St & Holland St,Somerville,MA,1,1,1,3,1,1,1,2,4,,,,,,,,,,,,,,,,,,,,0,1,0,1,2,,2,1,,0,32,3,1,,,,,,,,,,,,,,,,,0,
11/5/2013,19:40,Broadway & Willow Ave,Somerville,MA,1,1,3,2,1,5,2,1,1,,2,1,,,,,,,,,,,,,,,,,0,0,0,,,,,0,,,,,,,,,,,,,,,,,,,,,,1,
11/5/2013,10:44,Harrison St & Ivaloo St,Somerville,MA,1,1,2,4,1,1,1,7,99,,,,,,,,,,,,,,,,,,,,0,0,1,,,Overhead electric wires,,0,,,,,,,,,,,,,,,,,,,,,,0,
11/2/2013,9:48,158 Highland Ave,Somerville,MA,1,1,3,2,1,3,2,2,99,,1,99,,,,,,,,,,,,,,,,,0,0,0,,,,,0,,,,,,,,,,,,,,,,,,,,,,0,
11/1/2013,9:00,Sycamore St & Highland Ave,Somerville,MA,"2,3",2,1,3,4,3,1,1,99,,,,,,,,,,,,,,,,,,,,0,1,0,1,1,,1,1,,1,75,2,1,,,,,,,,,,,,,,,,,0,
10/31/2013,17:49,26 TEMPLE STREET,Somerville,MA,3,2,3,1,1,2,3,1,99,,1,1,,1,1,,,,,,,,,,,,,,0,0,0,,,,,0,,,,,,,,,,,,,,,,,,,,,,0,
10/31/2013,11:22,SUMMER STREET & CHURCH STREET,Somerville,MA,2,1,1,2,1,4,2,2,1,,,9,,,,,,,,,,,,,,,,,0,0,0,,,,,0,,,,,,,,,,,,,,,,,,,,,,1,
10/30/2013,19:18,REVOLUTION DRIVE,Somerville,MA,1,1,1,1,3,3,2,1,1,,2,1,,,,,,,,,,,,,,,,,0,0,0,,,,,0,,,,,,,,,,,,,,,,,,,,,,0,
10/29/2013,12:05,Rte 16 W & ALEWIFE BROOK PARKWAY,Somerville,MA,1,1,unk,1,1,2,2,2,1,,1,5,20,,,,,,,,,,,,,,,,0,0,0,,,,,0,,,,,,,,,,,,,,,,,,,,,,0,
10/27/2013,2:00,400 SOMERVILLE AVENUE,Somerville,MA,2,1,1,1,1,3,3,1,2,10,1,1,,2,1,,,,,,,,,,,,,,0,0,0,,,,,0,,,,,,,,,,,,,,,,,,,,,,0,
10/27/2013,17:09,COLUMBUS AVENUE & BONNER AVENUE,Somerville,MA,1,1,1,3,1,2,2,2,10,7,1,1,,,,,,,,,,,,,,,,,0,0,0,,,,,1,,1,55,2,1,,,,,,,,,,,,,,,,,0,
10/27/2013,13:52,WEBSTER AVENUE & COLUMBIA STREET,Somerville,MA,2,1,2,3,1,3,2,1,1,,1,4,,,,,,,,,,,,,,,,,0,0,0,,,,,0,,,,,,,,,,,,,,,,,,,,,,0,
10/27/2013,2:10,38 DANE STREET,Somerville,MA,2,1,1,1,1,3,2,1,2,99,2,1,,,,,,,,,,,,,,,,,0,0,0,,,,,0,,,,,,,,,,,,,,,,,,,,,,0,
10/25/2013,8:44,BROADWAY & MAIN STREET,Somerville,MA,2,1,3,2,1,3,2,2,3,,1,1,,,,,,,,,,,,,,,,,0,0,0,,,,,0,,,,,,,,,,,,,,,,,,,,,,0,
10/24/2013,9:57,PRESCOTT STREET & HIGHLAND AVENUE,Somerville,MA,1,1,2,3,1,3,2,1,3,,1,1,,,,,,,,,,,,,,,,,0,0,0,,,,,0,,,,,,,,,,,,,,,,,,,,,,0,
10/24/2013,6:58,BEACON STREET & WASHINGTON STREET,Somerville,MA,unk,unk,unk,unk,unk,unk,1,1,6,,,,,,,,,,,,,,,,,,,,0,1,0,1,1,,2,1,,,26,4,1,,,,,,,,,,,,,,,,,0,
10/23/2013,18:11,COLLEGE AVENUE & MORRISON AVENUE,Somerville,MA,1,1,3,3,1,2,2,1,19,,1,1,,,,,,,,,,,,,,,,,0,0,0,,,,,1,,0,49,3,0,,,,,,,,,,,,,,,,,0,
10/22/2013,7:54,130 SUMMER STREET,Somerville,MA,1,1,1,1,2,2,2,1,5,,1,1,,,,,,,,,,,,,,,,,0,0,0,,,,,0,,,,,,,,,,,,,,,,,,,,,,0,
10/21/2013,16:34,32 CLARENDON AVENUE,Somerville,MA,1,1,1,1,4,5,2,10,3,8,1,,,,,,,,,,,,,,,,,,0,0,0,,,,,0,,,,,,,,,,,,,,,,,,,,,,0,
10/20/2013,1:33,HAWTHORNE STREET & WILLOW STREET,Somerville,MA,3,2,2,3,4,3,2,1,1,,1,4,,,,,,,,,,,,,,,,,0,0,0,,,,,0,,,,,,,,,,,,,,,,,,,,,,0,
10/19/2013,9:37,195 HIGHLAND AVENUE,Somerville,MA,1,1,1,1,2,3,2,3,1,,1,4,,,,,,,,,,,,,,,,,0,0,1,,,Motorcycle,,1,2,1,38,2,1,0,29,4,0,,,,,,,,,,,,,0,
10/19/2013,1:30,4 EVERGREEN AVENUE,Somerville,MA,99,99,1,1,4,"3,4",2,1,1,,2,97,,,,,,,,,,,,,,,,,0,0,0,,,,,0,,,,,,,,,,,,,,,,,,,,,,0,
10/16/2013,23:17,2 HIGHLAND AVENUE,Somerville,MA,2,1,3,2,2,1,1,1,99,,,,,,,,,,,,,,,,,,,,0,0,1,,,Traffic sign,,0,,,,,,,,,,,,,,,,,,,,,,0,
10/16/2013,20:19,PEARL STREET,Somerville,MA,1,1,1,1,3,4,2,1,9,10,1,1,,,,,,,,,,,,,,,,,0,0,0,,,,,0,,,,,,,,,,,,,,,,,,,,,,0,
10/15/2013,15:02,BROADWAY & CHARLES E RYAN ROAD,Somerville,MA,1,1,1,3,3,3,2,2,1,,6,1,,,,,,,,,,,,,,,,,0,0,0,,,,,1,,1,58,3,1,,,,,,,,,,,,,,,,,0,
10/15/2013,22:30,POWDER HOUSE BOULEVARD & MASON STREET,Somerville,MA,1,1,1,3,1,4,2,1,20,,1,1,,,,,,,,,,,,,,,,,0,0,0,,,,,0,,,,,,,,,,,,,,,,,,,,,,0,
10/15/2013,0:00,229 TREMONT STREET,Somerville,MA,1,1,1,4,4,4,2,1,99,,1,1,,,,,,,,,,,,,,,,,0,0,0,,,,,0,,,,,,,,,,,,,,,,,,,,,,0,
10/14/2013,23:08,30 GILMAN STREET,Somerville,MA,1,1,1,1,4,4,3,1,1,,1,1,,2,9,10,,,,,,,,,,,,,0,0,0,,,,,0,,,,,,,,,,,,,,,,,,,,,,0,