Date,Time,Location,City,State,Weather (2&3),Road Surface (6),Traffic Control Device (4),Intersection Type (7),Traffic Way Desc (8),Collision Manner (11),# of Involved Vehicles,Vehicle1 Configuration (21),Driver1 Contrib Code1 (25),Driver1 Contrib Code2 (25),Vehicle2 Configuration (21),Driver2 Contrib Code1 (25),Driver2 Contrib Code2 (25),Vehicle3 Configuration (21),Driver3 Contrib Code1 (25),Driver3 Contrib Code2 (25),Vehicle4 Configuration (21),Driver4 Contrib Code1 (25),Driver4 Contrib Code2 (25),Vehicle5 Configuration (21),Driver5 Contrib Code1 (25),Driver5 Contrib Code2 (25),Vehicle6 Configuration (21),Driver6 Contrib Code1 (25),Driver6 Contrib Code2 (25),Vehicle7 Configuration (21),Driver7 Contrib Code1 (25),Driver7 Contrib Code2 (25),Bicycle,Pedestrian,Non-MV,Non-Motorist Location (16),Non-Motorist Action (15),Non-Motorist Type,Manner of Non-Motorist (Person) Collision,Injury,Multiple,Gender1,Age1,Severity1,Hospital1,Gender2,Age2,Severity2,Hospital2,Gender3,Age3,Severity3,Hospital3,Gender4,Age4,Severity4,Hospital4,Gender5,Age5,Severity5,Hospital5,City Vehicle?,Notes
10/14/2013,22:53,CROSS STREET & FLINT STREET,Somerville,MA,1,1,2,2,1,3,2,1,1,,1,2,3,,,,,,,,,,,,,,,,0,0,0,,,,,0,,,,,,,,,,,,,,,,,,,,,,0,
10/14/2013,7:35,LOMBARDI WAY & MYSTIC AVENUE,Somerville,MA,1,1,3,2,1,3,2,1,3,,1,1,,,,,,,,,,,,,,,,,0,0,0,,,,,1,,0,,4,1,,,,,,,,,,,,,,,,,0,
10/11/2013,22:01,344 SOMERVILLE AVENUE,Somerville,MA,2,1,1,1,4,4,2,2,4,,1,1,,,,,,,,,,,,,,,,,0,0,0,,,,,1,,0,41,4,1,,,,,,,,,,,,,,,,,0,
10/8/2013,13:05,SUMMER STREET & WINDOM STREET,Somerville,MA,1,1,1,3,4,2,3,1,20,,,,,,,,,,,,,,,,,,,,0,0,0,,,,,1,,1,49,4,0,,,,,,,,,,,,,,,,,0,
10/8/2013,10:30,BEACON STREET & OXFORD STREET,Somerville,MA,1,1,1,3,1,1,1,1,13,,,,,,,,,,,,,,,,,,,,1,0,0,10,2,,1,1,,1,31,3,0,,,,,,,,,,,,,,,,,0,
10/7/2013,19:22,POWDER HOUSE BOULEVARD & NORTH STREET,Somerville,MA,3,2,3,2,1,3,2,1,3,10,1,1,,,,,,,,,,,,,,,,,0,0,0,,,,,0,,,,,,,,,,,,,,,,,,,,,,0,
10/6/2013,15:00,TEMPLE STREET & DERBY STREET,Somerville,MA,"2,3",2,1,1,1,3,2,1,7,,1,1,,,,,,,,,,,,,,,,,0,0,0,,,,,1,,0,27,4,1,,,,,,,,,,,,,,,,,0,
10/4/2013,15:28,175 HIGHLAND AVENUE,Somerville,MA,2,1,1,1,1,4,2,2,1,,2,1,,,,,,,,,,,,,,,,,0,0,0,,,,,1,,0,17,3,1,,,,,,,,,,,,,,,,,0,
10/2/2013,18:36,SYCAMORE STREET & MEDFORD STREET,Somerville,MA,unk,unk,unk,unk,unk,unk,1,1,1,,,,,,,,,,,,,,,,,,,,1,0,0,4,1,,5,1,,1,54,4,1,,,,,,,,,,,,,,,,,0,
10/1/2013,20:51,196 BROADWAY,Somerville,MA,1,1,1,1,2,2,2,1,10,9,1,1,,,,,,,,,,,,,,,,,0,0,0,,,,,1,,1,40,4,0,,,,,,,,,,,,,,,,,0,
10/1/2013,18:09,71 BEACON STREET,Somerville,MA,1,1,1,1,1,1,1,1,19,,,,,,,,,,,,,,,,,,,,1,0,0,4,2,,3,1,,1,35,4,0,,,,,,,,,,,,,,,,,0,
10/1/2013,6:29,167 HIGHLAND AVENUE,Somerville,MA,1,1,1,1,2,1,1,1,19,,,,,,,,,,,,,,,,,,,,0,1,0,4,2,,7,1,,0,87,4,1,,,,,,,,,,,,,,,,,0,
9/30/2013,12:00,PARK STREET & SOMERVILLE AVENUE,Somerville,MA,1,1,3,3,1,2,2,1,1,,2,5,,,,,,,,,,,,,,,,,0,0,0,,,,,0,,,,,,,,,,,,,,,,,,,,,,0,
9/28/2013,19:00,70 PEARL STREET,Somerville,MA,1,1,1,1,1,1,1,2,10,9,,,,,,,,,,,,,,,,,,,0,0,1,,,Tree; fence,,0,,,,,,,,,,,,,,,,,,,,,,0,
9/28/2013,13:17,CENTRAL STREET & HIGHLAND AVENUE,Somerville,MA,1,1,3,2,1,3,2,2,1,,1,4,,,,,,,,,,,,,,,,,0,0,0,,,,,0,,,,,,,,,,,,,,,,,,,,,,0,
9/27/2013,7:47,BEACON STREET & WASHINGTON STREET,Somerville,MA,1,1,3,2,2,3,2,6,99,,,,,,,,,,,,,,,,,,,,0,0,0,,,,,0,,,,,,,,,,,,,,,,,,,,,,0,
9/27/2013,7:54,31 UNION SQUARE,Somerville,MA,2,1,3,1,4,3,1,1,4,,,,,,,,,,,,,,,,,,,,0,1,0,1,1,,5,0,,,,,,,,,,,,,,,,,,,,,,0,Ped walking bike
9/27/2013,14:40,45 BROADWAY,Somerville,MA,1,1,1,1,2,5,2,6,99,,2,1,,,,,,,,,,,,,,,,,0,0,0,,,,,0,,,,,,,,,,,,,,,,,,,,,,0,
9/27/2013,11:43,BROADWAY & FELLSWAY,Somerville,MA,2,1,3,3,2,2,2,2,19,,2,1,,,,,,,,,,,,,,,,,0,0,0,,,,,0,,,,,,,,,,,,,,,,,,,,,,0,
9/25/2013,12:56,186 LOWELL STREET,Somerville,MA,1,1,1,1,1,4,2,2,1,,1,6,9,,,,,,,,,,,,,,,,0,0,0,,,,,1,,1,74,4,1,,,,,,,,,,,,,,,,,0,
9/24/2013,11:55,BOSTON STREET & WALNUT STREET,Somerville,MA,1,1,2,3,4,3,2,2,4,,1,1,,,,,,,,,,,,,,,,,0,0,0,,,,,0,,,,,,,,,,,,,,,,,,,,,,0,
9/24/2013,18:28,596 SOMERVILLE AVENUE,Somerville,MA,1,1,1,9,1,1,1,2,4,,,,,,,,,,,,,,,,,,,,1,0,0,4,2,,2,1,,1,27,3,1,,,,,,,,,,,,,,,,,0,
9/24/2013,23:55,POWDER HOUSE BOULEVARD & CURTIS STREET,Somerville,MA,1,1,3,2,2,99,1,1,99,,,,,,,,,,,,,,,,,,,,0,0,1,99,1,Skater,5,1,,1,23,2,1,,,,,,,,,,,,,,,,,0,
9/24/2013,14:30,16 WINTER STREET,Somerville,MA,1,1,1,1,4,4,2,6,1,,10,1,,,,,,,,,,,,,,,,,0,0,0,,,,,0,,,,,,,,,,,,,,,,,,,,,,1,
9/24/2013,13:07,BROADWAY & TEMPLE STREET,Somerville,MA,1,1,2,2,1,unk,1,2,19,,,,,,,,,,,,,,,,,,,,0,1,0,1,1,,4,0,,,,,,,,,,,,,,,,,,,,,,0,
9/23/2013,6:28,16 BEACON STREET,Somerville,MA,1,1,1,1,2,1,1,1,6,,,,,,,,,,,,,,,,,,,,1,0,0,10,2,,1,0,,,,,,,,,,,,,,,,,,,,,,0,
9/22/2013,6:58,PACKARD AVENUE,Somerville,MA,"2,3",2,3,3,1,2,2,1,1,,1,5,,,,,,,,,,,,,,,,,0,0,0,,,,,0,,,,,,,,,,,,,,,,,,,,,,0,
9/22/2013,11:20,213 HIGHLAND AVENUE,Somerville,MA,1,1,1,1,1,2,2,1,99,,1,99,,,,,,,,,,,,,,,,,0,0,0,,,,,1,,0,42,99,1,,,,,,,,,,,,,,,,,0,
9/20/2013,8:48,SOMERVILLE AVENUE & KENT STREET,Somerville,MA,1,1,1,3,1,3,1,2,99,,,,,,,,,,,,,,,,,,,,1,0,0,4,2,,2,1,,0,24,3,0,,,,,,,,,,,,,,,,,0,
9/19/2013,8:04,15 BEACON STREET,Somerville,MA,1,1,1,1,1,3,1,6,1,,,,,,,,,,,,,,,,,,,,1,0,0,4,2,,3,1,,1,49,3,1,,,,,,,,,,,,,,,,,0,
9/19/2013,7:36,64 UNION SQUARE,Somerville,MA,1,1,1,1,1,4,1,2,9,,,,,,,,,,,,,,,,,,,,1,0,0,4,2,,7,1,,1,35,3,1,,,,,,,,,,,,,,,,,0,
9/19/2013,20:00,CUTTER AVENUE & ELM STREET,Somerville,MA,1,1,3,3,4,3,2,3,1,,1,3,4,,,,,,,,,,,,,,,,0,0,1,,,Motorcycle,,1,,1,27,4,0,,,,,,,,,,,,,,,,,0,
9/19/2013,10:28,454 MEDFORD STREET,Somerville,MA,"1,97",1,1,1,2,4,2,2,1,,,,,,,,,,,,,,,,,,,,0,0,0,,,,,0,,,,,,,,,,,,,,,,,,,,,,0,
9/18/2013,18:57,BROADWAY & CLARENDON AVENUE,Somerville,MA,1,1,1,3,1,1,1,1,4,,,,,,,,,,,,,,,,,,,,1,0,0,4,2,,2,1,,1,26,3,1,,,,,,,,,,,,,,,,,0,
9/16/2013,7:42,BROADWAY,Somerville,MA,1,1,2,2,1,1,2,1,1,,7,97,,,,,,,,,,,,,,,,,0,0,0,,,,,0,,,,,,,,,,,,,,,,,,,,,,0,
9/15/2013,19:22,608 SOMERVILLE AVENUE,Somerville,MA,2,1,1,1,1,2,3,1,1,,2,5,19,,2,5,19,,,,,,,,,,,,0,0,0,,,,,1,,0,27,4,1,,,,,,,,,,,,,,,,,0,
9/15/2013,18:09,235 HIGHLAND AVENUE,Somerville,MA,2,1,1,1,1,3,2,2,1,,1,4,19,,,,,,,,,,,,,,,,0,0,0,,,,,0,,,,,,,,,,,,,,,,,,,,,,0,
9/14/2013,21:13,BROADWAY & SCHOOL STREET,Somerville,MA,1,1,3,3,3,2,2,2,1,,1,5,10,,,,,,,,,,,,,,,,0,0,0,,,,,0,,,,,,,,,,,,,,,,,,,,,,0,
9/13/2013,16:55,PAULINA STREET & BROADWAY,Somerville,MA,1,1,4,2,1,2,1,2,1,,,,,,,,,,,,,,,,,,,,1,0,0,4,1,,5,1,,0,,4,1,,,,,,,,,,,,,,,,,0,
9/12/2013,14:46,1 AVON STREET,Somerville,MA,1,1,1,3,4,4,2,5,99,,2,,,,,,,,,,,,,,,,,,0,0,0,,,,,0,,,,,,,,,,,,,,,,,,,,,,0,
9/12/2013,18:50,SOUTH STREET & HARDING STREET,Somerville,MA,1,1,2,2,4,3,2,1,4,,1,1,,,,,,,,,,,,,,,,,0,0,0,,,,,1,,0,40,3,0,,,,,,,,,,,,,,,,,0,
9/11/2013,8:35,160 HIGHLAND AVENUE,Somerville,MA,1,1,1,1,1,3,1,1,19,,,,,,,,,,,,,,,,,,,,1,0,0,4,2,,3,1,,0,29,4,0,,,,,,,,,,,,,,,,,0,
9/10/2013,12:30,SUMMER STREET & SCHOOL STREET,Somerville,MA,"2,3",2,3,2,1,3,2,2,4,,2,1,,,,,,,,,,,,,,,,,0,0,0,,,,,0,,,,,,,,,,,,,,,,,,,,,,0,
9/10/2013,17:06,PARK STREET,Somerville,MA,2,1,8,1,1,2,2,1,19,,1,1,,,,,,,,,,,,,,,,,0,0,0,,,,,1,,1,48,3,0,,,,,,,,,,,,,,,,,0,
9/10/2013,13:13,BROADWAY & MEDFORD STREET,Somerville,MA,"2,3",2,3,2,3,2,2,1,1,,6,97,,,,,,,,,,,,,,,,,0,0,0,,,,,0,,,,,,,,,,,,,,,,,,,,,,0,
9/9/2013,22:22,BROADWAY,Somerville,MA,2,1,2,3,3,3,2,1,4,,1,1,,,,,,,,,,,,,,,,,0,0,0,,,,,0,,,,,,,,,,,,,,,,,,,,,,0,
9/7/2013,1:19,SYCAMORE STREET & BROADWAY,Somerville,MA,1,1,2,3,4,4,2,1,99,,1,99,,,,,,,,,,,,,,,,,0,0,0,,,,,0,,,,,,,,,,,,,,,,,,,,,,0,
9/7/2013,13:27,BALL SQUARE & BOSTON AVENUE,Somerville,MA,1,1,1,1,2,2,5,1,1,,1,1,,1,1,,1,1,,1,5,,,,,,,,0,0,0,,,,,1,,0,33,4,1,,,,,,,,,,,,,,,,,0,
9/7/2013,13:05,523 BROADWAY,Somerville,MA,2,1,1,3,2,2,2,1,1,,2,1,,,,,,,,,,,,,,,,,0,0,0,,,,,0,,,,,,,,,,,,,,,,,,,,,,0,
9/5/2013,12:10,ELM STREET & ELSTON STREET,Somerville,MA,2,1,2,3,1,3,2,1,1,,2,4,,,,,,,,,,,,,,,,,0,0,0,,,,,0,,,,,,,,,,,,,,,,,,,,,,0,
9/4/2013,14:57,12 UNION SQUARE,Somerville,MA,1,1,1,1,3,3,2,1,1,,2,9,,,,,,,,,,,,,,,,,0,0,0,,,,,0,,,,,,,,,,,,,,,,,,,,,,0,
9/4/2013,13:44,SYCAMORE STREET & MEDFORD STREET,Somerville,MA,1,1,3,2,4,4,2,8,12,,2,1,,,,,,,,,,,,,,,,,0,0,0,,,,,0,,,,,,,,,,,,,,,,,,,,,,0,
9/3/2013,14:32,BROADWAY & GRANT STREET,Somerville,MA,1,1,1,3,3,3,2,1,4,,1,1,,,,,,,,,,,,,,,,,0,0,0,,,,,0,,,,,,,,,,,,,,,,,,,,,,0,
9/3/2013,8:04,49 TUFTS STREET,Somerville,MA,1,1,1,1,1,3,2,1,4,,1,1,,,,,,,,,,,,,,,,,0,0,0,,,,,0,,,,,,,,,,,,,,,,,,,,,,0,
9/2/2013,5:35,HARDAN ROAD & SOUTH STREET,Somerville,MA,3,2,2,2,2,6,2,1,1,,,3,,,,,,,,,,,,,,,,,0,0,0,,,,,1,,0,20,4,1,,,,,,,,,,,,,,,,,0,
9/2/2013,18:07,MICHIGAN AVENUE & PENNSYLVANIA AVENUE,Somerville,MA,1,1,2,3,4,4,2,6,99,,1,1,,,,,,,,,,,,,,,,,0,0,0,,,,,0,,,,,,,,,,,,,,,,,,,,,,0,
8/31/2013,13:53,WASHINGTON STREET & MCGRATH HIGHWAY,Somerville,MA,1,1,3,3,3,4,2,1,1,,1,6,9,,,,,,,,,,,,,,,,0,0,0,,,,,0,,,,,,,,,,,,,,,,,,,,,,0,
8/28/2013,10:50,COLUMBUS AVENUE & STONE AVENUE,Somerville,MA,1,1,2,7,1,3,2,8,19,,,,,,,,,,,,,,,,,,,,0,0,0,,,,,0,,,,,,,,,,,,,,,,,,,,,,0,
8/27/2013,16:28,461 BROADWAY,Somerville,MA,1,1,1,1,2,6,2,1,6,,1,,,,,,,,,,,,,,,,,,0,0,0,,,,,0,,,,,,,,,,,,,,,,,,,,,,0,
8/26/2013,19:20,180 SOMERVILLE AVENUE,Somerville,MA,1,1,1,1,1,2,2,1,1,,8,1,,,,,,,,,,,,,,,,,0,0,0,,,,,1,,0,26,4,1,,,,,,,,,,,,,,,,,0,
8/26/2013,15:30,MEDFORD STREET & PEARL STREET,Somerville,MA,unk,unk,unk,unk,unk,unk,2,1,1,,1,1,,,,,,,,,,,,,,,,,0,0,0,,,,,0,,,,,,,,,,,,,,,,,,,,,,0,
8/25/2013,7:10,65 EDGAR AVENUE,Somerville,MA,1,1,1,1,1,3,3,2,1,,1,1,,,,,,,,,,,,,,,,,0,0,0,,,,,0,,,,,,,,,,,,,,,,,,,,,,0,
8/23/2013,9:15,519 BROADWAY,Somerville,MA,1,1,1,1,99,4,1,8,99,,,,,,,,,,,,,,,,,,,,0,0,1,,,Light pole,,0,,,,,,,,,,,,,,,,,,,,,,0,
8/23/2013,16:00,BROADWAY & TEMPLE STREET,Somerville,MA,1,1,1,1,3,1,1,1,11,,,,,,,,,,,,,,,,,,,,0,0,1,9,97,Light pole,,0,,,,,,,,,,,,,,,,,,,,,,0,
8/23/2013,13:26,DAVENPORT STREET & ELM STREET,Somerville,MA,1,1,2,3,1,3,2,1,4,,1,1,,,,,,,,,,,,,,,,,0,0,0,,,,,1,,1,42,4,1,,,,,,,,,,,,,,,,,0,
8/21/2013,17:35,BEACON STREET & WASHINGTON STREET,Somerville,MA,1,1,3,2,2,2,2,1,99,,2,99,,,,,,,,,,,,,,,,,0,0,0,,,,,0,,,,,,,,,,,,,,,,,,,,,,0,
8/19/2013,19:25,711 SOMERVILLE AVENUE,Somerville,MA,1,1,1,1,1,1,1,1,19,,,,,,,,,,,,,,,,,,,,1,0,0,4,2,,4,1,,1,27,2,1,,,,,,,,,,,,,,,,,0,
8/19/2013,14:28,270 CEDAR STREET,Somerville,MA,1,1,1,1,1,3,2,2,4,,8,1,,,,,,,,,,,,,,,,,0,0,0,,,,,0,,,,,,,,,,,,,,,,,,,,,,0,
8/17/2013,17:20,75 PROSPECT STREET,Somerville,MA,1,1,1,1,1,3,2,1,1,,1,3,4,,,,,,,,,,,,,,,,0,0,0,,,,,1,,0,24,4,0,,,,,,,,,,,,,,,,,0,
8/15/2013,16:04,WILLOW AVENUE & BROADWAY,Somerville,MA,1,1,3,2,1,2,2,2,3,,1,1,,,,,,,,,,,,,,,,,0,0,0,,,,,0,,,,,,,,,,,,,,,,,,,,,,0,
8/15/2013,14:37,BROADWAY & WESTON AVENUE,Somerville,MA,1,1,4,2,1,2,2,1,1,,1,5,19,,,,,,,,,,,,,,,,0,0,0,,,,,1,,0,46,4,1,,,,,,,,,,,,,,,,,0,
8/14/2013,22:22,79 WOODS AVENUE,Somerville,MA,1,1,1,1,4,3,2,1,19,,2,1,,,,,,,,,,,,,,,,,0,0,0,,,,,0,,,,,,,,,,,,,,,,,,,,,,0,
8/14/2013,10:15,CARLTON STREET & LAKE STREET,Somerville,MA,1,1,2,3,1,4,2,2,18,,1,,,,,,,,,,,,,,,,,,0,0,0,,,,,0,,,,,,,,,,,,,,,,,,,,,,0,
8/11/2013,21:56,MEDFORD STREET & WALNUT STREET,Somerville,MA,1,1,unk,2,1,3,2,1,99,,1,,,,,,,,,,,,,,,,,,0,0,0,,,,,0,,,,,,,,,,,,,,,,,,,,,,0,
8/10/2013,10:30,NORTH STREET & CONWELL AVENUE,Somerville,MA,unk,unk,unk,unk,unk,unk,2,1,19,,,1,,,,,,,,,,,,,,,,,0,0,0,,,,,1,,1,40,4,1,,,,,,,,,,,,,,,,,0,
8/9/2013,7:26,OLIVER STREET & CROSS STREET,Somerville,MA,3,1,2,3,1,3,2,2,3,4,2,1,,,,,,,,,,,,,,,,,0,0,0,,,,,0,,,,,,,,,,,,,,,,,,,,,,0,
8/9/2013,15:30,WILLOW AVENUE & MORRISON AVENUE,Somerville,MA,3,2,2,2,1,3,2,2,1,,1,4,,,,,,,,,,,,,,,,,0,0,0,,,,,0,,,,,,,,,,,,,,,,,,,,,,0,
8/9/2013,10:36,BROADWAY & CLARENDON AVENUE,Somerville,MA,3,2,1,3,1,3,2,1,99,,2,99,,,,,,,,,,,,,,,,,0,0,0,,,,,0,,,,,,,,,,,,,,,,,,,,,,0,
8/8/2013,14:06,BROADWAY & MAIN STREET,Somerville,MA,2,1,3,2,3,2,2,1,5,,2,1,,,,,,,,,,,,,,,,,0,0,0,,,,,1,2,1,45,4,1,0,,4,1,,,,,,,,,,,,,0,
8/5/2013,0:00,102 WHEATLAND STREET,Somerville,MA,1,1,1,1,4,2,3,1,99,,1,1,,1,1,,,,,,,,,,,,,,0,0,0,,,,,0,,,,,,,,,,,,,,,,,,,,,,0,
8/5/2013,21:43,WEBSTER AVENUE & PROSPECT STREET,Somerville,MA,1,1,1,4,2,2,2,2,99,,1,99,,,,,,,,,,,,,,,,,0,0,0,,,,,1,,0,42,4,0,,,,,,,,,,,,,,,,,0,
8/5/2013,9:05,BEACON STREET & MUSEUM STREET,Somerville,MA,1,1,1,3,1,2,3,1,19,,1,1,,2,1,,,,,,,,,,,,,,0,0,0,,,,,0,,,,,,,,,,,,,,,,,,,,,,0,
8/5/2013,8:31,WARNER STREET & BROADWAY,Somerville,MA,1,1,2,7,1,2,2,1,19,,,1,,,,,,,,,,,,,,,,,0,0,0,,,,,1,,0,51,4,0,,,,,,,,,,,,,,,,,0,
8/5/2013,8:01,242 SOMERVILLE AVENUE,Somerville,MA,"1,97",1,3,1,1,2,2,1,99,,1,99,,,,,,,,,,,,,,,,,0,0,0,,,,,0,,,,,,,,,,,,,,,,,,,,,,0,
8/3/2013,10:00,400 SOMERVILLE AVENUE,Somerville,MA,2,1,1,1,1,3,1,1,4,,,,,,,,,,,,,,,,,,,,1,0,0,4,2,,2,1,,0,27,3,0,,,,,,,,,,,,,,,,,0,
8/2/2013,15:40,75 CENTRAL STREET,Somerville,MA,1,1,1,1,1,1,1,2,1,,,,,,,,,,,,,,,,,,,,0,1,0,4,2,,7,1,,1,33,3,0,,,,,,,,,,,,,,,,,0,
8/2/2013,11:05,SHORE DRIVE & TEMPLE ROAD,Somerville,MA,1,1,1,3,1,3,2,6,97,,1,1,,,,,,,,,,,,,,,,,0,0,0,,,,,1,3,1,22,4,0,0,20,4,0,1,24,4,1,,,,,,,,,0,
7/31/2013,9:07,BROADWAY & WILLOW AVENUE,Somerville,MA,1,1,3,2,1,5,2,2,99,,2,99,,,,,,,,,,,,,,,,,0,0,0,,,,,1,,0,63,3,0,,,,,,,,,,,,,,,,,1,
7/30/2013,14:03,ASSEMBLY SQUARE DRIVE & GRAND UNION BOULEVARD,Somerville,MA,1,1,1,2,1,3,1,1,4,,,,,,,,,,,,,,,,,,,,1,0,0,4,2,,2,1,,1,66,3,1,,,,,,,,,,,,,,,,,0,
7/29/2013,18:09,36 MONTROSE STREET,Somerville,MA,2,1,1,1,4,3,2,1,4,,1,1,,,,,,,,,,,,,,,,,0,0,0,,,,,1,2,0,56,4,1,1,33,4,1,,,,,,,,,,,,,0,
7/29/2013,12:32,140 SUMMER STREET,Somerville,MA,1,1,1,1,2,3,2,1,9,10,1,,,,,,,,,,,,,,,,,,0,0,0,,,,,0,,,,,,,,,,,,,,,,,,,,,,0,
7/28/2013,0:00,155 CENTRAL STREET,Somerville,MA,1,1,1,1,1,4,3,1,14,,1,1,,1,1,,,,,,,,,,,,,,0,0,0,,,,,0,,,,,,,,,,,,,,,,,,,,,,0,
7/27/2013,2:09,SOMERVILLE AVENUE & CENTRAL STREET,Somerville,MA,1,1,3,3,1,2,2,1,1,,,,,,,,,,,,,,,,,,,,0,0,0,,,,,1,,1,37,4,0,,,,,,,,,,,,,,,,,0,
7/26/2013,13:07,237 WASHINGTON STREET,Somerville,MA,2,1,1,1,1,3,1,1,99,,,,,,,,,,,,,,,,,,,,1,0,0,4,2,,5,1,,1,31,4,0,,,,,,,,,,,,,,,,,0,
7/26/2013,20:06,136 HIGHLAND AVENUE,Somerville,MA,3,2,1,1,1,1,1,1,1,,,,,,,,,,,,,,,,,,,,0,1,0,3,1,,5,1,,0,23,4,1,,,,,,,,,,,,,,,,,0,
7/24/2013,21:14,24 IBBETSON STREET,Somerville,MA,1,1,1,1,1,3,4,1,10,7,1,1,,1,1,,1,1,,,,,,,,,,,0,0,0,,,,,0,,,,,,,,,,,,,,,,,,,,,,0,
7/23/2013,18:00,250 SCHOOL STREET,Somerville,MA,3,2,1,1,1,4,2,1,99,,1,99,,,,,,,,,,,,,,,,,0,0,0,,,,,0,,,,,,,,,,,,,,,,,,,,,,0,
7/21/2013,20:16,113 WASHINGTON STREET,Somerville,MA,1,1,1,1,2,2,3,2,1,,1,1,,2,5,,,,,,,,,,,,,,0,0,0,,,,,0,,,,,,,,,,,,,,,,,,,,,,0,
7/18/2013,9:23,TENNYSON STREET & MEDFORD STREET,Somerville,MA,1,1,2,2,1,3,2,1,4,,2,1,,,,,,,,,,,,,,,,,0,0,0,,,,,1,,1,24,4,1,,,,,,,,,,,,,,,,,0,
7/17/2013,18:54,GOVERNOR WINTHROP ROAD & TEN HILLS ROAD,Somerville,MA,1,1,2,2,1,3,2,2,3,4,1,1,,,,,,,,,,,,,,,,,0,0,0,,,,,1,,0,23,3,1,,,,,,,,,,,,,,,,,0,
7/17/2013,19:47,105 TEN HILLS ROAD,Somerville,MA,2,1,1,1,1,4,4,8,99,,1,,,1,,,1,,,,,,,,,,,,0,0,0,,,,,0,,,,,,,,,,,,,,,,,,,,,,0,
7/16/2013,9:55,10 WEBSTER AVENUE,Somerville,MA,1,1,1,1,4,2,3,1,97,,1,1,,1,1,,,,,,,,,,,,,,0,0,0,,,,,0,,,,,,,,,,,,,,,,,,,,,,0,
7/13/2013,21:20,CENTRAL STREET & MEDFORD STREET,Somerville,MA,"2,3",2,3,2,2,3,2,1,1,,1,99,,,,,,,,,,,,,,,,,0,0,0,,,,,1,4,1,27,4,0,1,27,4,0,0,26,4,0,1,18,4,0,,,,,0,
7/13/2013,14:05,MEDFORD STREET & CENTRAL STREET,Somerville,MA,1,1,3,2,1,3,3,1,4,,2,1,,1,1,,,,,,,,,,,,,,0,0,0,,,,,1,,0,1,3,0,,,,,,,,,,,,,,,,,0,
7/9/2013,19:41,MANSFIELD STREET & WASHINGTON STREET,Somerville,MA,unk,unk,unk,unk,unk,unk,2,2,1,,1,4,,,,,,,,,,,,,,,,,0,0,0,,,,,0,,,,,,,,,,,,,,,,,,,,,,0,
7/9/2013,18:36,182 WASHINGTON STREET,Somerville,MA,1,1,1,1,1,4,1,1,4,5,,,,,,,,,,,,,,,,,,,1,0,0,4,2,,1,1,,0,25,3,1,,,,,,,,,,,,,,,,,0,
7/9/2013,8:43,SOMERVILLE AVENUE & CENTRAL STREET,Somerville,MA,2,1,1,3,2,4,2,2,1,,6,1,,,,,,,,,,,,,,,,,0,0,0,,,,,0,,,,,,,,,,,,,,,,,,,,,,1,
7/8/2013,12:15,317 HIGHLAND AVENUE,Somerville,MA,1,1,1,1,1,2,2,1,99,,2,99,,,,,,,,,,,,,,,,,0,0,0,,,,,0,,,,,,,,,,,,,,,,,,,,,,1,
7/6/2013,12:00,MIDDLESEX AVENUE & MYSTIC AVENUE,Somerville,MA,1,1,2,4,3,2,2,1,1,,2,5,19,,,,,,,,,,,,,,,,0,0,0,,,,,0,,,,,,,,,,,,,,,,,,,,,,0,
7/5/2013,19:06,PEARL STREET & WALNUT STREET,Somerville,MA,1,1,3,2,1,1,1,1,1,,,,,,,,,,,,,,,,,,,,0,1,0,1,2,,5,1,,1,43,2,1,,,,,,,,,,,,,,,,,0,
7/4/2013,12:50,114 HIGHLAND AVENUE,Somerville,MA,1,1,1,1,1,3,1,1,4,,,,,,,,,,,,,,,,,,,,1,0,0,4,2,,2,1,,0,,3,1,,,,,,,,,,,,,,,,,0,
7/3/2013,13:47,PEARL STREET & CROSS STREET,Somerville,MA,1,1,3,2,1,4,2,10,1,,2,97,,,,,,,,,,,,,,,,,0,0,0,,,,,0,,,,,,,,,,,,,,,,,,,,,,1,
7/3/2013,6:40,MEDFORD STREET & LOWELL STREET,Somerville,MA,1,1,3,3,1,3,2,1,4,,1,1,,,,,,,,,,,,,,,,,0,0,0,,,,,1,,1,61,4,0,,,,,,,,,,,,,,,,,0,
7/2/2013,13:03,WILLOW AVENUE & MORRISON AVENUE,Somerville,MA,2,1,2,2,1,3,2,1,18,,1,1,,,,,,,,,,,,,,,,,0,0,0,,,,,0,,,,,,,,,,,,,,,,,,,,,,0,
7/2/2013,16:44,400 BROADWAY,Somerville,MA,unk,unk,unk,unk,unk,unk,3,1,5,,2,,,2,,,,,,,,,,,,,,,0,0,0,,,,,1,4,1,28,4,0,1,29,4,0,0,34,4,0,1,41,4,0,,,,,0,
7/2/2013,11:11,HIGHLAND AVENUE & WALNUT STREET,Somerville,MA,2,1,3,2,1,3,2,1,3,,1,1,,,,,,,,,,,,,,,,,0,0,0,,,,,1,,0,6,3,1,,,,,,,,,,,,,,,,,0,
7/1/2013,18:24,5 BEACON STREET,Somerville,MA,"1,97",1,1,1,2,2,2,2,99,,1,1,,,,,,,,,,,,,,,,,0,0,0,,,,,1,3,1,64,4,0,1,54,4,0,1,32,4,0,,,,,,,,,0,
7/1/2013,20:05,273 WASHINGTON STREET,Somerville,MA,"1,97",1,1,1,2,2,2,2,1,,1,99,,,,,,,,,,,,,,,,,0,0,0,,,,,1,2,1,25,4,0,0,31,4,0,,,,,,,,,,,,,0,
6/30/2013,18:28,30 COLLEGE AVENUE,Somerville,MA,1,1,1,1,1,4,1,2,4,19,,,,,,,,,,,,,,,,,,,1,0,0,4,2,,3,1,,1,25,2,1,,,,,,,,,,,,,,,,,0,
6/29/2013,9:29,79 HIGHLAND AVENUE,Somerville,MA,2,1,1,1,1,3,3,1,1,,2,4,,,,,,,,,,,,,,,,,0,0,0,,,,,0,,,,,,,,,,,,,,,,,,,,,,0,