Date,Time,Location,City,State,Weather (2&3),Road Surface (6),Traffic Control Device (4),Intersection Type (7),Traffic Way Desc (8),Collision Manner (11),# of Involved Vehicles,Vehicle1 Configuration (21),Driver1 Contrib Code1 (25),Driver1 Contrib Code2 (25),Vehicle2 Configuration (21),Driver2 Contrib Code1 (25),Driver2 Contrib Code2 (25),Vehicle3 Configuration (21),Driver3 Contrib Code1 (25),Driver3 Contrib Code2 (25),Vehicle4 Configuration (21),Driver4 Contrib Code1 (25),Driver4 Contrib Code2 (25),Vehicle5 Configuration (21),Driver5 Contrib Code1 (25),Driver5 Contrib Code2 (25),Vehicle6 Configuration (21),Driver6 Contrib Code1 (25),Driver6 Contrib Code2 (25),Vehicle7 Configuration (21),Driver7 Contrib Code1 (25),Driver7 Contrib Code2 (25),Bicycle,Pedestrian,Non-MV,Non-Motorist Location (16),Non-Motorist Action (15),Non-Motorist Type,Manner of Non-Motorist (Person) Collision,Injury,Multiple,Gender1,Age1,Severity1,Hospital1,Gender2,Age2,Severity2,Hospital2,Gender3,Age3,Severity3,Hospital3,Gender4,Age4,Severity4,Hospital4,Gender5,Age5,Severity5,Hospital5,City Vehicle?,Notes
9/25/2010,2:30,205 COLLEGE AVENUE,Somerville,MA,,,,,,,,,,,,,,,,,,,,,,,,,,,,,0,0,0,,,,,0,,,,,,,,,,,,,,,,,,,,,,0,
9/25/2010,2:20,57 BONAIR AVENUE,Somerville,MA,,,,,,,,,,,,,,,,,,,,,,,,,,,,,0,0,0,,,,,0,,,,,,,,,,,,,,,,,,,,,,0,
9/24/2010,18:21,RANDOLPH PLACE,Somerville,MA,,,,,,,,,,,,,,,,,,,,,,,,,,,,,0,0,0,,,,,0,,,,,,,,,,,,,,,,,,,,,,0,
9/24/2010,6:30,645 BROADWAY,Somerville,MA,,,,,,,,,,,,,,,,,,,,,,,,,,,,,0,0,0,,,,,0,,,,,,,,,,,,,,,,,,,,,,0,
9/23/2010,19:26,HEATH STREET & TEMPLE STREET,Somerville,MA,,,,,,,,,,,,,,,,,,,,,,,,,,,,,0,0,0,,,,,0,,,,,,,,,,,,,,,,,,,,,,0,
9/23/2010,7:13,BROADWAY & SCHOOL STREET,Somerville,MA,,,,,,,,,,,,,,,,,,,,,,,,,,,,,0,0,0,,,,,1,,,,,,,,,,,,,,,,,,,,,,0,
9/21/2010,22:14,290 BEACON STREET,Somerville,MA,,,,,,,,,,,,,,,,,,,,,,,,,,,,,0,0,0,,,,,0,,,,,,,,,,,,,,,,,,,,,,0,
9/20/2010,20:20,BROADWAY & WILLIAMS STREET,Somerville,MA,,,,,,,,,,,,,,,,,,,,,,,,,,,,,1,0,0,,,,,1,,,,,,,,,,,,,,,,,,,,,,0,
9/20/2010,21:37,182 BROADWAY,Somerville,MA,,,,,,,,,,,,,,,,,,,,,,,,,,,,,0,0,0,,,,,0,,,,,,,,,,,,,,,,,,,,,,0,
9/20/2010,10:36,STONE AVENUE Rte 28,Somerville,MA,,,,,,,,,,,,,,,,,,,,,,,,,,,,,0,0,0,,,,,0,,,,,,,,,,,,,,,,,,,,,,0,
9/19/2010,18:22,SUMMER STREET & SCHOOL STREET,Somerville,MA,,,,,,,,,,,,,,,,,,,,,,,,,,,,,0,0,0,,,,,0,,,,,,,,,,,,,,,,,,,,,,0,
9/18/2010,21:43,CUTTER AVENUE & HIGHLAND AVENUE,Somerville,MA,,,,,,,,,,,,,,,,,,,,,,,,,,,,,0,0,0,,,,,0,,,,,,,,,,,,,,,,,,,,,,0,
9/18/2010,15:59,SUMMER STREET & SCHOOL STREET,Somerville,MA,,,,,,,,,,,,,,,,,,,,,,,,,,,,,0,0,0,,,,,0,,,,,,,,,,,,,,,,,,,,,,0,
9/18/2010,6:00,35 PARTRIDGE AVENUE,Somerville,MA,,,,,,,,,,,,,,,,,,,,,,,,,,,,,0,0,0,,,,,0,,,,,,,,,,,,,,,,,,,,,,0,
9/18/2010,6:00,180 SOMERVILLE AVENUE,Somerville,MA,,,,,,,,,,,,,,,,,,,,,,,,,,,,,0,0,0,,,,,0,,,,,,,,,,,,,,,,,,,,,,0,
9/17/2010,16:35,SOMERVILLE AVENUE & PROSPECT STREET,Somerville,MA,,,,,,,,,,,,,,,,,,,,,,,,,,,,,0,0,0,,,,,0,,,,,,,,,,,,,,,,,,,,,,0,
9/17/2010,13:21,COLLEGE AVENUE & CHAPEL STREET,Somerville,MA,,,,,,,,,,,,,,,,,,,,,,,,,,,,,0,0,0,,,,,1,,,,,,,,,,,,,,,,,,,,,,0,
9/15/2010,19:41,BROADWAY & MEDFORD STREET,Somerville,MA,,,,,,,,,,,,,,,,,,,,,,,,,,,,,0,0,0,,,,,1,,,,,,,,,,,,,,,,,,,,,,0,
9/14/2010,13:04,120 SAWYER AVENUE & PACKARD AVENUE,Somerville,MA,,,,,,,,,,,,,,,,,,,,,,,,,,,,,0,0,0,,,,,0,,,,,,,,,,,,,,,,,,,,,,0,
9/14/2010,12:00,326 BROADWAY,Somerville,MA,,,,,,,,,,,,,,,,,,,,,,,,,,,,,0,0,0,,,,,0,,,,,,,,,,,,,,,,,,,,,,0,
9/13/2010,17:28,GILMAN STREET & WALNUT STREET,Somerville,MA,,,,,,,,,,,,,,,,,,,,,,,,,,,,,0,0,0,,,,,0,,,,,,,,,,,,,,,,,,,,,,0,
9/12/2010,22:09,MYSTIC AVENUE & STURTEVANT STREET & NEW RD,Somerville,MA,,,,,,,,,,,,,,,,,,,,,,,,,,,,,0,0,0,,,,,0,,,,,,,,,,,,,,,,,,,,,,0,
9/12/2010,16:00,40 VINAL AVENUE,Somerville,MA,,,,,,,,,,,,,,,,,,,,,,,,,,,,,0,0,0,,,,,0,,,,,,,,,,,,,,,,,,,,,,0,
9/11/2010,21:43,SACRAMENTO STREET & BEACON STREET,Somerville,MA,,,,,,,,,,,,,,,,,,,,,,,,,,,,,1,0,0,,,,,1,,,,,,,,,,,,,,,,,,,,,,0,
9/11/2010,14:30,CENTRAL STREET & HIGHLAND AVENUE,Somerville,MA,,,,,,,,,,,,,,,,,,,,,,,,,,,,,1,0,0,,,,,1,,,,,,,,,,,,,,,,,,,,,,0,
9/11/2010,16:47,SUMMER STREET & CHERRY STREET,Somerville,MA,,,,,,,,,,,,,,,,,,,,,,,,,,,,,0,0,0,,,,,1,,,,,,,,,,,,,,,,,,,,,,0,
9/11/2010,12:25,981 BROADWAY,Somerville,MA,,,,,,,,,,,,,,,,,,,,,,,,,,,,,0,0,0,,,,,1,,,,,,,,,,,,,,,,,,,,,,0,
9/10/2010,17:31,SOMERVILLE AVENUE & UNION SQUARE,Somerville,MA,,,,,,,,,,,,,,,,,,,,,,,,,,,,,0,0,0,,,,,0,,,,,,,,,,,,,,,,,,,,,,0,
9/9/2010,13:30,MEDFORD STREET,Somerville,MA,,,,,,,,,,,,,,,,,,,,,,,,,,,,,0,0,0,,,,,0,,,,,,,,,,,,,,,,,,,,,,0,
9/8/2010,12:00,WASHINGTON STREET & JOY STREET,Somerville,MA,,,,,,,,,,,,,,,,,,,,,,,,,,,,,1,0,0,,,,,1,,,,,,,,,,,,,,,,,,,,,,0,
9/8/2010,12:52,WASHINGTON STREET & CALVIN STREET,Somerville,MA,,,,,,,,,,,,,,,,,,,,,,,,,,,,,0,0,0,,,,,0,,,,,,,,,,,,,,,,,,,,,,0,
9/7/2010,20:07,153 HIGHLAND AVENUE,Somerville,MA,,,,,,,,,,,,,,,,,,,,,,,,,,,,,0,1,0,,,,,1,,,,,,,,,,,,,,,,,,,,,,0,
9/7/2010,17:48,BROADWAY & ADAMS STREET,Somerville,MA,,,,,,,,,,,,,,,,,,,,,,,,,,,,,0,0,0,,,,,0,,,,,,,,,,,,,,,,,,,,,,0,
9/6/2010,23:28,HINCKLEY STREET & FISKE AVENUE,Somerville,MA,,,,,,,,,,,,,,,,,,,,,,,,,,,,,0,1,0,,,,,1,,,,,,,,,,,,,,,,,,,,,,0,
9/6/2010,22:17,PEARL STREET & WALNUT STREET,Somerville,MA,,,,,,,,,,,,,,,,,,,,,,,,,,,,,0,0,0,,,,,0,,,,,,,,,,,,,,,,,,,,,,0,
9/4/2010,22:01,642 SOMERVILLE AVENUE,Somerville,MA,,,,,,,,,,,,,,,,,,,,,,,,,,,,,0,0,0,,,,,1,,,,,,,,,,,,,,,,,,,,,,0,
9/3/2010,13:25,400 SOMERVILLE AVENUE,Somerville,MA,,,,,,,,,,,,,,,,,,,,,,,,,,,,,0,1,0,,,,,1,,,,,,,,,,,,,,,,,,,,,,0,
9/3/2010,13:22,7 WASHINGTON STREET,Somerville,MA,,,,,,,,,,,,,,,,,,,,,,,,,,,,,0,0,0,,,,,0,,,,,,,,,,,,,,,,,,,,,,0,
9/3/2010,12:15,28 GRANT STREET,Somerville,MA,,,,,,,,,,,,,,,,,,,,,,,,,,,,,0,0,0,,,,,1,,,,,,,,,,,,,,,,,,,,,,0,
9/2/2010,8:12,196 CEDAR STREET,Somerville,MA,,,,,,,,,,,,,,,,,,,,,,,,,,,,,0,0,0,,,,,0,,,,,,,,,,,,,,,,,,,,,,0,
9/1/2010,17:16,277 HIGHLAND AVENUE,Somerville,MA,,,,,,,,,,,,,,,,,,,,,,,,,,,,,0,0,0,,,,,1,,,,,,,,,,,,,,,,,,,,,,0,
9/1/2010,1:40,MEAD STREET & MOORE STREET,Somerville,MA,,,,,,,,,,,,,,,,,,,,,,,,,,,,,0,0,0,,,,,0,,,,,,,,,,,,,,,,,,,,,,0,
8/31/2010,15:03,35 PEARL STREET,Somerville,MA,,,,,,,,,,,,,,,,,,,,,,,,,,,,,1,0,0,,,,,1,,,,,,,,,,,,,,,,,,,,,,0,
8/30/2010,23:35,216 SOMERVILLE AVENUE,Somerville,MA,,,,,,,,,,,,,,,,,,,,,,,,,,,,,0,0,0,,,,,0,,,,,,,,,,,,,,,,,,,,,,0,
8/29/2010,10:44,HOLLAND STREET & PAULINA STREET,Somerville,MA,,,,,,,,,,,,,,,,,,,,,,,,,,,,,0,0,0,,,,,1,,,,,,,,,,,,,,,,,,,,,,0,
8/28/2010,21:12,133 SUMMER STREET,Somerville,MA,,,,,,,,,,,,,,,,,,,,,,,,,,,,,0,0,0,,,,,0,,,,,,,,,,,,,,,,,,,,,,0,
8/28/2010,12:00,BROADWAY & MARSHALL STREET,Somerville,MA,,,,,,,,,,,,,,,,,,,,,,,,,,,,,0,0,0,,,,,0,,,,,,,,,,,,,,,,,,,,,,0,
8/26/2010,7:57,19 WALNUT STREET,Somerville,MA,,,,,,,,,,,,,,,,,,,,,,,,,,,,,0,0,0,,,,,0,,,,,,,,,,,,,,,,,,,,,,0,
8/26/2010,0:00,NEW WASHINGTON STREET,Somerville,MA,,,,,,,,,,,,,,,,,,,,,,,,,,,,,0,0,0,,,,,0,,,,,,,,,,,,,,,,,,,,,,0,
8/24/2010,20:20,CENTRAL STREET & SUMMER STREET,Somerville,MA,,,,,,,,,,,,,,,,,,,,,,,,,,,,,0,0,0,,,,,1,,,,,,,,,,,,,,,,,,,,,,0,
8/24/2010,14:50,HIGHLAND AVENUE & PRESCOTT STREET,Somerville,MA,,,,,,,,,,,,,,,,,,,,,,,,,,,,,0,0,0,,,,,0,,,,,,,,,,,,,,,,,,,,,,0,
8/24/2010,13:37,HOLLAND STREET & PAULINA STREET,Somerville,MA,,,,,,,,,,,,,,,,,,,,,,,,,,,,,0,0,0,,,,,1,,,,,,,,,,,,,,,,,,,,,,0,
8/24/2010,9:25,62 BROADWAY,Somerville,MA,,,,,,,,,,,,,,,,,,,,,,,,,,,,,0,0,0,,,,,0,,,,,,,,,,,,,,,,,,,,,,0,
8/22/2010,9:45,379 BROADWAY,Somerville,MA,,,,,,,,,,,,,,,,,,,,,,,,,,,,,0,1,0,,,,,1,,,,,,,,,,,,,,,,,,,,,,0,
8/22/2010,23:05,307 SOMERVILLE AVENUE,Somerville,MA,,,,,,,,,,,,,,,,,,,,,,,,,,,,,0,0,0,,,,,0,,,,,,,,,,,,,,,,,,,,,,0,
8/22/2010,11:04,55 DANE AVENUE,Somerville,MA,,,,,,,,,,,,,,,,,,,,,,,,,,,,,0,0,0,,,,,1,,,,,,,,,,,,,,,,,,,,,,0,
8/20/2010,20:42,MIDDLESEX AVENUE,Somerville,MA,,,,,,,,,,,,,,,,,,,,,,,,,,,,,0,0,0,,,,,1,,,,,,,,,,,,,,,,,,,,,,0,
8/19/2010,1:00,143 BOSTON AVENUE,Somerville,MA,,,,,,,,,,,,,,,,,,,,,,,,,,,,,0,0,0,,,,,0,,,,,,,,,,,,,,,,,,,,,,0,
8/18/2010,13:18,53 CEDAR STREET,Somerville,MA,,,,,,,,,,,,,,,,,,,,,,,,,,,,,0,0,0,,,,,0,,,,,,,,,,,,,,,,,,,,,,0,
8/17/2010,13:07,91 HIGHLAND AVENUE,Somerville,MA,,,,,,,,,,,,,,,,,,,,,,,,,,,,,0,0,0,,,,,1,,,,,,,,,,,,,,,,,,,,,,0,
8/16/2010,17:57,MEDFORD STREET & WARD STREET,Somerville,MA,,,,,,,,,,,,,,,,,,,,,,,,,,,,,0,0,0,,,,,1,,,,,,,,,,,,,,,,,,,,,,0,
8/16/2010,8:51,COLLEGE AVENUE & PARK AVENUE,Somerville,MA,,,,,,,,,,,,,,,,,,,,,,,,,,,,,0,0,0,,,,,0,,,,,,,,,,,,,,,,,,,,,,0,
8/15/2010,15:07,165 MIDDLESEX AVENUE,Somerville,MA,,,,,,,,,,,,,,,,,,,,,,,,,,,,,0,0,0,,,,,0,,,,,,,,,,,,,,,,,,,,,,0,
8/15/2010,11:45,68 HOLLAND STREET,Somerville,MA,,,,,,,,,,,,,,,,,,,,,,,,,,,,,0,0,0,,,,,0,,,,,,,,,,,,,,,,,,,,,,0,
8/15/2010,8:12,741 SOMERVILLE AVENUE,Somerville,MA,,,,,,,,,,,,,,,,,,,,,,,,,,,,,0,0,0,,,,,0,,,,,,,,,,,,,,,,,,,,,,0,
8/14/2010,14:27,483 MEDFORD STREET,Somerville,MA,,,,,,,,,,,,,,,,,,,,,,,,,,,,,0,0,0,,,,,0,,,,,,,,,,,,,,,,,,,,,,0,
8/13/2010,18:20,312 BEACON STREET,Somerville,MA,,,,,,,,,,,,,,,,,,,,,,,,,,,,,1,0,0,,,,,1,,,,,,,,,,,,,,,,,,,,,,0,
8/13/2010,7:14,ELM STREET & PORTER STREET,Somerville,MA,,,,,,,,,,,,,,,,,,,,,,,,,,,,,0,1,0,,,,,1,,,,,,,,,,,,,,,,,,,,,,0,
8/13/2010,8:27,22 COLLEGE AVENUE,Somerville,MA,,,,,,,,,,,,,,,,,,,,,,,,,,,,,0,0,0,,,,,0,,,,,,,,,,,,,,,,,,,,,,0,
8/12/2010,14:50,LOWELL STREET & ALBION STREET,Somerville,MA,,,,,,,,,,,,,,,,,,,,,,,,,,,,,0,0,0,,,,,1,,,,,,,,,,,,,,,,,,,,,,0,
8/12/2010,10:31,GLEN STREET & TUFTS STREET,Somerville,MA,,,,,,,,,,,,,,,,,,,,,,,,,,,,,0,0,0,,,,,0,,,,,,,,,,,,,,,,,,,,,,0,
8/11/2010,8:30,SUMMER STREET & CUTLER STREET,Somerville,MA,,,,,,,,,,,,,,,,,,,,,,,,,,,,,0,0,0,,,,,0,,,,,,,,,,,,,,,,,,,,,,0,
8/10/2010,20:15,SYCAMORE STREET & WILLOUGHBY STREET,Somerville,MA,,,,,,,,,,,,,,,,,,,,,,,,,,,,,0,1,0,,,,,1,,,,,,,,,,,,,,,,,,,,,,0,
8/9/2010,18:46,75 UNION SQUARE,Somerville,MA,,,,,,,,,,,,,,,,,,,,,,,,,,,,,0,0,0,,,,,0,,,,,,,,,,,,,,,,,,,,,,0,
8/9/2010,18:32,ARLINGTON STREET & LINCOLN STREET,Somerville,MA,,,,,,,,,,,,,,,,,,,,,,,,,,,,,0,0,0,,,,,0,,,,,,,,,,,,,,,,,,,,,,0,
8/9/2010,12:38,MEDFORD STREET & SOMERVILLE AVENUE,Somerville,MA,,,,,,,,,,,,,,,,,,,,,,,,,,,,,0,0,0,,,,,0,,,,,,,,,,,,,,,,,,,,,,0,
8/8/2010,12:48,114 BROADWAY,Somerville,MA,,,,,,,,,,,,,,,,,,,,,,,,,,,,,0,0,0,,,,,1,,,,,,,,,,,,,,,,,,,,,,0,
8/7/2010,15:15,BROADWAY & MEDFORD STREET,Somerville,MA,,,,,,,,,,,,,,,,,,,,,,,,,,,,,0,0,0,,,,,0,,,,,,,,,,,,,,,,,,,,,,0,
8/7/2010,14:59,52 UNION SQUARE,Somerville,MA,,,,,,,,,,,,,,,,,,,,,,,,,,,,,0,0,0,,,,,0,,,,,,,,,,,,,,,,,,,,,,0,
8/7/2010,13:37,10 WARREN AVENUE,Somerville,MA,,,,,,,,,,,,,,,,,,,,,,,,,,,,,0,0,0,,,,,0,,,,,,,,,,,,,,,,,,,,,,0,
8/6/2010,8:50,WILLOW AVENUE & MORRISON AVENUE,Somerville,MA,,,,,,,,,,,,,,,,,,,,,,,,,,,,,0,0,0,,,,,0,,,,,,,,,,,,,,,,,,,,,,0,
8/6/2010,2:00,PARK STREET & BEACON STREET,Somerville,MA,,,,,,,,,,,,,,,,,,,,,,,,,,,,,0,0,0,,,,,0,,,,,,,,,,,,,,,,,,,,,,0,
8/4/2010,18:05,WASHINGTON STREET & HAWKINS STREET,Somerville,MA,,,,,,,,,,,,,,,,,,,,,,,,,,,,,0,0,0,,,,,1,,,,,,,,,,,,,,,,,,,,,,0,
8/4/2010,17:26,WASHINGTON STREET & HAWKINS STREET,Somerville,MA,,,,,,,,,,,,,,,,,,,,,,,,,,,,,0,0,0,,,,,1,,,,,,,,,,,,,,,,,,,,,,0,
8/3/2010,11:24,1087 BROADWAY,Somerville,MA,,,,,,,,,,,,,,,,,,,,,,,,,,,,,0,0,0,,,,,1,,,,,,,,,,,,,,,,,,,,,,0,
8/1/2010,7:40,7 HINCKLEY STREET,Somerville,MA,,,,,,,,,,,,,,,,,,,,,,,,,,,,,0,0,0,,,,,0,,,,,,,,,,,,,,,,,,,,,,0,
8/1/2010,6:02,WILLOW AVENUE & HIGHLAND AVENUE,Somerville,MA,,,,,,,,,,,,,,,,,,,,,,,,,,,,,0,0,0,,,,,0,,,,,,,,,,,,,,,,,,,,,,0,
7/31/2010,21:23,231 HIGHLAND AVENUE,Somerville,MA,,,,,,,,,,,,,,,,,,,,,,,,,,,,,0,0,0,,,,,0,,,,,,,,,,,,,,,,,,,,,,0,
7/30/2010,11:55,CEDAR STREET & FRANEY ROAD,Somerville,MA,,,,,,,,,,,,,,,,,,,,,,,,,,,,,0,0,0,,,,,0,,,,,,,,,,,,,,,,,,,,,,0,
7/30/2010,11:18,175 FELLSWAY,Somerville,MA,,,,,,,,,,,,,,,,,,,,,,,,,,,,,0,0,0,,,,,1,,,,,,,,,,,,,,,,,,,,,,0,
7/29/2010,22:00,BROADWAY & POWDER HOUSE SQUARE & LOWELL STREET,Somerville,MA,,,,,,,,,,,,,,,,,,,,,,,,,,,,,0,0,0,,,,,1,,,,,,,,,,,,,,,,,,,,,,0,
7/29/2010,20:18,146 BROADWAY,Somerville,MA,,,,,,,,,,,,,,,,,,,,,,,,,,,,,0,0,0,,,,,1,,,,,,,,,,,,,,,,,,,,,,0,
7/29/2010,12:00,ELM STREET & MOSSLAND STREET,Somerville,MA,,,,,,,,,,,,,,,,,,,,,,,,,,,,,0,0,0,,,,,0,,,,,,,,,,,,,,,,,,,,,,0,
7/29/2010,10:40,MEDFORD STREET & TRULL STREET,Somerville,MA,,,,,,,,,,,,,,,,,,,,,,,,,,,,,0,0,0,,,,,0,,,,,,,,,,,,,,,,,,,,,,0,
7/29/2010,9:30,HOLLAND STREET & IRVING STREET,Somerville,MA,,,,,,,,,,,,,,,,,,,,,,,,,,,,,0,0,0,,,,,0,,,,,,,,,,,,,,,,,,,,,,0,
7/28/2010,7:15,SOMERVILLE AVENUE & CARLTON STREET,Somerville,MA,,,,,,,,,,,,,,,,,,,,,,,,,,,,,0,0,0,,,,,0,,,,,,,,,,,,,,,,,,,,,,0,
7/27/2010,16:52,18 BENTON ROAD,Somerville,MA,,,,,,,,,,,,,,,,,,,,,,,,,,,,,0,0,0,,,,,0,,,,,,,,,,,,,,,,,,,,,,0,
7/27/2010,16:09,CONWELL AVENUE & CURTIS STREET,Somerville,MA,,,,,,,,,,,,,,,,,,,,,,,,,,,,,0,0,0,,,,,0,,,,,,,,,,,,,,,,,,,,,,0,
7/27/2010,13:52,114 POWDER HOUSE BOULEVARD,Somerville,MA,,,,,,,,,,,,,,,,,,,,,,,,,,,,,0,0,0,,,,,0,,,,,,,,,,,,,,,,,,,,,,0,
7/24/2010,10:22,122 HUDSON STREET,Somerville,MA,,,,,,,,,,,,,,,,,,,,,,,,,,,,,0,0,0,,,,,0,,,,,,,,,,,,,,,,,,,,,,0,
7/23/2010,18:12,101 ELM STREET,Somerville,MA,,,,,,,,,,,,,,,,,,,,,,,,,,,,,0,0,0,,,,,1,,,,,,,,,,,,,,,,,,,,,,0,
7/23/2010,11:00,KNOWLTON STREET & TUFTS STREET,Somerville,MA,,,,,,,,,,,,,,,,,,,,,,,,,,,,,0,0,0,,,,,0,,,,,,,,,,,,,,,,,,,,,,0,
7/22/2010,18:55,269 SOMERVILLE AVENUE,Somerville,MA,,,,,,,,,,,,,,,,,,,,,,,,,,,,,0,0,0,,,,,0,,,,,,,,,,,,,,,,,,,,,,0,
7/22/2010,14:29,420 HIGHLAND AVENUE,Somerville,MA,,,,,,,,,,,,,,,,,,,,,,,,,,,,,0,1,0,,,,,1,,,,,,,,,,,,,,,,,,,,,,0,
7/21/2010,15:40,WARNER STREET,Somerville,MA,,,,,,,,,,,,,,,,,,,,,,,,,,,,,0,0,0,,,,,1,,,,,,,,,,,,,,,,,,,,,,0,
7/20/2010,11:23,WASHINGTON STREET & MANSFIELD STREET,Somerville,MA,,,,,,,,,,,,,,,,,,,,,,,,,,,,,0,0,0,,,,,0,,,,,,,,,,,,,,,,,,,,,,0,
7/20/2010,15:26,414 MEDFORD STREET,Somerville,MA,,,,,,,,,,,,,,,,,,,,,,,,,,,,,1,0,0,,,,,1,,,,,,,,,,,,,,,,,,,,,,0,
7/20/2010,10:56,HIGHLAND AVENUE & WALNUT STREET,Somerville,MA,,,,,,,,,,,,,,,,,,,,,,,,,,,,,0,0,0,,,,,1,,,,,,,,,,,,,,,,,,,,,,0,
7/19/2010,14:11,NEW ROAD,Somerville,MA,,,,,,,,,,,,,,,,,,,,,,,,,,,,,0,0,0,,,,,0,,,,,,,,,,,,,,,,,,,,,,0,
7/19/2010,1:25,71 PROSPECT STREET,Somerville,MA,,,,,,,,,,,,,,,,,,,,,,,,,,,,,0,0,0,,,,,0,,,,,,,,,,,,,,,,,,,,,,0,
7/17/2010,16:11,LOWELL STREET & HUDSON STREET,Somerville,MA,,,,,,,,,,,,,,,,,,,,,,,,,,,,,0,0,0,,,,,1,,,,,,,,,,,,,,,,,,,,,,0,
7/17/2010,13:07,75 WASHINGTON STREET,Somerville,MA,,,,,,,,,,,,,,,,,,,,,,,,,,,,,1,0,0,,,,,0,,,,,,,,,,,,,,,,,,,,,,0,
7/17/2010,10:20,WILLOW AVENUE & BROADWAY,Somerville,MA,,,,,,,,,,,,,,,,,,,,,,,,,,,,,0,0,0,,,,,0,,,,,,,,,,,,,,,,,,,,,,0,
7/16/2010,19:00,15 WEBSTER AVENUE,Somerville,MA,,,,,,,,,,,,,,,,,,,,,,,,,,,,,0,0,0,,,,,1,,,,,,,,,,,,,,,,,,,,,,0,
7/16/2010,16:52,TEMPLE STREET & MEMORIAL ROAD,Somerville,MA,,,,,,,,,,,,,,,,,,,,,,,,,,,,,0,0,0,,,,,0,,,,,,,,,,,,,,,,,,,,,,0,
7/15/2010,22:46,195 TREMONT STREET,Somerville,MA,,,,,,,,,,,,,,,,,,,,,,,,,,,,,0,0,0,,,,,0,,,,,,,,,,,,,,,,,,,,,,0,
7/15/2010,18:18,HIGHLAND AVENUE & GROVE STREET,Somerville,MA,,,,,,,,,,,,,,,,,,,,,,,,,,,,,0,1,0,,,,,1,,,,,,,,,,,,,,,,,,,,,,0,
7/15/2010,8:18,MARSHALL STREET & PEARL STREET,Somerville,MA,,,,,,,,,,,,,,,,,,,,,,,,,,,,,0,0,0,,,,,0,,,,,,,,,,,,,,,,,,,,,,0,
7/14/2010,10:58,BROADWAY & BRISTOL ROAD,Somerville,MA,,,,,,,,,,,,,,,,,,,,,,,,,,,,,0,0,0,,,,,0,,,,,,,,,,,,,,,,,,,,,,0,
7/14/2010,8:43,WASHINGTON AVENUE & INNER BELT ROAD,Somerville,MA,,,,,,,,,,,,,,,,,,,,,,,,,,,,,0,0,0,,,,,0,,,,,,,,,,,,,,,,,,,,,,0,
7/13/2010,19:50,BROADWAY & IRVING STREET,Somerville,MA,,,,,,,,,,,,,,,,,,,,,,,,,,,,,0,0,0,,,,,0,,,,,,,,,,,,,,,,,,,,,,0,
7/13/2010,10:20,ELM STREET & WHITE STREET,Somerville,MA,,,,,,,,,,,,,,,,,,,,,,,,,,,,,1,0,0,,,,,0,,,,,,,,,,,,,,,,,,,,,,0,
7/13/2010,16:30,POWDER HOUSE SQUARE & COLLEGE AVENUE & WARNER STREET &,Somerville,MA,,,,,,,,,,,,,,,,,,,,,,,,,,,,,0,0,0,,,,,0,,,,,,,,,,,,,,,,,,,,,,0,
7/10/2010,14:21,HOLLAND STREET & ELMWOOD STREET,Somerville,MA,,,,,,,,,,,,,,,,,,,,,,,,,,,,,1,0,0,,,,,1,,,,,,,,,,,,,,,,,,,,,,0,
7/9/2010,16:24,ROBINSON STREET & CENTRAL STREET,Somerville,MA,,,,,,,,,,,,,,,,,,,,,,,,,,,,,0,0,0,,,,,0,,,,,,,,,,,,,,,,,,,,,,0,
7/9/2010,8:39,HOLLAND STREET & BUENA VISTA ROAD,Somerville,MA,,,,,,,,,,,,,,,,,,,,,,,,,,,,,1,0,0,,,,,1,,,,,,,,,,,,,,,,,,,,,,0,
7/9/2010,17:21,MEDFORD STREET & PEARL STREET,Somerville,MA,,,,,,,,,,,,,,,,,,,,,,,,,,,,,0,0,0,,,,,1,,,,,,,,,,,,,,,,,,,,,,0,
7/7/2010,9:06,HIGHLAND AVENUE & DOVER STREET,Somerville,MA,,,,,,,,,,,,,,,,,,,,,,,,,,,,,0,0,0,,,,,1,,,,,,,,,,,,,,,,,,,,,,0,
7/7/2010,20:13,RUSSELL STREET & COTTAGE AVENUE,Somerville,MA,,,,,,,,,,,,,,,,,,,,,,,,,,,,,0,0,0,,,,,0,,,,,,,,,,,,,,,,,,,,,,0,
7/7/2010,15:51,BROADWAY & THURSTON STREET & FENWICK STREET,Somerville,MA,,,,,,,,,,,,,,,,,,,,,,,,,,,,,0,0,0,,,,,0,,,,,,,,,,,,,,,,,,,,,,0,
7/7/2010,11:19,WASHINGTON STREET & BEACON STREET,Somerville,MA,,,,,,,,,,,,,,,,,,,,,,,,,,,,,0,0,1,,,Skater,,1,,,,,,,,,,,,,,,,,,,,,,0,
7/6/2010,7:32,50 BEACON STREET,Somerville,MA,,,,,,,,,,,,,,,,,,,,,,,,,,,,,1,0,0,,,,,1,,,,,,,,,,,,,,,,,,,,,,0,
7/5/2010,9:45,HIGHLAND AVENUE & ELLINGTON ROAD,Somerville,MA,,,,,,,,,,,,,,,,,,,,,,,,,,,,,0,0,0,,,,,0,,,,,,,,,,,,,,,,,,,,,,0,
7/4/2010,12:45,BROADWAY & MARSHALL STREET,Somerville,MA,,,,,,,,,,,,,,,,,,,,,,,,,,,,,0,0,0,,,,,1,,,,,,,,,,,,,,,,,,,,,,0,
7/2/2010,11:41,BROADWAY & PAULINA STREET,Somerville,MA,,,,,,,,,,,,,,,,,,,,,,,,,,,,,0,0,0,,,,,1,,,,,,,,,,,,,,,,,,,,,,0,
7/1/2010,9:59,118 SCHOOL STREET,Somerville,MA,,,,,,,,,,,,,,,,,,,,,,,,,,,,,0,0,0,,,,,0,,,,,,,,,,,,,,,,,,,,,,0,