Date,Time,Location,City,State,Weather (2&3),Road Surface (6),Traffic Control Device (4),Intersection Type (7),Traffic Way Desc (8),Collision Manner (11),# of Involved Vehicles,Vehicle1 Configuration (21),Driver1 Contrib Code1 (25),Driver1 Contrib Code2 (25),Vehicle2 Configuration (21),Driver2 Contrib Code1 (25),Driver2 Contrib Code2 (25),Vehicle3 Configuration (21),Driver3 Contrib Code1 (25),Driver3 Contrib Code2 (25),Vehicle4 Configuration (21),Driver4 Contrib Code1 (25),Driver4 Contrib Code2 (25),Vehicle5 Configuration (21),Driver5 Contrib Code1 (25),Driver5 Contrib Code2 (25),Vehicle6 Configuration (21),Driver6 Contrib Code1 (25),Driver6 Contrib Code2 (25),Vehicle7 Configuration (21),Driver7 Contrib Code1 (25),Driver7 Contrib Code2 (25),Bicycle,Pedestrian,Non-MV,Non-Motorist Location (16),Non-Motorist Action (15),Non-Motorist Type,Manner of Non-Motorist (Person) Collision,Injury,Multiple,Gender1,Age1,Severity1,Hospital1,Gender2,Age2,Severity2,Hospital2,Gender3,Age3,Severity3,Hospital3,Gender4,Age4,Severity4,Hospital4,Gender5,Age5,Severity5,Hospital5,City Vehicle?,Notes
7/1/2010,12:28,WASHINGTON STREET & BONNER AVENUE,Somerville,MA,,,,,,,,,,,,,,,,,,,,,,,,,,,,,1,0,0,,,,,1,,,,,,,,,,,,,,,,,,,,,,0,
7/1/2010,10:26,WASHINGTON STREET & KINGMAN ROAD,Somerville,MA,,,,,,,,,,,,,,,,,,,,,,,,,,,,,0,0,0,,,,,0,,,,,,,,,,,,,,,,,,,,,,0,
6/30/2010,16:45,5 CROSS STREET,Somerville,MA,,,,,,,,,,,,,,,,,,,,,,,,,,,,,0,0,0,,,,,0,,,,,,,,,,,,,,,,,,,,,,0,
6/29/2010,17:00,MEDFORD STREET,Somerville,MA,,,,,,,,,,,,,,,,,,,,,,,,,,,,,0,0,0,,,,,0,,,,,,,,,,,,,,,,,,,,,,0,
6/28/2010,0:00,74 JAQUES STREET,Somerville,MA,,,,,,,,,,,,,,,,,,,,,,,,,,,,,0,0,0,,,,,0,,,,,,,,,,,,,,,,,,,,,,0,
6/27/2010,2:07,257 ELM STREET,Somerville,MA,,,,,,,,,,,,,,,,,,,,,,,,,,,,,0,0,0,,,,,0,,,,,,,,,,,,,,,,,,,,,,0,
6/27/2010,16:59,45 OLIVER STREET,Somerville,MA,,,,,,,,,,,,,,,,,,,,,,,,,,,,,0,0,0,,,,,0,,,,,,,,,,,,,,,,,,,,,,0,
6/27/2010,13:38,HIGHLAND AVENUE & LOWELL STREET,Somerville,MA,,,,,,,,,,,,,,,,,,,,,,,,,,,,,0,0,0,,,,,0,,,,,,,,,,,,,,,,,,,,,,0,
6/27/2010,12:29,25 UNION SQUARE,Somerville,MA,,,,,,,,,,,,,,,,,,,,,,,,,,,,,0,0,0,,,,,0,,,,,,,,,,,,,,,,,,,,,,0,
6/27/2010,11:58,14 BELMONT STREET,Somerville,MA,,,,,,,,,,,,,,,,,,,,,,,,,,,,,0,0,0,,,,,0,,,,,,,,,,,,,,,,,,,,,,0,
6/26/2010,12:10,138 ELM STREET,Somerville,MA,,,,,,,,,,,,,,,,,,,,,,,,,,,,,1,0,0,,,,,1,,,,,,,,,,,,,,,,,,,,,,0,
6/25/2010,20:57,100 WHEATLAND STREET,Somerville,MA,,,,,,,,,,,,,,,,,,,,,,,,,,,,,0,1,0,,,,,1,,,,,,,,,,,,,,,,,,,,,,0,
6/25/2010,15:02,BOW STREET & WARREN AVENUE,Somerville,MA,,,,,,,,,,,,,,,,,,,,,,,,,,,,,0,0,0,,,,,0,,,,,,,,,,,,,,,,,,,,,,0,
6/23/2010,18:00,206 WASHINGTON STREET,Somerville,MA,,,,,,,,,,,,,,,,,,,,,,,,,,,,,0,0,0,,,,,0,,,,,,,,,,,,,,,,,,,,,,0,
6/23/2010,22:32,241 SCHOOL STREET,Somerville,MA,,,,,,,,,,,,,,,,,,,,,,,,,,,,,0,0,0,,,,,0,,,,,,,,,,,,,,,,,,,,,,0,
6/23/2010,18:30,HOLLAND STREET & DOVER STREET,Somerville,MA,,,,,,,,,,,,,,,,,,,,,,,,,,,,,0,0,0,,,,,0,,,,,,,,,,,,,,,,,,,,,,0,
6/23/2010,12:14,POWDER HOUSE BOULEVARD & CURTIS STREET,Somerville,MA,,,,,,,,,,,,,,,,,,,,,,,,,,,,,0,0,0,,,,,1,,,,,,,,,,,,,,,,,,,,,,0,
6/22/2010,19:24,CAMERON AVENUE & SEVEN PINES AVENUE,Somerville,MA,,,,,,,,,,,,,,,,,,,,,,,,,,,,,0,0,0,,,,,1,,,,,,,,,,,,,,,,,,,,,,0,
6/22/2010,12:00,TEMPLE STREET & SYDNEY STREET,Somerville,MA,,,,,,,,,,,,,,,,,,,,,,,,,,,,,0,0,0,,,,,0,,,,,,,,,,,,,,,,,,,,,,0,
6/21/2010,12:19,HIGHLAND AVENUE & BELMONT STREET,Somerville,MA,,,,,,,,,,,,,,,,,,,,,,,,,,,,,0,0,0,,,,,0,,,,,,,,,,,,,,,,,,,,,,0,
6/20/2010,12:48,59 CROSS STREET,Somerville,MA,,,,,,,,,,,,,,,,,,,,,,,,,,,,,0,1,0,,,,,0,,,,,,,,,,,,,,,,,,,,,,0,
6/20/2010,16:50,197 WASHINGTON STREET,Somerville,MA,,,,,,,,,,,,,,,,,,,,,,,,,,,,,0,0,0,,,,,1,,,,,,,,,,,,,,,,,,,,,,0,
6/20/2010,10:15,15 JOSEPHINE AVENUE,Somerville,MA,,,,,,,,,,,,,,,,,,,,,,,,,,,,,0,0,0,,,,,0,,,,,,,,,,,,,,,,,,,,,,0,
6/20/2010,9:15,130 COLLEGE AVENUE,Somerville,MA,,,,,,,,,,,,,,,,,,,,,,,,,,,,,0,0,0,,,,,0,,,,,,,,,,,,,,,,,,,,,,0,
6/19/2010,20:08,MEDFORD STREET & GLENWOOD ROAD,Somerville,MA,,,,,,,,,,,,,,,,,,,,,,,,,,,,,0,0,0,,,,,1,,,,,,,,,,,,,,,,,,,,,,0,
6/18/2010,17:42,421 SOMERVILLE AVENUE,Somerville,MA,,,,,,,,,,,,,,,,,,,,,,,,,,,,,0,0,0,,,,,0,,,,,,,,,,,,,,,,,,,,,,0,
6/16/2010,8:00,SPRING STREET & SOMERVILLE AVENUE,Somerville,MA,,,,,,,,,,,,,,,,,,,,,,,,,,,,,1,0,0,,,,,0,,,,,,,,,,,,,,,,,,,,,,0,
6/15/2010,19:06,CHERRY STREET & ELM STREET,Somerville,MA,,,,,,,,,,,,,,,,,,,,,,,,,,,,,0,0,0,,,,,0,,,,,,,,,,,,,,,,,,,,,,0,
6/15/2010,20:57,MEDFORD STREET & CENTRAL STREET,Somerville,MA,,,,,,,,,,,,,,,,,,,,,,,,,,,,,0,0,0,,,,,0,,,,,,,,,,,,,,,,,,,,,,0,
6/15/2010,13:28,BROADWAY & CEDAR STREET,Somerville,MA,,,,,,,,,,,,,,,,,,,,,,,,,,,,,0,0,0,,,,,1,,,,,,,,,,,,,,,,,,,,,,0,
6/13/2010,21:39,63 WASHINGTON STREET,Somerville,MA,,,,,,,,,,,,,,,,,,,,,,,,,,,,,0,0,0,,,,,0,,,,,,,,,,,,,,,,,,,,,,0,
6/12/2010,19:50,PROSPECT STREET & BENNETT STREET,Somerville,MA,,,,,,,,,,,,,,,,,,,,,,,,,,,,,0,0,0,,,,,1,,,,,,,,,,,,,,,,,,,,,,0,
6/11/2010,7:25,15 WEBSTER AVENUE,Somerville,MA,,,,,,,,,,,,,,,,,,,,,,,,,,,,,0,1,0,,,,,1,,,,,,,,,,,,,,,,,,,,,,0,
6/11/2010,0:00,SUMMER STREET & LOWELL STREET,Somerville,MA,,,,,,,,,,,,,,,,,,,,,,,,,,,,,0,0,0,,,,,0,,,,,,,,,,,,,,,,,,,,,,0,
6/10/2010,18:10,56 PUTNAM AVENUE,Somerville,MA,,,,,,,,,,,,,,,,,,,,,,,,,,,,,0,0,0,,,,,1,,,,,,,,,,,,,,,,,,,,,,0,
6/10/2010,8:42,BELMONT STREET & HIGHLAND AVENUE,Somerville,MA,,,,,,,,,,,,,,,,,,,,,,,,,,,,,0,0,0,,,,,0,,,,,,,,,,,,,,,,,,,,,,0,
6/9/2010,21:25,MIDDLESEX AVENUE & FOLEY STREET,Somerville,MA,,,,,,,,,,,,,,,,,,,,,,,,,,,,,0,1,0,,,,,1,,,,,,,,,,,,,,,,,,,,,,0,
6/9/2010,16:13,714 BROADWAY,Somerville,MA,,,,,,,,,,,,,,,,,,,,,,,,,,,,,0,0,0,,,,,1,,,,,,,,,,,,,,,,,,,,,,0,
6/8/2010,21:15,SOMERVILLE AVENUE & QUINCY STREET,Somerville,MA,,,,,,,,,,,,,,,,,,,,,,,,,,,,,0,0,0,,,,,0,,,,,,,,,,,,,,,,,,,,,,0,
6/8/2010,19:52,PEARL STREET & FRANKLIN STREET,Somerville,MA,,,,,,,,,,,,,,,,,,,,,,,,,,,,,0,0,0,,,,,0,,,,,,,,,,,,,,,,,,,,,,0,
6/7/2010,8:39,121 BEACON STREET,Somerville,MA,,,,,,,,,,,,,,,,,,,,,,,,,,,,,0,0,0,,,,,0,,,,,,,,,,,,,,,,,,,,,,0,
6/7/2010,22:16,69 TEMPLE STREET,Somerville,MA,,,,,,,,,,,,,,,,,,,,,,,,,,,,,0,0,0,,,,,1,,,,,,,,,,,,,,,,,,,,,,0,
6/7/2010,12:20,SOUTH STREET & WINSOR STREET,Somerville,MA,,,,,,,,,,,,,,,,,,,,,,,,,,,,,0,0,0,,,,,1,,,,,,,,,,,,,,,,,,,,,,0,
6/5/2010,17:44,PEARL STREET & MCGRATH HIGHWAY,Somerville,MA,,,,,,,,,,,,,,,,,,,,,,,,,,,,,0,0,0,,,,,1,,,,,,,,,,,,,,,,,,,,,,0,
6/4/2010,1:53,CENTRAL STREET & SUMMER STREET,Somerville,MA,,,,,,,,,,,,,,,,,,,,,,,,,,,,,0,0,0,,,,,0,,,,,,,,,,,,,,,,,,,,,,0,
6/4/2010,15:30,SOMERVILLE AVENUE & BEACON TERRACE,Somerville,MA,,,,,,,,,,,,,,,,,,,,,,,,,,,,,0,0,0,,,,,0,,,,,,,,,,,,,,,,,,,,,,0,
5/29/2010,16:15,SUMMER STREET & SCHOOL STREET,Somerville,MA,,,,,,,,,,,,,,,,,,,,,,,,,,,,,0,0,0,,,,,0,,,,,,,,,,,,,,,,,,,,,,0,
5/28/2010,19:43,118 HOLLAND STREET,Somerville,MA,,,,,,,,,,,,,,,,,,,,,,,,,,,,,0,0,0,,,,,0,,,,,,,,,,,,,,,,,,,,,,0,
5/28/2010,22:02,1051 BROADWAY,Somerville,MA,,,,,,,,,,,,,,,,,,,,,,,,,,,,,0,0,0,,,,,0,,,,,,,,,,,,,,,,,,,,,,0,
5/28/2010,19:05,BROADWAY & BOSTON STREET,Somerville,MA,,,,,,,,,,,,,,,,,,,,,,,,,,,,,0,0,0,,,,,1,,,,,,,,,,,,,,,,,,,,,,0,
5/27/2010,13:45,PEARL STREET & WIGGLESWORTH STREET,Somerville,MA,,,,,,,,,,,,,,,,,,,,,,,,,,,,,0,0,0,,,,,1,,,,,,,,,,,,,,,,,,,,,,0,
5/26/2010,8:30,214 SOMERVILLE AVENUE,Somerville,MA,,,,,,,,,,,,,,,,,,,,,,,,,,,,,1,0,0,,,,,1,,,,,,,,,,,,,,,,,,,,,,0,
5/26/2010,18:33,BEACON STREET & SACRAMENTO STREET,Somerville,MA,,,,,,,,,,,,,,,,,,,,,,,,,,,,,0,0,0,,,,,0,,,,,,,,,,,,,,,,,,,,,,0,
5/26/2010,13:51,BROADWAY & HOLLAND STREET,Somerville,MA,,,,,,,,,,,,,,,,,,,,,,,,,,,,,0,0,0,,,,,1,,,,,,,,,,,,,,,,,,,,,,0,
5/25/2010,15:51,BROADWAY & MEDFORD STREET,Somerville,MA,,,,,,,,,,,,,,,,,,,,,,,,,,,,,0,0,0,,,,,0,,,,,,,,,,,,,,,,,,,,,,0,
5/24/2010,13:58,PEARL STREET & JASPER STREET,Somerville,MA,,,,,,,,,,,,,,,,,,,,,,,,,,,,,0,0,0,,,,,0,,,,,,,,,,,,,,,,,,,,,,0,
5/24/2010,17:31,BROADWAY & MARSHALL STREET,Somerville,MA,,,,,,,,,,,,,,,,,,,,,,,,,,,,,0,0,0,,,,,0,,,,,,,,,,,,,,,,,,,,,,0,
5/23/2010,19:05,14 MCGRATH HIGHWAY,Somerville,MA,,,,,,,,,,,,,,,,,,,,,,,,,,,,,1,0,0,,,,,0,,,,,,,,,,,,,,,,,,,,,,0,
5/22/2010,10:28,COLLEGE AVENUE & WILLIAM STREET,Somerville,MA,,,,,,,,,,,,,,,,,,,,,,,,,,,,,0,0,0,,,,,0,,,,,,,,,,,,,,,,,,,,,,0,
5/22/2010,13:44,MEDFORD STREET,Somerville,MA,,,,,,,,,,,,,,,,,,,,,,,,,,,,,0,0,0,,,,,0,,,,,,,,,,,,,,,,,,,,,,0,
5/22/2010,13:19,95 TEN HILLS ROAD,Somerville,MA,,,,,,,,,,,,,,,,,,,,,,,,,,,,,0,0,0,,,,,0,,,,,,,,,,,,,,,,,,,,,,0,
5/22/2010,11:51,181 SOMERVILLE AVENUE,Somerville,MA,,,,,,,,,,,,,,,,,,,,,,,,,,,,,0,0,0,,,,,0,,,,,,,,,,,,,,,,,,,,,,0,
5/22/2010,1:00,209 COLLEGE AVENUE,Somerville,MA,,,,,,,,,,,,,,,,,,,,,,,,,,,,,0,0,0,,,,,0,,,,,,,,,,,,,,,,,,,,,,0,
5/21/2010,22:15,BROADWAY & KENSINGTON AVENUE,Somerville,MA,,,,,,,,,,,,,,,,,,,,,,,,,,,,,0,0,0,,,,,1,,,,,,,,,,,,,,,,,,,,,,0,
5/21/2010,14:46,MEDFORD STREET & PEARL STREET,Somerville,MA,,,,,,,,,,,,,,,,,,,,,,,,,,,,,1,0,0,,,,,1,,,,,,,,,,,,,,,,,,,,,,0,
5/21/2010,22:15,BROADWAY & KENSINGTON AVENUE,Somerville,MA,,,,,,,,,,,,,,,,,,,,,,,,,,,,,0,0,0,,,,,0,,,,,,,,,,,,,,,,,,,,,,0,
5/21/2010,16:29,BROADWAY & BROADWAY PLACE,Somerville,MA,,,,,,,,,,,,,,,,,,,,,,,,,,,,,0,0,0,,,,,0,,,,,,,,,,,,,,,,,,,,,,0,
5/20/2010,13:17,184 PEARL STREET,Somerville,MA,,,,,,,,,,,,,,,,,,,,,,,,,,,,,0,0,0,,,,,0,,,,,,,,,,,,,,,,,,,,,,0,
5/20/2010,17:51,BROADWAY & COLLEGE AVENUE & POWDER HOUSE BOULEVARD,Somerville,MA,,,,,,,,,,,,,,,,,,,,,,,,,,,,,0,0,0,,,,,0,,,,,,,,,,,,,,,,,,,,,,0,
5/20/2010,9:21,SUMMER STREET & CEDAR STREET,Somerville,MA,,,,,,,,,,,,,,,,,,,,,,,,,,,,,0,0,0,,,,,0,,,,,,,,,,,,,,,,,,,,,,0,
5/19/2010,19:12,TEMPLE ROAD & GOVERNOR WINTHROP ROAD,Somerville,MA,,,,,,,,,,,,,,,,,,,,,,,,,,,,,0,0,0,,,,,0,,,,,,,,,,,,,,,,,,,,,,0,
5/19/2010,12:11,SCHOOL STREET & BRADFORD AVENUE,Somerville,MA,,,,,,,,,,,,,,,,,,,,,,,,,,,,,0,1,0,,,,,1,,,,,,,,,,,,,,,,,,,,,,0,
5/19/2010,20:10,PROSPECT STREET,Somerville,MA,,,,,,,,,,,,,,,,,,,,,,,,,,,,,0,0,0,,,,,1,,,,,,,,,,,,,,,,,,,,,,0,
5/19/2010,17:15,HOLLAND STREET & DOVER STREET,Somerville,MA,,,,,,,,,,,,,,,,,,,,,,,,,,,,,0,0,0,,,,,0,,,,,,,,,,,,,,,,,,,,,,0,
5/17/2010,17:01,ELM STREET & WHITE STREET,Somerville,MA,,,,,,,,,,,,,,,,,,,,,,,,,,,,,0,0,0,,,,,0,,,,,,,,,,,,,,,,,,,,,,0,
5/17/2010,2:40,WASHINGTON STREET,Somerville,MA,,,,,,,,,,,,,,,,,,,,,,,,,,,,,0,0,0,,,,,0,,,,,,,,,,,,,,,,,,,,,,0,
5/16/2010,1:02,CENTRAL STREET & MONMOUTH STREET,Somerville,MA,,,,,,,,,,,,,,,,,,,,,,,,,,,,,0,0,0,,,,,0,,,,,,,,,,,,,,,,,,,,,,0,
5/16/2010,17:04,24 MORELAND STREET,Somerville,MA,,,,,,,,,,,,,,,,,,,,,,,,,,,,,0,0,0,,,,,0,,,,,,,,,,,,,,,,,,,,,,0,
5/16/2010,2:00,WALNUT STREET & MEDFORD STREET,Somerville,MA,,,,,,,,,,,,,,,,,,,,,,,,,,,,,0,0,0,,,,,0,,,,,,,,,,,,,,,,,,,,,,0,
5/15/2010,11:25,80 POWDER HOUSE BOULEVARD & MASON STREET & POWDER HOUSE BOULEVARD,Somerville,MA,,,,,,,,,,,,,,,,,,,,,,,,,,,,,0,0,0,,,,,0,,,,,,,,,,,,,,,,,,,,,,0,
5/15/2010,12:00,206 POWDER HOUSE BOULEVARD,Somerville,MA,,,,,,,,,,,,,,,,,,,,,,,,,,,,,0,0,0,,,,,0,,,,,,,,,,,,,,,,,,,,,,0,
5/15/2010,9:57,151 SUMMER STREET,Somerville,MA,,,,,,,,,,,,,,,,,,,,,,,,,,,,,0,0,0,,,,,0,,,,,,,,,,,,,,,,,,,,,,0,
5/14/2010,16:17,MCGRATH HIGHWAY & WASHINGTON STREET,Somerville,MA,,,,,,,,,,,,,,,,,,,,,,,,,,,,,0,0,0,,,,,0,,,,,,,,,,,,,,,,,,,,,,0,
5/14/2010,23:42,GARFIELD AVENUE & BROADWAY,Somerville,MA,,,,,,,,,,,,,,,,,,,,,,,,,,,,,0,0,0,,,,,0,,,,,,,,,,,,,,,,,,,,,,0,
5/13/2010,18:11,PAULINA STREET & BROADWAY,Somerville,MA,,,,,,,,,,,,,,,,,,,,,,,,,,,,,1,0,0,,,,,1,,,,,,,,,,,,,,,,,,,,,,0,
5/13/2010,10:24,238 WASHINGTON STREET,Somerville,MA,,,,,,,,,,,,,,,,,,,,,,,,,,,,,0,0,0,,,,,0,,,,,,,,,,,,,,,,,,,,,,0,
5/12/2010,20:40,POWDER HOUSE BOULEVARD & PACKARD AVENUE,Somerville,MA,,,,,,,,,,,,,,,,,,,,,,,,,,,,,0,0,0,,,,,0,,,,,,,,,,,,,,,,,,,,,,0,
5/12/2010,12:25,BEECH STREET & CYPRESS STREET,Somerville,MA,,,,,,,,,,,,,,,,,,,,,,,,,,,,,0,1,0,,,,,1,,,,,,,,,,,,,,,,,,,,,,0,
5/12/2010,2:33,81 SUMMER STREET,Somerville,MA,,,,,,,,,,,,,,,,,,,,,,,,,,,,,0,0,0,,,,,0,,,,,,,,,,,,,,,,,,,,,,0,
5/11/2010,8:00,BROADWAY & NORTH STREET,Somerville,MA,,,,,,,,,,,,,,,,,,,,,,,,,,,,,1,0,0,,,,,1,,,,,,,,,,,,,,,,,,,,,,0,
5/10/2010,18:39,BROADWAY & FRANKLIN STREET,Somerville,MA,,,,,,,,,,,,,,,,,,,,,,,,,,,,,0,0,0,,,,,0,,,,,,,,,,,,,,,,,,,,,,0,
5/9/2010,0:00,251 HIGHLAND AVENUE,Somerville,MA,,,,,,,,,,,,,,,,,,,,,,,,,,,,,0,0,0,,,,,0,,,,,,,,,,,,,,,,,,,,,,0,
5/9/2010,16:30,84 WASHINGTON STREET,Somerville,MA,,,,,,,,,,,,,,,,,,,,,,,,,,,,,0,0,0,,,,,0,,,,,,,,,,,,,,,,,,,,,,0,
5/8/2010,15:00,PEARL STREET & MEDFORD STREET,Somerville,MA,,,,,,,,,,,,,,,,,,,,,,,,,,,,,0,0,0,,,,,0,,,,,,,,,,,,,,,,,,,,,,0,
5/7/2010,17:50,POWDER HOUSE BOULEVARD & PACKARD AVENUE,Somerville,MA,,,,,,,,,,,,,,,,,,,,,,,,,,,,,1,0,0,,,,,0,,,,,,,,,,,,,,,,,,,,,,0,
5/7/2010,15:14,55 DOVER STREET,Somerville,MA,,,,,,,,,,,,,,,,,,,,,,,,,,,,,0,0,0,,,,,0,,,,,,,,,,,,,,,,,,,,,,0,
5/4/2010,13:42,440 SOMERVILLE AVENUE,Somerville,MA,,,,,,,,,,,,,,,,,,,,,,,,,,,,,0,0,0,,,,,0,,,,,,,,,,,,,,,,,,,,,,0,
5/4/2010,18:38,BROADWAY & BOSTON AVENUE,Somerville,MA,,,,,,,,,,,,,,,,,,,,,,,,,,,,,0,0,0,,,,,0,,,,,,,,,,,,,,,,,,,,,,0,
5/4/2010,17:45,56 UNION SQUARE,Somerville,MA,,,,,,,,,,,,,,,,,,,,,,,,,,,,,0,0,0,,,,,1,,,,,,,,,,,,,,,,,,,,,,0,
5/4/2010,10:15,86 JOY STREET,Somerville,MA,,,,,,,,,,,,,,,,,,,,,,,,,,,,,0,0,0,,,,,0,,,,,,,,,,,,,,,,,,,,,,0,
5/3/2010,7:50,MEDFORD STREET & WALNUT STREET,Somerville,MA,,,,,,,,,,,,,,,,,,,,,,,,,,,,,0,0,0,,,,,0,,,,,,,,,,,,,,,,,,,,,,0,
5/3/2010,8:26,WASHINGTON STREET & BEACON STREET,Somerville,MA,,,,,,,,,,,,,,,,,,,,,,,,,,,,,1,0,0,,,,,1,,,,,,,,,,,,,,,,,,,,,,0,
4/30/2010,10:10,SOMERVILLE AVENUE & MEDFORD STREET,Somerville,MA,,,,,,,,,,,,,,,,,,,,,,,,,,,,,0,0,0,,,,,0,,,,,,,,,,,,,,,,,,,,,,0,
4/29/2010,14:45,HAMLET STREET & HIGHLAND AVENUE,Somerville,MA,,,,,,,,,,,,,,,,,,,,,,,,,,,,,0,0,0,,,,,0,,,,,,,,,,,,,,,,,,,,,,0,
4/29/2010,11:59,114 BEACON STREET,Somerville,MA,,,,,,,,,,,,,,,,,,,,,,,,,,,,,0,0,0,,,,,0,,,,,,,,,,,,,,,,,,,,,,0,
4/27/2010,7:30,146 POWDER HOUSE BOULEVARD,Somerville,MA,,,,,,,,,,,,,,,,,,,,,,,,,,,,,0,0,0,,,,,0,,,,,,,,,,,,,,,,,,,,,,0,
4/27/2010,18:48,301 MEDFORD STREET,Somerville,MA,,,,,,,,,,,,,,,,,,,,,,,,,,,,,1,0,0,,,,,1,,,,,,,,,,,,,,,,,,,,,,0,
4/25/2010,19:25,41 WISCONSIN AVENUE,Somerville,MA,,,,,,,,,,,,,,,,,,,,,,,,,,,,,0,0,0,,,,,0,,,,,,,,,,,,,,,,,,,,,,0,
4/24/2010,16:15,167 BROADWAY,Somerville,MA,,,,,,,,,,,,,,,,,,,,,,,,,,,,,1,0,0,,,,,1,,,,,,,,,,,,,,,,,,,,,,0,
4/24/2010,9:31,WASHINGTON STREET & MCGRATH HIGHWAY,Somerville,MA,,,,,,,,,,,,,,,,,,,,,,,,,,,,,0,0,0,,,,,0,,,,,,,,,,,,,,,,,,,,,,0,
4/23/2010,15:42,FLORENCE STREET & WASHINGTON STREET,Somerville,MA,,,,,,,,,,,,,,,,,,,,,,,,,,,,,0,0,0,,,,,1,,,,,,,,,,,,,,,,,,,,,,0,
4/23/2010,11:23,25 BOW STREET,Somerville,MA,,,,,,,,,,,,,,,,,,,,,,,,,,,,,0,0,0,,,,,0,,,,,,,,,,,,,,,,,,,,,,0,
4/22/2010,20:56,HOLLAND STREET & BUENA VISTA ROAD & &,Somerville,MA,,,,,,,,,,,,,,,,,,,,,,,,,,,,,0,0,0,,,,,1,,,,,,,,,,,,,,,,,,,,,,0,
4/22/2010,10:00,RADCLIFFE ROAD & WALNUT STREET,Somerville,MA,,,,,,,,,,,,,,,,,,,,,,,,,,,,,0,0,0,,,,,0,,,,,,,,,,,,,,,,,,,,,,0,
4/19/2010,15:09,LAUREL STREET & SOMERVILLE AVENUE,Somerville,MA,,,,,,,,,,,,,,,,,,,,,,,,,,,,,0,0,0,,,,,0,,,,,,,,,,,,,,,,,,,,,,0,
4/18/2010,12:24,HEATH STREET & EDGAR AVENUE,Somerville,MA,,,,,,,,,,,,,,,,,,,,,,,,,,,,,0,0,0,,,,,0,,,,,,,,,,,,,,,,,,,,,,0,
4/18/2010,12:03,BEACON STREET & PARK STREET,Somerville,MA,,,,,,,,,,,,,,,,,,,,,,,,,,,,,0,0,0,,,,,0,,,,,,,,,,,,,,,,,,,,,,0,
4/16/2010,19:54,PROSPECT STREET & WEBSTER AVENUE,Somerville,MA,,,,,,,,,,,,,,,,,,,,,,,,,,,,,0,0,0,,,,,0,,,,,,,,,,,,,,,,,,,,,,0,
4/16/2010,18:15,POWDER HOUSE BOULEVARD & MASON STREET,Somerville,MA,,,,,,,,,,,,,,,,,,,,,,,,,,,,,0,1,0,,,,,1,,,,,,,,,,,,,,,,,,,,,,0,
4/16/2010,22:05,37 UNION SQUARE,Somerville,MA,,,,,,,,,,,,,,,,,,,,,,,,,,,,,0,0,0,,,,,0,,,,,,,,,,,,,,,,,,,,,,0,
4/15/2010,22:17,50 RIVER ROAD,Somerville,MA,,,,,,,,,,,,,,,,,,,,,,,,,,,,,0,0,0,,,,,0,,,,,,,,,,,,,,,,,,,,,,0,
4/14/2010,22:20,BONNER AVENUE & COLUMBUS AVENUE,Somerville,MA,,,,,,,,,,,,,,,,,,,,,,,,,,,,,0,0,0,,,,,0,,,,,,,,,,,,,,,,,,,,,,0,
4/13/2010,18:02,191 CEDAR STREET,Somerville,MA,,,,,,,,,,,,,,,,,,,,,,,,,,,,,0,0,0,,,,,0,,,,,,,,,,,,,,,,,,,,,,0,
4/13/2010,14:26,440 SOMERVILLE AVENUE,Somerville,MA,,,,,,,,,,,,,,,,,,,,,,,,,,,,,1,0,0,,,,,1,,,,,,,,,,,,,,,,,,,,,,0,
4/13/2010,23:11,785 BROADWAY,Somerville,MA,,,,,,,,,,,,,,,,,,,,,,,,,,,,,0,0,0,,,,,1,,,,,,,,,,,,,,,,,,,,,,0,
4/13/2010,15:36,233 CEDAR STREET,Somerville,MA,,,,,,,,,,,,,,,,,,,,,,,,,,,,,0,0,0,,,,,0,,,,,,,,,,,,,,,,,,,,,,0,
4/12/2010,16:15,ALEWIFE BROOK PARKWAY & BROADWAY,Somerville,MA,,,,,,,,,,,,,,,,,,,,,,,,,,,,,0,0,0,,,,,0,,,,,,,,,,,,,,,,,,,,,,0,
4/12/2010,23:34,MEACHAM ROAD,Somerville,MA,,,,,,,,,,,,,,,,,,,,,,,,,,,,,0,0,0,,,,,0,,,,,,,,,,,,,,,,,,,,,,0,
4/11/2010,15:11,45 MANSFIELD STREET,Somerville,MA,,,,,,,,,,,,,,,,,,,,,,,,,,,,,0,0,0,,,,,0,,,,,,,,,,,,,,,,,,,,,,0,
4/9/2010,16:11,519 BROADWAY,Somerville,MA,,,,,,,,,,,,,,,,,,,,,,,,,,,,,0,0,0,,,,,0,,,,,,,,,,,,,,,,,,,,,,0,
4/9/2010,19:47,HOLLAND STREET & JAY STREET,Somerville,MA,,,,,,,,,,,,,,,,,,,,,,,,,,,,,0,0,0,,,,,1,,,,,,,,,,,,,,,,,,,,,,0,
4/8/2010,18:06,SOMERVILLE AVENUE & CRAIGIE STREET,Somerville,MA,,,,,,,,,,,,,,,,,,,,,,,,,,,,,0,0,0,,,,,1,,,,,,,,,,,,,,,,,,,,,,0,
4/7/2010,15:22,268 POWDER HOUSE BOULEVARD,Somerville,MA,,,,,,,,,,,,,,,,,,,,,,,,,,,,,0,0,0,,,,,0,,,,,,,,,,,,,,,,,,,,,,0,
4/7/2010,20:22,WINDSOR ROAD & WILLOW AVENUE & HAWTHORNE STREET,Somerville,MA,,,,,,,,,,,,,,,,,,,,,,,,,,,,,1,0,0,,,,,1,,,,,,,,,,,,,,,,,,,,,,0,
4/7/2010,9:26,HIGHLAND AVENUE & WALNUT STREET,Somerville,MA,,,,,,,,,,,,,,,,,,,,,,,,,,,,,0,0,0,,,,,1,,,,,,,,,,,,,,,,,,,,,,0,